mouse_symbol	human_symbol	gene_id	transcript_id	tss	strand	cas	represented_systems	context	promoter_midpoint_accessible	promoter_any_peak_overlap	protospacers_total_passing	protospacers_fully_in_peak	protospacers_any_peak_overlap	targetable
Abca1	ABCA1	ENSG00000165029.11	ENST00000374736.3	107690517	-	Un1Cas12f1_TTTR	HEAL;SminiCRa	WTC11_rest	False	True	3	0	0	False
Abca1	ABCA1	ENSG00000165029.11	ENST00000374736.3	107690517	-	Un1Cas12f1_TTTR	HEAL;SminiCRa	WTC11_IFNb	True	True	3	1	2	True
Abca1	ABCA1	ENSG00000165029.11	ENST00000374736.3	107690517	-	Un1Cas12f1_TTTR	HEAL;SminiCRa	H1_rest	True	True	3	3	3	True
Abca1	ABCA1	ENSG00000165029.11	ENST00000374736.3	107690517	-	Un1Cas12f1_TTTR	HEAL;SminiCRa	H1_IFNb	True	True	3	3	3	True
Abca1	ABCA1	ENSG00000165029.11	ENST00000374736.3	107690517	-	SaCas9_NNGRRT	SaCas9_CRISPRa	WTC11_rest	False	True	4	1	2	True
Abca1	ABCA1	ENSG00000165029.11	ENST00000374736.3	107690517	-	SaCas9_NNGRRT	SaCas9_CRISPRa	WTC11_IFNb	True	True	4	3	3	True
Abca1	ABCA1	ENSG00000165029.11	ENST00000374736.3	107690517	-	SaCas9_NNGRRT	SaCas9_CRISPRa	H1_rest	True	True	4	4	4	True
Abca1	ABCA1	ENSG00000165029.11	ENST00000374736.3	107690517	-	SaCas9_NNGRRT	SaCas9_CRISPRa	H1_IFNb	True	True	4	4	4	True
Abca1	ABCA1	ENSG00000165029.11	ENST00000374736.3	107690517	-	SpCas9_NGG	SpCas9_CRISPRa	WTC11_rest	False	True	44	17	17	True
Abca1	ABCA1	ENSG00000165029.11	ENST00000374736.3	107690517	-	SpCas9_NGG	SpCas9_CRISPRa	WTC11_IFNb	True	True	44	32	33	True
Abca1	ABCA1	ENSG00000165029.11	ENST00000374736.3	107690517	-	SpCas9_NGG	SpCas9_CRISPRa	H1_rest	True	True	44	44	44	True
Abca1	ABCA1	ENSG00000165029.11	ENST00000374736.3	107690517	-	SpCas9_NGG	SpCas9_CRISPRa	H1_IFNb	True	True	44	44	44	True
Abca1	ABCA1	ENSG00000165029.11	ENST00000374736.3	107690517	-	CjCas9_NNNVRYM	MiniCAFE	WTC11_rest	False	True	24	6	9	True
Abca1	ABCA1	ENSG00000165029.11	ENST00000374736.3	107690517	-	CjCas9_NNNVRYM	MiniCAFE	WTC11_IFNb	True	True	24	20	22	True
Abca1	ABCA1	ENSG00000165029.11	ENST00000374736.3	107690517	-	CjCas9_NNNVRYM	MiniCAFE	H1_rest	True	True	24	24	24	True
Abca1	ABCA1	ENSG00000165029.11	ENST00000374736.3	107690517	-	CjCas9_NNNVRYM	MiniCAFE	H1_IFNb	True	True	24	24	24	True
Abca1	ABCA1	ENSG00000165029.11	ENST00000374736.3	107690517	-	Nme2Cas9_NNNNCC	proposed_dNme2Cas9_activator	WTC11_rest	False	True	39	8	16	True
Abca1	ABCA1	ENSG00000165029.11	ENST00000374736.3	107690517	-	Nme2Cas9_NNNNCC	proposed_dNme2Cas9_activator	WTC11_IFNb	True	True	39	36	38	True
Abca1	ABCA1	ENSG00000165029.11	ENST00000374736.3	107690517	-	Nme2Cas9_NNNNCC	proposed_dNme2Cas9_activator	H1_rest	True	True	39	39	39	True
Abca1	ABCA1	ENSG00000165029.11	ENST00000374736.3	107690517	-	Nme2Cas9_NNNNCC	proposed_dNme2Cas9_activator	H1_IFNb	True	True	39	39	39	True
Abcg1	ABCG1	ENSG00000160179.14	ENST00000398449.3	43639227	+	Un1Cas12f1_TTTR	HEAL;SminiCRa	WTC11_rest	False	False	0	0	0	False
Abcg1	ABCG1	ENSG00000160179.14	ENST00000398449.3	43639227	+	Un1Cas12f1_TTTR	HEAL;SminiCRa	WTC11_IFNb	False	False	0	0	0	False
Abcg1	ABCG1	ENSG00000160179.14	ENST00000398449.3	43639227	+	Un1Cas12f1_TTTR	HEAL;SminiCRa	H1_rest	False	False	0	0	0	False
Abcg1	ABCG1	ENSG00000160179.14	ENST00000398449.3	43639227	+	Un1Cas12f1_TTTR	HEAL;SminiCRa	H1_IFNb	False	True	0	0	0	False
Abcg1	ABCG1	ENSG00000160179.14	ENST00000398449.3	43639227	+	SaCas9_NNGRRT	SaCas9_CRISPRa	WTC11_rest	False	False	4	0	0	False
Abcg1	ABCG1	ENSG00000160179.14	ENST00000398449.3	43639227	+	SaCas9_NNGRRT	SaCas9_CRISPRa	WTC11_IFNb	False	False	4	0	0	False
Abcg1	ABCG1	ENSG00000160179.14	ENST00000398449.3	43639227	+	SaCas9_NNGRRT	SaCas9_CRISPRa	H1_rest	False	False	4	0	0	False
Abcg1	ABCG1	ENSG00000160179.14	ENST00000398449.3	43639227	+	SaCas9_NNGRRT	SaCas9_CRISPRa	H1_IFNb	False	True	4	0	1	False
Abcg1	ABCG1	ENSG00000160179.14	ENST00000398449.3	43639227	+	SpCas9_NGG	SpCas9_CRISPRa	WTC11_rest	False	False	40	0	0	False
Abcg1	ABCG1	ENSG00000160179.14	ENST00000398449.3	43639227	+	SpCas9_NGG	SpCas9_CRISPRa	WTC11_IFNb	False	False	40	0	0	False
Abcg1	ABCG1	ENSG00000160179.14	ENST00000398449.3	43639227	+	SpCas9_NGG	SpCas9_CRISPRa	H1_rest	False	False	40	0	0	False
Abcg1	ABCG1	ENSG00000160179.14	ENST00000398449.3	43639227	+	SpCas9_NGG	SpCas9_CRISPRa	H1_IFNb	False	True	40	5	13	True
Abcg1	ABCG1	ENSG00000160179.14	ENST00000398449.3	43639227	+	CjCas9_NNNVRYM	MiniCAFE	WTC11_rest	False	False	22	0	0	False
Abcg1	ABCG1	ENSG00000160179.14	ENST00000398449.3	43639227	+	CjCas9_NNNVRYM	MiniCAFE	WTC11_IFNb	False	False	22	0	0	False
Abcg1	ABCG1	ENSG00000160179.14	ENST00000398449.3	43639227	+	CjCas9_NNNVRYM	MiniCAFE	H1_rest	False	False	22	0	0	False
Abcg1	ABCG1	ENSG00000160179.14	ENST00000398449.3	43639227	+	CjCas9_NNNVRYM	MiniCAFE	H1_IFNb	False	True	22	4	10	True
Abcg1	ABCG1	ENSG00000160179.14	ENST00000398449.3	43639227	+	Nme2Cas9_NNNNCC	proposed_dNme2Cas9_activator	WTC11_rest	False	False	35	0	0	False
Abcg1	ABCG1	ENSG00000160179.14	ENST00000398449.3	43639227	+	Nme2Cas9_NNNNCC	proposed_dNme2Cas9_activator	WTC11_IFNb	False	False	35	0	0	False
Abcg1	ABCG1	ENSG00000160179.14	ENST00000398449.3	43639227	+	Nme2Cas9_NNNNCC	proposed_dNme2Cas9_activator	H1_rest	False	False	35	0	0	False
Abcg1	ABCG1	ENSG00000160179.14	ENST00000398449.3	43639227	+	Nme2Cas9_NNNNCC	proposed_dNme2Cas9_activator	H1_IFNb	False	True	35	6	15	True
Apoe	APOE	ENSG00000130203.5	ENST00000252486.4	45409010	+	Un1Cas12f1_TTTR	HEAL;SminiCRa	WTC11_rest	True	True	0	0	0	False
Apoe	APOE	ENSG00000130203.5	ENST00000252486.4	45409010	+	Un1Cas12f1_TTTR	HEAL;SminiCRa	WTC11_IFNb	True	True	0	0	0	False
Apoe	APOE	ENSG00000130203.5	ENST00000252486.4	45409010	+	Un1Cas12f1_TTTR	HEAL;SminiCRa	H1_rest	True	True	0	0	0	False
Apoe	APOE	ENSG00000130203.5	ENST00000252486.4	45409010	+	Un1Cas12f1_TTTR	HEAL;SminiCRa	H1_IFNb	True	True	0	0	0	False
Apoe	APOE	ENSG00000130203.5	ENST00000252486.4	45409010	+	SaCas9_NNGRRT	SaCas9_CRISPRa	WTC11_rest	True	True	6	1	2	True
Apoe	APOE	ENSG00000130203.5	ENST00000252486.4	45409010	+	SaCas9_NNGRRT	SaCas9_CRISPRa	WTC11_IFNb	True	True	6	6	6	True
Apoe	APOE	ENSG00000130203.5	ENST00000252486.4	45409010	+	SaCas9_NNGRRT	SaCas9_CRISPRa	H1_rest	True	True	6	6	6	True
Apoe	APOE	ENSG00000130203.5	ENST00000252486.4	45409010	+	SaCas9_NNGRRT	SaCas9_CRISPRa	H1_IFNb	True	True	6	6	6	True
Apoe	APOE	ENSG00000130203.5	ENST00000252486.4	45409010	+	SpCas9_NGG	SpCas9_CRISPRa	WTC11_rest	True	True	66	31	36	True
Apoe	APOE	ENSG00000130203.5	ENST00000252486.4	45409010	+	SpCas9_NGG	SpCas9_CRISPRa	WTC11_IFNb	True	True	66	59	66	True
Apoe	APOE	ENSG00000130203.5	ENST00000252486.4	45409010	+	SpCas9_NGG	SpCas9_CRISPRa	H1_rest	True	True	66	66	66	True
Apoe	APOE	ENSG00000130203.5	ENST00000252486.4	45409010	+	SpCas9_NGG	SpCas9_CRISPRa	H1_IFNb	True	True	66	66	66	True
Apoe	APOE	ENSG00000130203.5	ENST00000252486.4	45409010	+	CjCas9_NNNVRYM	MiniCAFE	WTC11_rest	True	True	34	18	22	True
Apoe	APOE	ENSG00000130203.5	ENST00000252486.4	45409010	+	CjCas9_NNNVRYM	MiniCAFE	WTC11_IFNb	True	True	34	31	33	True
Apoe	APOE	ENSG00000130203.5	ENST00000252486.4	45409010	+	CjCas9_NNNVRYM	MiniCAFE	H1_rest	True	True	34	34	34	True
Apoe	APOE	ENSG00000130203.5	ENST00000252486.4	45409010	+	CjCas9_NNNVRYM	MiniCAFE	H1_IFNb	True	True	34	33	34	True
Apoe	APOE	ENSG00000130203.5	ENST00000252486.4	45409010	+	Nme2Cas9_NNNNCC	proposed_dNme2Cas9_activator	WTC11_rest	True	True	56	35	41	True
Apoe	APOE	ENSG00000130203.5	ENST00000252486.4	45409010	+	Nme2Cas9_NNNNCC	proposed_dNme2Cas9_activator	WTC11_IFNb	True	True	56	50	54	True
Apoe	APOE	ENSG00000130203.5	ENST00000252486.4	45409010	+	Nme2Cas9_NNNNCC	proposed_dNme2Cas9_activator	H1_rest	True	True	56	56	56	True
Apoe	APOE	ENSG00000130203.5	ENST00000252486.4	45409010	+	Nme2Cas9_NNNNCC	proposed_dNme2Cas9_activator	H1_IFNb	True	True	56	54	56	True
Arg1	ARG1	ENSG00000118520.9	ENST00000368087.3	131894283	+	Un1Cas12f1_TTTR	HEAL;SminiCRa	WTC11_rest	False	False	4	0	0	False
Arg1	ARG1	ENSG00000118520.9	ENST00000368087.3	131894283	+	Un1Cas12f1_TTTR	HEAL;SminiCRa	WTC11_IFNb	False	False	4	0	0	False
Arg1	ARG1	ENSG00000118520.9	ENST00000368087.3	131894283	+	Un1Cas12f1_TTTR	HEAL;SminiCRa	H1_rest	False	False	4	0	0	False
Arg1	ARG1	ENSG00000118520.9	ENST00000368087.3	131894283	+	Un1Cas12f1_TTTR	HEAL;SminiCRa	H1_IFNb	False	False	4	0	0	False
Arg1	ARG1	ENSG00000118520.9	ENST00000368087.3	131894283	+	SaCas9_NNGRRT	SaCas9_CRISPRa	WTC11_rest	False	False	9	0	0	False
Arg1	ARG1	ENSG00000118520.9	ENST00000368087.3	131894283	+	SaCas9_NNGRRT	SaCas9_CRISPRa	WTC11_IFNb	False	False	9	0	0	False
Arg1	ARG1	ENSG00000118520.9	ENST00000368087.3	131894283	+	SaCas9_NNGRRT	SaCas9_CRISPRa	H1_rest	False	False	9	0	0	False
Arg1	ARG1	ENSG00000118520.9	ENST00000368087.3	131894283	+	SaCas9_NNGRRT	SaCas9_CRISPRa	H1_IFNb	False	False	9	0	0	False
Arg1	ARG1	ENSG00000118520.9	ENST00000368087.3	131894283	+	SpCas9_NGG	SpCas9_CRISPRa	WTC11_rest	False	False	32	0	0	False
Arg1	ARG1	ENSG00000118520.9	ENST00000368087.3	131894283	+	SpCas9_NGG	SpCas9_CRISPRa	WTC11_IFNb	False	False	32	0	0	False
Arg1	ARG1	ENSG00000118520.9	ENST00000368087.3	131894283	+	SpCas9_NGG	SpCas9_CRISPRa	H1_rest	False	False	32	0	0	False
Arg1	ARG1	ENSG00000118520.9	ENST00000368087.3	131894283	+	SpCas9_NGG	SpCas9_CRISPRa	H1_IFNb	False	False	32	0	0	False
Arg1	ARG1	ENSG00000118520.9	ENST00000368087.3	131894283	+	CjCas9_NNNVRYM	MiniCAFE	WTC11_rest	False	False	48	0	0	False
Arg1	ARG1	ENSG00000118520.9	ENST00000368087.3	131894283	+	CjCas9_NNNVRYM	MiniCAFE	WTC11_IFNb	False	False	48	0	0	False
Arg1	ARG1	ENSG00000118520.9	ENST00000368087.3	131894283	+	CjCas9_NNNVRYM	MiniCAFE	H1_rest	False	False	48	0	0	False
Arg1	ARG1	ENSG00000118520.9	ENST00000368087.3	131894283	+	CjCas9_NNNVRYM	MiniCAFE	H1_IFNb	False	False	48	0	0	False
Arg1	ARG1	ENSG00000118520.9	ENST00000368087.3	131894283	+	Nme2Cas9_NNNNCC	proposed_dNme2Cas9_activator	WTC11_rest	False	False	30	0	0	False
Arg1	ARG1	ENSG00000118520.9	ENST00000368087.3	131894283	+	Nme2Cas9_NNNNCC	proposed_dNme2Cas9_activator	WTC11_IFNb	False	False	30	0	0	False
Arg1	ARG1	ENSG00000118520.9	ENST00000368087.3	131894283	+	Nme2Cas9_NNNNCC	proposed_dNme2Cas9_activator	H1_rest	False	False	30	0	0	False
Arg1	ARG1	ENSG00000118520.9	ENST00000368087.3	131894283	+	Nme2Cas9_NNNNCC	proposed_dNme2Cas9_activator	H1_IFNb	False	False	30	0	0	False
Atg5	ATG5	ENSG00000057663.8	ENST00000369076.3	106773665	-	Un1Cas12f1_TTTR	HEAL;SminiCRa	WTC11_rest	True	True	6	5	6	True
Atg5	ATG5	ENSG00000057663.8	ENST00000369076.3	106773665	-	Un1Cas12f1_TTTR	HEAL;SminiCRa	WTC11_IFNb	True	True	6	2	3	True
Atg5	ATG5	ENSG00000057663.8	ENST00000369076.3	106773665	-	Un1Cas12f1_TTTR	HEAL;SminiCRa	H1_rest	True	True	6	4	4	True
Atg5	ATG5	ENSG00000057663.8	ENST00000369076.3	106773665	-	Un1Cas12f1_TTTR	HEAL;SminiCRa	H1_IFNb	True	True	6	5	6	True
Atg5	ATG5	ENSG00000057663.8	ENST00000369076.3	106773665	-	SaCas9_NNGRRT	SaCas9_CRISPRa	WTC11_rest	True	True	6	6	6	True
Atg5	ATG5	ENSG00000057663.8	ENST00000369076.3	106773665	-	SaCas9_NNGRRT	SaCas9_CRISPRa	WTC11_IFNb	True	True	6	5	5	True
Atg5	ATG5	ENSG00000057663.8	ENST00000369076.3	106773665	-	SaCas9_NNGRRT	SaCas9_CRISPRa	H1_rest	True	True	6	5	5	True
Atg5	ATG5	ENSG00000057663.8	ENST00000369076.3	106773665	-	SaCas9_NNGRRT	SaCas9_CRISPRa	H1_IFNb	True	True	6	6	6	True
Atg5	ATG5	ENSG00000057663.8	ENST00000369076.3	106773665	-	SpCas9_NGG	SpCas9_CRISPRa	WTC11_rest	True	True	35	34	34	True
Atg5	ATG5	ENSG00000057663.8	ENST00000369076.3	106773665	-	SpCas9_NGG	SpCas9_CRISPRa	WTC11_IFNb	True	True	35	27	27	True
Atg5	ATG5	ENSG00000057663.8	ENST00000369076.3	106773665	-	SpCas9_NGG	SpCas9_CRISPRa	H1_rest	True	True	35	27	30	True
Atg5	ATG5	ENSG00000057663.8	ENST00000369076.3	106773665	-	SpCas9_NGG	SpCas9_CRISPRa	H1_IFNb	True	True	35	34	34	True
Atg5	ATG5	ENSG00000057663.8	ENST00000369076.3	106773665	-	CjCas9_NNNVRYM	MiniCAFE	WTC11_rest	True	True	46	40	44	True
Atg5	ATG5	ENSG00000057663.8	ENST00000369076.3	106773665	-	CjCas9_NNNVRYM	MiniCAFE	WTC11_IFNb	True	True	46	22	25	True
Atg5	ATG5	ENSG00000057663.8	ENST00000369076.3	106773665	-	CjCas9_NNNVRYM	MiniCAFE	H1_rest	True	True	46	25	31	True
Atg5	ATG5	ENSG00000057663.8	ENST00000369076.3	106773665	-	CjCas9_NNNVRYM	MiniCAFE	H1_IFNb	True	True	46	40	44	True
Atg5	ATG5	ENSG00000057663.8	ENST00000369076.3	106773665	-	Nme2Cas9_NNNNCC	proposed_dNme2Cas9_activator	WTC11_rest	True	True	21	20	20	True
Atg5	ATG5	ENSG00000057663.8	ENST00000369076.3	106773665	-	Nme2Cas9_NNNNCC	proposed_dNme2Cas9_activator	WTC11_IFNb	True	True	21	13	17	True
Atg5	ATG5	ENSG00000057663.8	ENST00000369076.3	106773665	-	Nme2Cas9_NNNNCC	proposed_dNme2Cas9_activator	H1_rest	True	True	21	17	20	True
Atg5	ATG5	ENSG00000057663.8	ENST00000369076.3	106773665	-	Nme2Cas9_NNNNCC	proposed_dNme2Cas9_activator	H1_IFNb	True	True	21	20	20	True
Atg7	ATG7	ENSG00000197548.8	ENST00000354449.3	11314101	+	Un1Cas12f1_TTTR	HEAL;SminiCRa	WTC11_rest	True	True	3	1	2	True
Atg7	ATG7	ENSG00000197548.8	ENST00000354449.3	11314101	+	Un1Cas12f1_TTTR	HEAL;SminiCRa	WTC11_IFNb	True	True	3	1	1	True
Atg7	ATG7	ENSG00000197548.8	ENST00000354449.3	11314101	+	Un1Cas12f1_TTTR	HEAL;SminiCRa	H1_rest	True	True	3	1	2	True
Atg7	ATG7	ENSG00000197548.8	ENST00000354449.3	11314101	+	Un1Cas12f1_TTTR	HEAL;SminiCRa	H1_IFNb	True	True	3	1	2	True
Atg7	ATG7	ENSG00000197548.8	ENST00000354449.3	11314101	+	SaCas9_NNGRRT	SaCas9_CRISPRa	WTC11_rest	True	True	7	2	4	True
Atg7	ATG7	ENSG00000197548.8	ENST00000354449.3	11314101	+	SaCas9_NNGRRT	SaCas9_CRISPRa	WTC11_IFNb	True	True	7	2	4	True
Atg7	ATG7	ENSG00000197548.8	ENST00000354449.3	11314101	+	SaCas9_NNGRRT	SaCas9_CRISPRa	H1_rest	True	True	7	2	4	True
Atg7	ATG7	ENSG00000197548.8	ENST00000354449.3	11314101	+	SaCas9_NNGRRT	SaCas9_CRISPRa	H1_IFNb	True	True	7	2	4	True
Atg7	ATG7	ENSG00000197548.8	ENST00000354449.3	11314101	+	SpCas9_NGG	SpCas9_CRISPRa	WTC11_rest	True	True	50	30	34	True
Atg7	ATG7	ENSG00000197548.8	ENST00000354449.3	11314101	+	SpCas9_NGG	SpCas9_CRISPRa	WTC11_IFNb	True	True	50	30	34	True
Atg7	ATG7	ENSG00000197548.8	ENST00000354449.3	11314101	+	SpCas9_NGG	SpCas9_CRISPRa	H1_rest	True	True	50	32	34	True
Atg7	ATG7	ENSG00000197548.8	ENST00000354449.3	11314101	+	SpCas9_NGG	SpCas9_CRISPRa	H1_IFNb	True	True	50	32	34	True
Atg7	ATG7	ENSG00000197548.8	ENST00000354449.3	11314101	+	CjCas9_NNNVRYM	MiniCAFE	WTC11_rest	True	True	36	14	17	True
Atg7	ATG7	ENSG00000197548.8	ENST00000354449.3	11314101	+	CjCas9_NNNVRYM	MiniCAFE	WTC11_IFNb	True	True	36	14	16	True
Atg7	ATG7	ENSG00000197548.8	ENST00000354449.3	11314101	+	CjCas9_NNNVRYM	MiniCAFE	H1_rest	True	True	36	15	20	True
Atg7	ATG7	ENSG00000197548.8	ENST00000354449.3	11314101	+	CjCas9_NNNVRYM	MiniCAFE	H1_IFNb	True	True	36	15	20	True
Atg7	ATG7	ENSG00000197548.8	ENST00000354449.3	11314101	+	Nme2Cas9_NNNNCC	proposed_dNme2Cas9_activator	WTC11_rest	True	True	31	16	16	True
Atg7	ATG7	ENSG00000197548.8	ENST00000354449.3	11314101	+	Nme2Cas9_NNNNCC	proposed_dNme2Cas9_activator	WTC11_IFNb	True	True	31	16	16	True
Atg7	ATG7	ENSG00000197548.8	ENST00000354449.3	11314101	+	Nme2Cas9_NNNNCC	proposed_dNme2Cas9_activator	H1_rest	True	True	31	16	18	True
Atg7	ATG7	ENSG00000197548.8	ENST00000354449.3	11314101	+	Nme2Cas9_NNNNCC	proposed_dNme2Cas9_activator	H1_IFNb	True	True	31	16	18	True
Atp6v1h	ATP6V1H	ENSG00000047249.12	ENST00000359530.2	54755821	-	Un1Cas12f1_TTTR	HEAL;SminiCRa	WTC11_rest	True	True	6	2	4	True
Atp6v1h	ATP6V1H	ENSG00000047249.12	ENST00000359530.2	54755821	-	Un1Cas12f1_TTTR	HEAL;SminiCRa	WTC11_IFNb	True	True	6	2	5	True
Atp6v1h	ATP6V1H	ENSG00000047249.12	ENST00000359530.2	54755821	-	Un1Cas12f1_TTTR	HEAL;SminiCRa	H1_rest	True	True	6	2	5	True
Atp6v1h	ATP6V1H	ENSG00000047249.12	ENST00000359530.2	54755821	-	Un1Cas12f1_TTTR	HEAL;SminiCRa	H1_IFNb	True	True	6	2	5	True
Atp6v1h	ATP6V1H	ENSG00000047249.12	ENST00000359530.2	54755821	-	SaCas9_NNGRRT	SaCas9_CRISPRa	WTC11_rest	True	True	5	4	5	True
Atp6v1h	ATP6V1H	ENSG00000047249.12	ENST00000359530.2	54755821	-	SaCas9_NNGRRT	SaCas9_CRISPRa	WTC11_IFNb	True	True	5	4	5	True
Atp6v1h	ATP6V1H	ENSG00000047249.12	ENST00000359530.2	54755821	-	SaCas9_NNGRRT	SaCas9_CRISPRa	H1_rest	True	True	5	4	5	True
Atp6v1h	ATP6V1H	ENSG00000047249.12	ENST00000359530.2	54755821	-	SaCas9_NNGRRT	SaCas9_CRISPRa	H1_IFNb	True	True	5	4	5	True
Atp6v1h	ATP6V1H	ENSG00000047249.12	ENST00000359530.2	54755821	-	SpCas9_NGG	SpCas9_CRISPRa	WTC11_rest	True	True	32	31	31	True
Atp6v1h	ATP6V1H	ENSG00000047249.12	ENST00000359530.2	54755821	-	SpCas9_NGG	SpCas9_CRISPRa	WTC11_IFNb	True	True	32	31	31	True
Atp6v1h	ATP6V1H	ENSG00000047249.12	ENST00000359530.2	54755821	-	SpCas9_NGG	SpCas9_CRISPRa	H1_rest	True	True	32	31	31	True
Atp6v1h	ATP6V1H	ENSG00000047249.12	ENST00000359530.2	54755821	-	SpCas9_NGG	SpCas9_CRISPRa	H1_IFNb	True	True	32	31	31	True
Atp6v1h	ATP6V1H	ENSG00000047249.12	ENST00000359530.2	54755821	-	CjCas9_NNNVRYM	MiniCAFE	WTC11_rest	True	True	24	22	23	True
Atp6v1h	ATP6V1H	ENSG00000047249.12	ENST00000359530.2	54755821	-	CjCas9_NNNVRYM	MiniCAFE	WTC11_IFNb	True	True	24	23	23	True
Atp6v1h	ATP6V1H	ENSG00000047249.12	ENST00000359530.2	54755821	-	CjCas9_NNNVRYM	MiniCAFE	H1_rest	True	True	24	23	23	True
Atp6v1h	ATP6V1H	ENSG00000047249.12	ENST00000359530.2	54755821	-	CjCas9_NNNVRYM	MiniCAFE	H1_IFNb	True	True	24	23	23	True
Atp6v1h	ATP6V1H	ENSG00000047249.12	ENST00000359530.2	54755821	-	Nme2Cas9_NNNNCC	proposed_dNme2Cas9_activator	WTC11_rest	True	True	23	22	22	True
Atp6v1h	ATP6V1H	ENSG00000047249.12	ENST00000359530.2	54755821	-	Nme2Cas9_NNNNCC	proposed_dNme2Cas9_activator	WTC11_IFNb	True	True	23	22	23	True
Atp6v1h	ATP6V1H	ENSG00000047249.12	ENST00000359530.2	54755821	-	Nme2Cas9_NNNNCC	proposed_dNme2Cas9_activator	H1_rest	True	True	23	22	23	True
Atp6v1h	ATP6V1H	ENSG00000047249.12	ENST00000359530.2	54755821	-	Nme2Cas9_NNNNCC	proposed_dNme2Cas9_activator	H1_IFNb	True	True	23	22	23	True
Axl	AXL	ENSG00000167601.7	ENST00000301178.4	41725107	+	Un1Cas12f1_TTTR	HEAL;SminiCRa	WTC11_rest	False	False	2	0	0	False
Axl	AXL	ENSG00000167601.7	ENST00000301178.4	41725107	+	Un1Cas12f1_TTTR	HEAL;SminiCRa	WTC11_IFNb	False	False	2	0	0	False
Axl	AXL	ENSG00000167601.7	ENST00000301178.4	41725107	+	Un1Cas12f1_TTTR	HEAL;SminiCRa	H1_rest	False	False	2	0	0	False
Axl	AXL	ENSG00000167601.7	ENST00000301178.4	41725107	+	Un1Cas12f1_TTTR	HEAL;SminiCRa	H1_IFNb	True	True	2	2	2	True
Axl	AXL	ENSG00000167601.7	ENST00000301178.4	41725107	+	SaCas9_NNGRRT	SaCas9_CRISPRa	WTC11_rest	False	False	6	0	0	False
Axl	AXL	ENSG00000167601.7	ENST00000301178.4	41725107	+	SaCas9_NNGRRT	SaCas9_CRISPRa	WTC11_IFNb	False	False	6	0	0	False
Axl	AXL	ENSG00000167601.7	ENST00000301178.4	41725107	+	SaCas9_NNGRRT	SaCas9_CRISPRa	H1_rest	False	False	6	0	0	False
Axl	AXL	ENSG00000167601.7	ENST00000301178.4	41725107	+	SaCas9_NNGRRT	SaCas9_CRISPRa	H1_IFNb	True	True	6	6	6	True
Axl	AXL	ENSG00000167601.7	ENST00000301178.4	41725107	+	SpCas9_NGG	SpCas9_CRISPRa	WTC11_rest	False	False	51	0	0	False
Axl	AXL	ENSG00000167601.7	ENST00000301178.4	41725107	+	SpCas9_NGG	SpCas9_CRISPRa	WTC11_IFNb	False	False	51	0	0	False
Axl	AXL	ENSG00000167601.7	ENST00000301178.4	41725107	+	SpCas9_NGG	SpCas9_CRISPRa	H1_rest	False	False	51	0	0	False
Axl	AXL	ENSG00000167601.7	ENST00000301178.4	41725107	+	SpCas9_NGG	SpCas9_CRISPRa	H1_IFNb	True	True	51	51	51	True
Axl	AXL	ENSG00000167601.7	ENST00000301178.4	41725107	+	CjCas9_NNNVRYM	MiniCAFE	WTC11_rest	False	False	20	0	0	False
Axl	AXL	ENSG00000167601.7	ENST00000301178.4	41725107	+	CjCas9_NNNVRYM	MiniCAFE	WTC11_IFNb	False	False	20	0	0	False
Axl	AXL	ENSG00000167601.7	ENST00000301178.4	41725107	+	CjCas9_NNNVRYM	MiniCAFE	H1_rest	False	False	20	0	0	False
Axl	AXL	ENSG00000167601.7	ENST00000301178.4	41725107	+	CjCas9_NNNVRYM	MiniCAFE	H1_IFNb	True	True	20	20	20	True
Axl	AXL	ENSG00000167601.7	ENST00000301178.4	41725107	+	Nme2Cas9_NNNNCC	proposed_dNme2Cas9_activator	WTC11_rest	False	False	32	0	0	False
Axl	AXL	ENSG00000167601.7	ENST00000301178.4	41725107	+	Nme2Cas9_NNNNCC	proposed_dNme2Cas9_activator	WTC11_IFNb	False	False	32	0	0	False
Axl	AXL	ENSG00000167601.7	ENST00000301178.4	41725107	+	Nme2Cas9_NNNNCC	proposed_dNme2Cas9_activator	H1_rest	False	False	32	0	0	False
Axl	AXL	ENSG00000167601.7	ENST00000301178.4	41725107	+	Nme2Cas9_NNNNCC	proposed_dNme2Cas9_activator	H1_IFNb	True	True	32	32	32	True
Bdnf	BDNF	ENSG00000176697.14	ENST00000525950.1	27742325	-	Un1Cas12f1_TTTR	HEAL;SminiCRa	WTC11_rest	False	False	2	0	0	False
Bdnf	BDNF	ENSG00000176697.14	ENST00000525950.1	27742325	-	Un1Cas12f1_TTTR	HEAL;SminiCRa	WTC11_IFNb	False	False	2	0	0	False
Bdnf	BDNF	ENSG00000176697.14	ENST00000525950.1	27742325	-	Un1Cas12f1_TTTR	HEAL;SminiCRa	H1_rest	False	False	2	0	0	False
Bdnf	BDNF	ENSG00000176697.14	ENST00000525950.1	27742325	-	Un1Cas12f1_TTTR	HEAL;SminiCRa	H1_IFNb	False	False	2	0	0	False
Bdnf	BDNF	ENSG00000176697.14	ENST00000525950.1	27742325	-	SaCas9_NNGRRT	SaCas9_CRISPRa	WTC11_rest	False	False	9	0	0	False
Bdnf	BDNF	ENSG00000176697.14	ENST00000525950.1	27742325	-	SaCas9_NNGRRT	SaCas9_CRISPRa	WTC11_IFNb	False	False	9	0	0	False
Bdnf	BDNF	ENSG00000176697.14	ENST00000525950.1	27742325	-	SaCas9_NNGRRT	SaCas9_CRISPRa	H1_rest	False	False	9	0	0	False
Bdnf	BDNF	ENSG00000176697.14	ENST00000525950.1	27742325	-	SaCas9_NNGRRT	SaCas9_CRISPRa	H1_IFNb	False	False	9	0	0	False
Bdnf	BDNF	ENSG00000176697.14	ENST00000525950.1	27742325	-	SpCas9_NGG	SpCas9_CRISPRa	WTC11_rest	False	False	29	0	0	False
Bdnf	BDNF	ENSG00000176697.14	ENST00000525950.1	27742325	-	SpCas9_NGG	SpCas9_CRISPRa	WTC11_IFNb	False	False	29	0	0	False
Bdnf	BDNF	ENSG00000176697.14	ENST00000525950.1	27742325	-	SpCas9_NGG	SpCas9_CRISPRa	H1_rest	False	False	29	0	0	False
Bdnf	BDNF	ENSG00000176697.14	ENST00000525950.1	27742325	-	SpCas9_NGG	SpCas9_CRISPRa	H1_IFNb	False	False	29	0	0	False
Bdnf	BDNF	ENSG00000176697.14	ENST00000525950.1	27742325	-	CjCas9_NNNVRYM	MiniCAFE	WTC11_rest	False	False	33	0	0	False
Bdnf	BDNF	ENSG00000176697.14	ENST00000525950.1	27742325	-	CjCas9_NNNVRYM	MiniCAFE	WTC11_IFNb	False	False	33	0	0	False
Bdnf	BDNF	ENSG00000176697.14	ENST00000525950.1	27742325	-	CjCas9_NNNVRYM	MiniCAFE	H1_rest	False	False	33	0	0	False
Bdnf	BDNF	ENSG00000176697.14	ENST00000525950.1	27742325	-	CjCas9_NNNVRYM	MiniCAFE	H1_IFNb	False	False	33	0	0	False
Bdnf	BDNF	ENSG00000176697.14	ENST00000525950.1	27742325	-	Nme2Cas9_NNNNCC	proposed_dNme2Cas9_activator	WTC11_rest	False	False	24	0	0	False
Bdnf	BDNF	ENSG00000176697.14	ENST00000525950.1	27742325	-	Nme2Cas9_NNNNCC	proposed_dNme2Cas9_activator	WTC11_IFNb	False	False	24	0	0	False
Bdnf	BDNF	ENSG00000176697.14	ENST00000525950.1	27742325	-	Nme2Cas9_NNNNCC	proposed_dNme2Cas9_activator	H1_rest	False	False	24	0	0	False
Bdnf	BDNF	ENSG00000176697.14	ENST00000525950.1	27742325	-	Nme2Cas9_NNNNCC	proposed_dNme2Cas9_activator	H1_IFNb	False	False	24	0	0	False
Becn1	BECN1	ENSG00000126581.8	ENST00000361523.4	40976280	-	Un1Cas12f1_TTTR	HEAL;SminiCRa	WTC11_rest	True	True	1	1	1	True
Becn1	BECN1	ENSG00000126581.8	ENST00000361523.4	40976280	-	Un1Cas12f1_TTTR	HEAL;SminiCRa	WTC11_IFNb	True	True	1	1	1	True
Becn1	BECN1	ENSG00000126581.8	ENST00000361523.4	40976280	-	Un1Cas12f1_TTTR	HEAL;SminiCRa	H1_rest	True	True	1	1	1	True
Becn1	BECN1	ENSG00000126581.8	ENST00000361523.4	40976280	-	Un1Cas12f1_TTTR	HEAL;SminiCRa	H1_IFNb	True	True	1	1	1	True
Becn1	BECN1	ENSG00000126581.8	ENST00000361523.4	40976280	-	SaCas9_NNGRRT	SaCas9_CRISPRa	WTC11_rest	True	True	3	3	3	True
Becn1	BECN1	ENSG00000126581.8	ENST00000361523.4	40976280	-	SaCas9_NNGRRT	SaCas9_CRISPRa	WTC11_IFNb	True	True	3	3	3	True
Becn1	BECN1	ENSG00000126581.8	ENST00000361523.4	40976280	-	SaCas9_NNGRRT	SaCas9_CRISPRa	H1_rest	True	True	3	2	2	True
Becn1	BECN1	ENSG00000126581.8	ENST00000361523.4	40976280	-	SaCas9_NNGRRT	SaCas9_CRISPRa	H1_IFNb	True	True	3	2	2	True
Becn1	BECN1	ENSG00000126581.8	ENST00000361523.4	40976280	-	SpCas9_NGG	SpCas9_CRISPRa	WTC11_rest	True	True	44	43	43	True
Becn1	BECN1	ENSG00000126581.8	ENST00000361523.4	40976280	-	SpCas9_NGG	SpCas9_CRISPRa	WTC11_IFNb	True	True	44	43	43	True
Becn1	BECN1	ENSG00000126581.8	ENST00000361523.4	40976280	-	SpCas9_NGG	SpCas9_CRISPRa	H1_rest	True	True	44	35	39	True
Becn1	BECN1	ENSG00000126581.8	ENST00000361523.4	40976280	-	SpCas9_NGG	SpCas9_CRISPRa	H1_IFNb	True	True	44	32	38	True
Becn1	BECN1	ENSG00000126581.8	ENST00000361523.4	40976280	-	CjCas9_NNNVRYM	MiniCAFE	WTC11_rest	True	True	33	29	29	True
Becn1	BECN1	ENSG00000126581.8	ENST00000361523.4	40976280	-	CjCas9_NNNVRYM	MiniCAFE	WTC11_IFNb	True	True	33	29	29	True
Becn1	BECN1	ENSG00000126581.8	ENST00000361523.4	40976280	-	CjCas9_NNNVRYM	MiniCAFE	H1_rest	True	True	33	22	24	True
Becn1	BECN1	ENSG00000126581.8	ENST00000361523.4	40976280	-	CjCas9_NNNVRYM	MiniCAFE	H1_IFNb	True	True	33	22	23	True
Becn1	BECN1	ENSG00000126581.8	ENST00000361523.4	40976280	-	Nme2Cas9_NNNNCC	proposed_dNme2Cas9_activator	WTC11_rest	True	True	44	38	38	True
Becn1	BECN1	ENSG00000126581.8	ENST00000361523.4	40976280	-	Nme2Cas9_NNNNCC	proposed_dNme2Cas9_activator	WTC11_IFNb	True	True	44	38	38	True
Becn1	BECN1	ENSG00000126581.8	ENST00000361523.4	40976280	-	Nme2Cas9_NNNNCC	proposed_dNme2Cas9_activator	H1_rest	True	True	44	29	32	True
Becn1	BECN1	ENSG00000126581.8	ENST00000361523.4	40976280	-	Nme2Cas9_NNNNCC	proposed_dNme2Cas9_activator	H1_IFNb	True	True	44	28	31	True
Cd36	CD36	ENSG00000135218.13	ENST00000435819.1	79998890	+	Un1Cas12f1_TTTR	HEAL;SminiCRa	WTC11_rest	False	False	10	0	0	False
Cd36	CD36	ENSG00000135218.13	ENST00000435819.1	79998890	+	Un1Cas12f1_TTTR	HEAL;SminiCRa	WTC11_IFNb	False	False	10	0	0	False
Cd36	CD36	ENSG00000135218.13	ENST00000435819.1	79998890	+	Un1Cas12f1_TTTR	HEAL;SminiCRa	H1_rest	False	False	10	0	0	False
Cd36	CD36	ENSG00000135218.13	ENST00000435819.1	79998890	+	Un1Cas12f1_TTTR	HEAL;SminiCRa	H1_IFNb	False	False	10	0	0	False
Cd36	CD36	ENSG00000135218.13	ENST00000435819.1	79998890	+	SaCas9_NNGRRT	SaCas9_CRISPRa	WTC11_rest	False	False	6	0	0	False
Cd36	CD36	ENSG00000135218.13	ENST00000435819.1	79998890	+	SaCas9_NNGRRT	SaCas9_CRISPRa	WTC11_IFNb	False	False	6	0	0	False
Cd36	CD36	ENSG00000135218.13	ENST00000435819.1	79998890	+	SaCas9_NNGRRT	SaCas9_CRISPRa	H1_rest	False	False	6	0	0	False
Cd36	CD36	ENSG00000135218.13	ENST00000435819.1	79998890	+	SaCas9_NNGRRT	SaCas9_CRISPRa	H1_IFNb	False	False	6	0	0	False
Cd36	CD36	ENSG00000135218.13	ENST00000435819.1	79998890	+	SpCas9_NGG	SpCas9_CRISPRa	WTC11_rest	False	False	10	0	0	False
Cd36	CD36	ENSG00000135218.13	ENST00000435819.1	79998890	+	SpCas9_NGG	SpCas9_CRISPRa	WTC11_IFNb	False	False	10	0	0	False
Cd36	CD36	ENSG00000135218.13	ENST00000435819.1	79998890	+	SpCas9_NGG	SpCas9_CRISPRa	H1_rest	False	False	10	0	0	False
Cd36	CD36	ENSG00000135218.13	ENST00000435819.1	79998890	+	SpCas9_NGG	SpCas9_CRISPRa	H1_IFNb	False	False	10	0	0	False
Cd36	CD36	ENSG00000135218.13	ENST00000435819.1	79998890	+	CjCas9_NNNVRYM	MiniCAFE	WTC11_rest	False	False	18	0	0	False
Cd36	CD36	ENSG00000135218.13	ENST00000435819.1	79998890	+	CjCas9_NNNVRYM	MiniCAFE	WTC11_IFNb	False	False	18	0	0	False
Cd36	CD36	ENSG00000135218.13	ENST00000435819.1	79998890	+	CjCas9_NNNVRYM	MiniCAFE	H1_rest	False	False	18	0	0	False
Cd36	CD36	ENSG00000135218.13	ENST00000435819.1	79998890	+	CjCas9_NNNVRYM	MiniCAFE	H1_IFNb	False	False	18	0	0	False
Cd36	CD36	ENSG00000135218.13	ENST00000435819.1	79998890	+	Nme2Cas9_NNNNCC	proposed_dNme2Cas9_activator	WTC11_rest	False	False	5	0	0	False
Cd36	CD36	ENSG00000135218.13	ENST00000435819.1	79998890	+	Nme2Cas9_NNNNCC	proposed_dNme2Cas9_activator	WTC11_IFNb	False	False	5	0	0	False
Cd36	CD36	ENSG00000135218.13	ENST00000435819.1	79998890	+	Nme2Cas9_NNNNCC	proposed_dNme2Cas9_activator	H1_rest	False	False	5	0	0	False
Cd36	CD36	ENSG00000135218.13	ENST00000435819.1	79998890	+	Nme2Cas9_NNNNCC	proposed_dNme2Cas9_activator	H1_IFNb	False	False	5	0	0	False
Csf1	CSF1	ENSG00000184371.9	ENST00000329608.6	110453254	+	Un1Cas12f1_TTTR	HEAL;SminiCRa	WTC11_rest	False	True	1	1	1	True
Csf1	CSF1	ENSG00000184371.9	ENST00000329608.6	110453254	+	Un1Cas12f1_TTTR	HEAL;SminiCRa	WTC11_IFNb	False	True	1	0	1	False
Csf1	CSF1	ENSG00000184371.9	ENST00000329608.6	110453254	+	Un1Cas12f1_TTTR	HEAL;SminiCRa	H1_rest	False	True	1	0	1	False
Csf1	CSF1	ENSG00000184371.9	ENST00000329608.6	110453254	+	Un1Cas12f1_TTTR	HEAL;SminiCRa	H1_IFNb	False	True	1	1	1	True
Csf1	CSF1	ENSG00000184371.9	ENST00000329608.6	110453254	+	SaCas9_NNGRRT	SaCas9_CRISPRa	WTC11_rest	False	True	7	3	3	True
Csf1	CSF1	ENSG00000184371.9	ENST00000329608.6	110453254	+	SaCas9_NNGRRT	SaCas9_CRISPRa	WTC11_IFNb	False	True	7	2	3	True
Csf1	CSF1	ENSG00000184371.9	ENST00000329608.6	110453254	+	SaCas9_NNGRRT	SaCas9_CRISPRa	H1_rest	False	True	7	2	2	True
Csf1	CSF1	ENSG00000184371.9	ENST00000329608.6	110453254	+	SaCas9_NNGRRT	SaCas9_CRISPRa	H1_IFNb	False	True	7	2	3	True
Csf1	CSF1	ENSG00000184371.9	ENST00000329608.6	110453254	+	SpCas9_NGG	SpCas9_CRISPRa	WTC11_rest	False	True	59	22	27	True
Csf1	CSF1	ENSG00000184371.9	ENST00000329608.6	110453254	+	SpCas9_NGG	SpCas9_CRISPRa	WTC11_IFNb	False	True	59	14	22	True
Csf1	CSF1	ENSG00000184371.9	ENST00000329608.6	110453254	+	SpCas9_NGG	SpCas9_CRISPRa	H1_rest	False	True	59	14	18	True
Csf1	CSF1	ENSG00000184371.9	ENST00000329608.6	110453254	+	SpCas9_NGG	SpCas9_CRISPRa	H1_IFNb	False	True	59	17	23	True
Csf1	CSF1	ENSG00000184371.9	ENST00000329608.6	110453254	+	CjCas9_NNNVRYM	MiniCAFE	WTC11_rest	False	True	36	17	21	True
Csf1	CSF1	ENSG00000184371.9	ENST00000329608.6	110453254	+	CjCas9_NNNVRYM	MiniCAFE	WTC11_IFNb	False	True	36	12	17	True
Csf1	CSF1	ENSG00000184371.9	ENST00000329608.6	110453254	+	CjCas9_NNNVRYM	MiniCAFE	H1_rest	False	True	36	11	17	True
Csf1	CSF1	ENSG00000184371.9	ENST00000329608.6	110453254	+	CjCas9_NNNVRYM	MiniCAFE	H1_IFNb	False	True	36	14	19	True
Csf1	CSF1	ENSG00000184371.9	ENST00000329608.6	110453254	+	Nme2Cas9_NNNNCC	proposed_dNme2Cas9_activator	WTC11_rest	False	True	41	15	16	True
Csf1	CSF1	ENSG00000184371.9	ENST00000329608.6	110453254	+	Nme2Cas9_NNNNCC	proposed_dNme2Cas9_activator	WTC11_IFNb	False	True	41	10	15	True
Csf1	CSF1	ENSG00000184371.9	ENST00000329608.6	110453254	+	Nme2Cas9_NNNNCC	proposed_dNme2Cas9_activator	H1_rest	False	True	41	8	15	True
Csf1	CSF1	ENSG00000184371.9	ENST00000329608.6	110453254	+	Nme2Cas9_NNNNCC	proposed_dNme2Cas9_activator	H1_IFNb	False	True	41	13	15	True
Csf1r	CSF1R	ENSG00000182578.9	ENST00000286301.3	149492934	-	Un1Cas12f1_TTTR	HEAL;SminiCRa	WTC11_rest	False	False	3	0	0	False
Csf1r	CSF1R	ENSG00000182578.9	ENST00000286301.3	149492934	-	Un1Cas12f1_TTTR	HEAL;SminiCRa	WTC11_IFNb	False	False	3	0	0	False
Csf1r	CSF1R	ENSG00000182578.9	ENST00000286301.3	149492934	-	Un1Cas12f1_TTTR	HEAL;SminiCRa	H1_rest	False	True	3	2	2	True
Csf1r	CSF1R	ENSG00000182578.9	ENST00000286301.3	149492934	-	Un1Cas12f1_TTTR	HEAL;SminiCRa	H1_IFNb	True	True	3	2	2	True
Csf1r	CSF1R	ENSG00000182578.9	ENST00000286301.3	149492934	-	SaCas9_NNGRRT	SaCas9_CRISPRa	WTC11_rest	False	False	3	0	0	False
Csf1r	CSF1R	ENSG00000182578.9	ENST00000286301.3	149492934	-	SaCas9_NNGRRT	SaCas9_CRISPRa	WTC11_IFNb	False	False	3	0	0	False
Csf1r	CSF1R	ENSG00000182578.9	ENST00000286301.3	149492934	-	SaCas9_NNGRRT	SaCas9_CRISPRa	H1_rest	False	True	3	0	0	False
Csf1r	CSF1R	ENSG00000182578.9	ENST00000286301.3	149492934	-	SaCas9_NNGRRT	SaCas9_CRISPRa	H1_IFNb	True	True	3	0	0	False
Csf1r	CSF1R	ENSG00000182578.9	ENST00000286301.3	149492934	-	SpCas9_NGG	SpCas9_CRISPRa	WTC11_rest	False	False	55	0	0	False
Csf1r	CSF1R	ENSG00000182578.9	ENST00000286301.3	149492934	-	SpCas9_NGG	SpCas9_CRISPRa	WTC11_IFNb	False	False	55	0	0	False
Csf1r	CSF1R	ENSG00000182578.9	ENST00000286301.3	149492934	-	SpCas9_NGG	SpCas9_CRISPRa	H1_rest	False	True	55	19	30	True
Csf1r	CSF1R	ENSG00000182578.9	ENST00000286301.3	149492934	-	SpCas9_NGG	SpCas9_CRISPRa	H1_IFNb	True	True	55	26	31	True
Csf1r	CSF1R	ENSG00000182578.9	ENST00000286301.3	149492934	-	CjCas9_NNNVRYM	MiniCAFE	WTC11_rest	False	False	38	0	0	False
Csf1r	CSF1R	ENSG00000182578.9	ENST00000286301.3	149492934	-	CjCas9_NNNVRYM	MiniCAFE	WTC11_IFNb	False	False	38	0	0	False
Csf1r	CSF1R	ENSG00000182578.9	ENST00000286301.3	149492934	-	CjCas9_NNNVRYM	MiniCAFE	H1_rest	False	True	38	18	21	True
Csf1r	CSF1R	ENSG00000182578.9	ENST00000286301.3	149492934	-	CjCas9_NNNVRYM	MiniCAFE	H1_IFNb	True	True	38	18	24	True
Csf1r	CSF1R	ENSG00000182578.9	ENST00000286301.3	149492934	-	Nme2Cas9_NNNNCC	proposed_dNme2Cas9_activator	WTC11_rest	False	False	43	0	0	False
Csf1r	CSF1R	ENSG00000182578.9	ENST00000286301.3	149492934	-	Nme2Cas9_NNNNCC	proposed_dNme2Cas9_activator	WTC11_IFNb	False	False	43	0	0	False
Csf1r	CSF1R	ENSG00000182578.9	ENST00000286301.3	149492934	-	Nme2Cas9_NNNNCC	proposed_dNme2Cas9_activator	H1_rest	False	True	43	18	19	True
Csf1r	CSF1R	ENSG00000182578.9	ENST00000286301.3	149492934	-	Nme2Cas9_NNNNCC	proposed_dNme2Cas9_activator	H1_IFNb	True	True	43	18	22	True
Ctsb	CTSB	ENSG00000164733.16	ENST00000353047.6	11725737	-	Un1Cas12f1_TTTR	HEAL;SminiCRa	WTC11_rest	False	True	0	0	0	False
Ctsb	CTSB	ENSG00000164733.16	ENST00000353047.6	11725737	-	Un1Cas12f1_TTTR	HEAL;SminiCRa	WTC11_IFNb	True	True	0	0	0	False
Ctsb	CTSB	ENSG00000164733.16	ENST00000353047.6	11725737	-	Un1Cas12f1_TTTR	HEAL;SminiCRa	H1_rest	True	True	0	0	0	False
Ctsb	CTSB	ENSG00000164733.16	ENST00000353047.6	11725737	-	Un1Cas12f1_TTTR	HEAL;SminiCRa	H1_IFNb	True	True	0	0	0	False
Ctsb	CTSB	ENSG00000164733.16	ENST00000353047.6	11725737	-	SaCas9_NNGRRT	SaCas9_CRISPRa	WTC11_rest	False	True	5	0	0	False
Ctsb	CTSB	ENSG00000164733.16	ENST00000353047.6	11725737	-	SaCas9_NNGRRT	SaCas9_CRISPRa	WTC11_IFNb	True	True	5	4	5	True
Ctsb	CTSB	ENSG00000164733.16	ENST00000353047.6	11725737	-	SaCas9_NNGRRT	SaCas9_CRISPRa	H1_rest	True	True	5	5	5	True
Ctsb	CTSB	ENSG00000164733.16	ENST00000353047.6	11725737	-	SaCas9_NNGRRT	SaCas9_CRISPRa	H1_IFNb	True	True	5	5	5	True
Ctsb	CTSB	ENSG00000164733.16	ENST00000353047.6	11725737	-	SpCas9_NGG	SpCas9_CRISPRa	WTC11_rest	False	True	38	0	0	False
Ctsb	CTSB	ENSG00000164733.16	ENST00000353047.6	11725737	-	SpCas9_NGG	SpCas9_CRISPRa	WTC11_IFNb	True	True	38	33	38	True
Ctsb	CTSB	ENSG00000164733.16	ENST00000353047.6	11725737	-	SpCas9_NGG	SpCas9_CRISPRa	H1_rest	True	True	38	38	38	True
Ctsb	CTSB	ENSG00000164733.16	ENST00000353047.6	11725737	-	SpCas9_NGG	SpCas9_CRISPRa	H1_IFNb	True	True	38	38	38	True
Ctsb	CTSB	ENSG00000164733.16	ENST00000353047.6	11725737	-	CjCas9_NNNVRYM	MiniCAFE	WTC11_rest	False	True	21	0	0	False
Ctsb	CTSB	ENSG00000164733.16	ENST00000353047.6	11725737	-	CjCas9_NNNVRYM	MiniCAFE	WTC11_IFNb	True	True	21	15	21	True
Ctsb	CTSB	ENSG00000164733.16	ENST00000353047.6	11725737	-	CjCas9_NNNVRYM	MiniCAFE	H1_rest	True	True	21	21	21	True
Ctsb	CTSB	ENSG00000164733.16	ENST00000353047.6	11725737	-	CjCas9_NNNVRYM	MiniCAFE	H1_IFNb	True	True	21	21	21	True
Ctsb	CTSB	ENSG00000164733.16	ENST00000353047.6	11725737	-	Nme2Cas9_NNNNCC	proposed_dNme2Cas9_activator	WTC11_rest	False	True	39	0	0	False
Ctsb	CTSB	ENSG00000164733.16	ENST00000353047.6	11725737	-	Nme2Cas9_NNNNCC	proposed_dNme2Cas9_activator	WTC11_IFNb	True	True	39	30	39	True
Ctsb	CTSB	ENSG00000164733.16	ENST00000353047.6	11725737	-	Nme2Cas9_NNNNCC	proposed_dNme2Cas9_activator	H1_rest	True	True	39	39	39	True
Ctsb	CTSB	ENSG00000164733.16	ENST00000353047.6	11725737	-	Nme2Cas9_NNNNCC	proposed_dNme2Cas9_activator	H1_IFNb	True	True	39	39	39	True
Ctsd	CTSD	ENSG00000117984.8	ENST00000236671.2	1785221	-	Un1Cas12f1_TTTR	HEAL;SminiCRa	WTC11_rest	False	True	3	0	0	False
Ctsd	CTSD	ENSG00000117984.8	ENST00000236671.2	1785221	-	Un1Cas12f1_TTTR	HEAL;SminiCRa	WTC11_IFNb	False	False	3	0	0	False
Ctsd	CTSD	ENSG00000117984.8	ENST00000236671.2	1785221	-	Un1Cas12f1_TTTR	HEAL;SminiCRa	H1_rest	False	False	3	0	0	False
Ctsd	CTSD	ENSG00000117984.8	ENST00000236671.2	1785221	-	Un1Cas12f1_TTTR	HEAL;SminiCRa	H1_IFNb	False	True	3	0	0	False
Ctsd	CTSD	ENSG00000117984.8	ENST00000236671.2	1785221	-	SaCas9_NNGRRT	SaCas9_CRISPRa	WTC11_rest	False	True	3	1	1	True
Ctsd	CTSD	ENSG00000117984.8	ENST00000236671.2	1785221	-	SaCas9_NNGRRT	SaCas9_CRISPRa	WTC11_IFNb	False	False	3	0	0	False
Ctsd	CTSD	ENSG00000117984.8	ENST00000236671.2	1785221	-	SaCas9_NNGRRT	SaCas9_CRISPRa	H1_rest	False	False	3	0	0	False
Ctsd	CTSD	ENSG00000117984.8	ENST00000236671.2	1785221	-	SaCas9_NNGRRT	SaCas9_CRISPRa	H1_IFNb	False	True	3	1	1	True
Ctsd	CTSD	ENSG00000117984.8	ENST00000236671.2	1785221	-	SpCas9_NGG	SpCas9_CRISPRa	WTC11_rest	False	True	25	15	15	True
Ctsd	CTSD	ENSG00000117984.8	ENST00000236671.2	1785221	-	SpCas9_NGG	SpCas9_CRISPRa	WTC11_IFNb	False	False	25	0	0	False
Ctsd	CTSD	ENSG00000117984.8	ENST00000236671.2	1785221	-	SpCas9_NGG	SpCas9_CRISPRa	H1_rest	False	False	25	0	0	False
Ctsd	CTSD	ENSG00000117984.8	ENST00000236671.2	1785221	-	SpCas9_NGG	SpCas9_CRISPRa	H1_IFNb	False	True	25	15	15	True
Ctsd	CTSD	ENSG00000117984.8	ENST00000236671.2	1785221	-	CjCas9_NNNVRYM	MiniCAFE	WTC11_rest	False	True	13	5	5	True
Ctsd	CTSD	ENSG00000117984.8	ENST00000236671.2	1785221	-	CjCas9_NNNVRYM	MiniCAFE	WTC11_IFNb	False	False	13	0	0	False
Ctsd	CTSD	ENSG00000117984.8	ENST00000236671.2	1785221	-	CjCas9_NNNVRYM	MiniCAFE	H1_rest	False	False	13	0	0	False
Ctsd	CTSD	ENSG00000117984.8	ENST00000236671.2	1785221	-	CjCas9_NNNVRYM	MiniCAFE	H1_IFNb	False	True	13	5	5	True
Ctsd	CTSD	ENSG00000117984.8	ENST00000236671.2	1785221	-	Nme2Cas9_NNNNCC	proposed_dNme2Cas9_activator	WTC11_rest	False	True	15	6	6	True
Ctsd	CTSD	ENSG00000117984.8	ENST00000236671.2	1785221	-	Nme2Cas9_NNNNCC	proposed_dNme2Cas9_activator	WTC11_IFNb	False	False	15	0	0	False
Ctsd	CTSD	ENSG00000117984.8	ENST00000236671.2	1785221	-	Nme2Cas9_NNNNCC	proposed_dNme2Cas9_activator	H1_rest	False	False	15	0	0	False
Ctsd	CTSD	ENSG00000117984.8	ENST00000236671.2	1785221	-	Nme2Cas9_NNNNCC	proposed_dNme2Cas9_activator	H1_IFNb	False	True	15	6	6	True
Cx3cr1	CX3CR1	ENSG00000168329.9	ENST00000541347.1	39322763	-	Un1Cas12f1_TTTR	HEAL;SminiCRa	WTC11_rest	False	False	0	0	0	False
Cx3cr1	CX3CR1	ENSG00000168329.9	ENST00000541347.1	39322763	-	Un1Cas12f1_TTTR	HEAL;SminiCRa	WTC11_IFNb	False	False	0	0	0	False
Cx3cr1	CX3CR1	ENSG00000168329.9	ENST00000541347.1	39322763	-	Un1Cas12f1_TTTR	HEAL;SminiCRa	H1_rest	False	False	0	0	0	False
Cx3cr1	CX3CR1	ENSG00000168329.9	ENST00000541347.1	39322763	-	Un1Cas12f1_TTTR	HEAL;SminiCRa	H1_IFNb	False	False	0	0	0	False
Cx3cr1	CX3CR1	ENSG00000168329.9	ENST00000541347.1	39322763	-	SaCas9_NNGRRT	SaCas9_CRISPRa	WTC11_rest	False	False	14	0	0	False
Cx3cr1	CX3CR1	ENSG00000168329.9	ENST00000541347.1	39322763	-	SaCas9_NNGRRT	SaCas9_CRISPRa	WTC11_IFNb	False	False	14	0	0	False
Cx3cr1	CX3CR1	ENSG00000168329.9	ENST00000541347.1	39322763	-	SaCas9_NNGRRT	SaCas9_CRISPRa	H1_rest	False	False	14	0	0	False
Cx3cr1	CX3CR1	ENSG00000168329.9	ENST00000541347.1	39322763	-	SaCas9_NNGRRT	SaCas9_CRISPRa	H1_IFNb	False	False	14	0	0	False
Cx3cr1	CX3CR1	ENSG00000168329.9	ENST00000541347.1	39322763	-	SpCas9_NGG	SpCas9_CRISPRa	WTC11_rest	False	False	67	0	0	False
Cx3cr1	CX3CR1	ENSG00000168329.9	ENST00000541347.1	39322763	-	SpCas9_NGG	SpCas9_CRISPRa	WTC11_IFNb	False	False	67	0	0	False
Cx3cr1	CX3CR1	ENSG00000168329.9	ENST00000541347.1	39322763	-	SpCas9_NGG	SpCas9_CRISPRa	H1_rest	False	False	67	0	0	False
Cx3cr1	CX3CR1	ENSG00000168329.9	ENST00000541347.1	39322763	-	SpCas9_NGG	SpCas9_CRISPRa	H1_IFNb	False	False	67	0	0	False
Cx3cr1	CX3CR1	ENSG00000168329.9	ENST00000541347.1	39322763	-	CjCas9_NNNVRYM	MiniCAFE	WTC11_rest	False	False	46	0	0	False
Cx3cr1	CX3CR1	ENSG00000168329.9	ENST00000541347.1	39322763	-	CjCas9_NNNVRYM	MiniCAFE	WTC11_IFNb	False	False	46	0	0	False
Cx3cr1	CX3CR1	ENSG00000168329.9	ENST00000541347.1	39322763	-	CjCas9_NNNVRYM	MiniCAFE	H1_rest	False	False	46	0	0	False
Cx3cr1	CX3CR1	ENSG00000168329.9	ENST00000541347.1	39322763	-	CjCas9_NNNVRYM	MiniCAFE	H1_IFNb	False	False	46	0	0	False
Cx3cr1	CX3CR1	ENSG00000168329.9	ENST00000541347.1	39322763	-	Nme2Cas9_NNNNCC	proposed_dNme2Cas9_activator	WTC11_rest	False	False	57	0	0	False
Cx3cr1	CX3CR1	ENSG00000168329.9	ENST00000541347.1	39322763	-	Nme2Cas9_NNNNCC	proposed_dNme2Cas9_activator	WTC11_IFNb	False	False	57	0	0	False
Cx3cr1	CX3CR1	ENSG00000168329.9	ENST00000541347.1	39322763	-	Nme2Cas9_NNNNCC	proposed_dNme2Cas9_activator	H1_rest	False	False	57	0	0	False
Cx3cr1	CX3CR1	ENSG00000168329.9	ENST00000541347.1	39322763	-	Nme2Cas9_NNNNCC	proposed_dNme2Cas9_activator	H1_IFNb	False	False	57	0	0	False
Dnmt3a	DNMT3A	ENSG00000119772.12	ENST00000402667.1	25475179	-	Un1Cas12f1_TTTR	HEAL;SminiCRa	WTC11_rest	False	False	1	0	0	False
Dnmt3a	DNMT3A	ENSG00000119772.12	ENST00000402667.1	25475179	-	Un1Cas12f1_TTTR	HEAL;SminiCRa	WTC11_IFNb	False	False	1	0	0	False
Dnmt3a	DNMT3A	ENSG00000119772.12	ENST00000402667.1	25475179	-	Un1Cas12f1_TTTR	HEAL;SminiCRa	H1_rest	False	False	1	0	0	False
Dnmt3a	DNMT3A	ENSG00000119772.12	ENST00000402667.1	25475179	-	Un1Cas12f1_TTTR	HEAL;SminiCRa	H1_IFNb	True	True	1	1	1	True
Dnmt3a	DNMT3A	ENSG00000119772.12	ENST00000402667.1	25475179	-	SaCas9_NNGRRT	SaCas9_CRISPRa	WTC11_rest	False	False	0	0	0	False
Dnmt3a	DNMT3A	ENSG00000119772.12	ENST00000402667.1	25475179	-	SaCas9_NNGRRT	SaCas9_CRISPRa	WTC11_IFNb	False	False	0	0	0	False
Dnmt3a	DNMT3A	ENSG00000119772.12	ENST00000402667.1	25475179	-	SaCas9_NNGRRT	SaCas9_CRISPRa	H1_rest	False	False	0	0	0	False
Dnmt3a	DNMT3A	ENSG00000119772.12	ENST00000402667.1	25475179	-	SaCas9_NNGRRT	SaCas9_CRISPRa	H1_IFNb	True	True	0	0	0	False
Dnmt3a	DNMT3A	ENSG00000119772.12	ENST00000402667.1	25475179	-	SpCas9_NGG	SpCas9_CRISPRa	WTC11_rest	False	False	29	0	0	False
Dnmt3a	DNMT3A	ENSG00000119772.12	ENST00000402667.1	25475179	-	SpCas9_NGG	SpCas9_CRISPRa	WTC11_IFNb	False	False	29	0	0	False
Dnmt3a	DNMT3A	ENSG00000119772.12	ENST00000402667.1	25475179	-	SpCas9_NGG	SpCas9_CRISPRa	H1_rest	False	False	29	0	0	False
Dnmt3a	DNMT3A	ENSG00000119772.12	ENST00000402667.1	25475179	-	SpCas9_NGG	SpCas9_CRISPRa	H1_IFNb	True	True	29	26	26	True
Dnmt3a	DNMT3A	ENSG00000119772.12	ENST00000402667.1	25475179	-	CjCas9_NNNVRYM	MiniCAFE	WTC11_rest	False	False	4	0	0	False
Dnmt3a	DNMT3A	ENSG00000119772.12	ENST00000402667.1	25475179	-	CjCas9_NNNVRYM	MiniCAFE	WTC11_IFNb	False	False	4	0	0	False
Dnmt3a	DNMT3A	ENSG00000119772.12	ENST00000402667.1	25475179	-	CjCas9_NNNVRYM	MiniCAFE	H1_rest	False	False	4	0	0	False
Dnmt3a	DNMT3A	ENSG00000119772.12	ENST00000402667.1	25475179	-	CjCas9_NNNVRYM	MiniCAFE	H1_IFNb	True	True	4	3	3	True
Dnmt3a	DNMT3A	ENSG00000119772.12	ENST00000402667.1	25475179	-	Nme2Cas9_NNNNCC	proposed_dNme2Cas9_activator	WTC11_rest	False	False	9	0	0	False
Dnmt3a	DNMT3A	ENSG00000119772.12	ENST00000402667.1	25475179	-	Nme2Cas9_NNNNCC	proposed_dNme2Cas9_activator	WTC11_IFNb	False	False	9	0	0	False
Dnmt3a	DNMT3A	ENSG00000119772.12	ENST00000402667.1	25475179	-	Nme2Cas9_NNNNCC	proposed_dNme2Cas9_activator	H1_rest	False	False	9	0	0	False
Dnmt3a	DNMT3A	ENSG00000119772.12	ENST00000402667.1	25475179	-	Nme2Cas9_NNNNCC	proposed_dNme2Cas9_activator	H1_IFNb	True	True	9	5	5	True
Gdnf	GDNF	ENSG00000168621.10	ENST00000326524.2	37839781	-	Un1Cas12f1_TTTR	HEAL;SminiCRa	WTC11_rest	False	False	1	0	0	False
Gdnf	GDNF	ENSG00000168621.10	ENST00000326524.2	37839781	-	Un1Cas12f1_TTTR	HEAL;SminiCRa	WTC11_IFNb	True	True	1	1	1	True
Gdnf	GDNF	ENSG00000168621.10	ENST00000326524.2	37839781	-	Un1Cas12f1_TTTR	HEAL;SminiCRa	H1_rest	True	True	1	1	1	True
Gdnf	GDNF	ENSG00000168621.10	ENST00000326524.2	37839781	-	Un1Cas12f1_TTTR	HEAL;SminiCRa	H1_IFNb	True	True	1	1	1	True
Gdnf	GDNF	ENSG00000168621.10	ENST00000326524.2	37839781	-	SaCas9_NNGRRT	SaCas9_CRISPRa	WTC11_rest	False	False	3	0	0	False
Gdnf	GDNF	ENSG00000168621.10	ENST00000326524.2	37839781	-	SaCas9_NNGRRT	SaCas9_CRISPRa	WTC11_IFNb	True	True	3	1	1	True
Gdnf	GDNF	ENSG00000168621.10	ENST00000326524.2	37839781	-	SaCas9_NNGRRT	SaCas9_CRISPRa	H1_rest	True	True	3	1	1	True
Gdnf	GDNF	ENSG00000168621.10	ENST00000326524.2	37839781	-	SaCas9_NNGRRT	SaCas9_CRISPRa	H1_IFNb	True	True	3	2	2	True
Gdnf	GDNF	ENSG00000168621.10	ENST00000326524.2	37839781	-	SpCas9_NGG	SpCas9_CRISPRa	WTC11_rest	False	False	32	0	0	False
Gdnf	GDNF	ENSG00000168621.10	ENST00000326524.2	37839781	-	SpCas9_NGG	SpCas9_CRISPRa	WTC11_IFNb	True	True	32	17	20	True
Gdnf	GDNF	ENSG00000168621.10	ENST00000326524.2	37839781	-	SpCas9_NGG	SpCas9_CRISPRa	H1_rest	True	True	32	12	18	True
Gdnf	GDNF	ENSG00000168621.10	ENST00000326524.2	37839781	-	SpCas9_NGG	SpCas9_CRISPRa	H1_IFNb	True	True	32	25	28	True
Gdnf	GDNF	ENSG00000168621.10	ENST00000326524.2	37839781	-	CjCas9_NNNVRYM	MiniCAFE	WTC11_rest	False	False	25	0	0	False
Gdnf	GDNF	ENSG00000168621.10	ENST00000326524.2	37839781	-	CjCas9_NNNVRYM	MiniCAFE	WTC11_IFNb	True	True	25	22	24	True
Gdnf	GDNF	ENSG00000168621.10	ENST00000326524.2	37839781	-	CjCas9_NNNVRYM	MiniCAFE	H1_rest	True	True	25	19	22	True
Gdnf	GDNF	ENSG00000168621.10	ENST00000326524.2	37839781	-	CjCas9_NNNVRYM	MiniCAFE	H1_IFNb	True	True	25	22	25	True
Gdnf	GDNF	ENSG00000168621.10	ENST00000326524.2	37839781	-	Nme2Cas9_NNNNCC	proposed_dNme2Cas9_activator	WTC11_rest	False	False	24	0	0	False
Gdnf	GDNF	ENSG00000168621.10	ENST00000326524.2	37839781	-	Nme2Cas9_NNNNCC	proposed_dNme2Cas9_activator	WTC11_IFNb	True	True	24	18	23	True
Gdnf	GDNF	ENSG00000168621.10	ENST00000326524.2	37839781	-	Nme2Cas9_NNNNCC	proposed_dNme2Cas9_activator	H1_rest	True	True	24	13	18	True
Gdnf	GDNF	ENSG00000168621.10	ENST00000326524.2	37839781	-	Nme2Cas9_NNNNCC	proposed_dNme2Cas9_activator	H1_IFNb	True	True	24	18	24	True
Grn	GRN	ENSG00000030582.12	ENST00000053867.3	42422647	+	Un1Cas12f1_TTTR	HEAL;SminiCRa	WTC11_rest	True	True	3	2	3	True
Grn	GRN	ENSG00000030582.12	ENST00000053867.3	42422647	+	Un1Cas12f1_TTTR	HEAL;SminiCRa	WTC11_IFNb	True	True	3	2	3	True
Grn	GRN	ENSG00000030582.12	ENST00000053867.3	42422647	+	Un1Cas12f1_TTTR	HEAL;SminiCRa	H1_rest	True	True	3	2	3	True
Grn	GRN	ENSG00000030582.12	ENST00000053867.3	42422647	+	Un1Cas12f1_TTTR	HEAL;SminiCRa	H1_IFNb	True	True	3	2	2	True
Grn	GRN	ENSG00000030582.12	ENST00000053867.3	42422647	+	SaCas9_NNGRRT	SaCas9_CRISPRa	WTC11_rest	True	True	9	9	9	True
Grn	GRN	ENSG00000030582.12	ENST00000053867.3	42422647	+	SaCas9_NNGRRT	SaCas9_CRISPRa	WTC11_IFNb	True	True	9	9	9	True
Grn	GRN	ENSG00000030582.12	ENST00000053867.3	42422647	+	SaCas9_NNGRRT	SaCas9_CRISPRa	H1_rest	True	True	9	9	9	True
Grn	GRN	ENSG00000030582.12	ENST00000053867.3	42422647	+	SaCas9_NNGRRT	SaCas9_CRISPRa	H1_IFNb	True	True	9	8	9	True
Grn	GRN	ENSG00000030582.12	ENST00000053867.3	42422647	+	SpCas9_NGG	SpCas9_CRISPRa	WTC11_rest	True	True	44	42	42	True
Grn	GRN	ENSG00000030582.12	ENST00000053867.3	42422647	+	SpCas9_NGG	SpCas9_CRISPRa	WTC11_IFNb	True	True	44	42	42	True
Grn	GRN	ENSG00000030582.12	ENST00000053867.3	42422647	+	SpCas9_NGG	SpCas9_CRISPRa	H1_rest	True	True	44	42	42	True
Grn	GRN	ENSG00000030582.12	ENST00000053867.3	42422647	+	SpCas9_NGG	SpCas9_CRISPRa	H1_IFNb	True	True	44	41	42	True
Grn	GRN	ENSG00000030582.12	ENST00000053867.3	42422647	+	CjCas9_NNNVRYM	MiniCAFE	WTC11_rest	True	True	49	44	48	True
Grn	GRN	ENSG00000030582.12	ENST00000053867.3	42422647	+	CjCas9_NNNVRYM	MiniCAFE	WTC11_IFNb	True	True	49	44	48	True
Grn	GRN	ENSG00000030582.12	ENST00000053867.3	42422647	+	CjCas9_NNNVRYM	MiniCAFE	H1_rest	True	True	49	44	48	True
Grn	GRN	ENSG00000030582.12	ENST00000053867.3	42422647	+	CjCas9_NNNVRYM	MiniCAFE	H1_IFNb	True	True	49	42	46	True
Grn	GRN	ENSG00000030582.12	ENST00000053867.3	42422647	+	Nme2Cas9_NNNNCC	proposed_dNme2Cas9_activator	WTC11_rest	True	True	38	34	38	True
Grn	GRN	ENSG00000030582.12	ENST00000053867.3	42422647	+	Nme2Cas9_NNNNCC	proposed_dNme2Cas9_activator	WTC11_IFNb	True	True	38	34	38	True
Grn	GRN	ENSG00000030582.12	ENST00000053867.3	42422647	+	Nme2Cas9_NNNNCC	proposed_dNme2Cas9_activator	H1_rest	True	True	38	35	38	True
Grn	GRN	ENSG00000030582.12	ENST00000053867.3	42422647	+	Nme2Cas9_NNNNCC	proposed_dNme2Cas9_activator	H1_IFNb	True	True	38	34	38	True
Hdac1	HDAC1	ENSG00000116478.7	ENST00000373548.3	32757686	+	Un1Cas12f1_TTTR	HEAL;SminiCRa	WTC11_rest	True	True	3	2	2	True
Hdac1	HDAC1	ENSG00000116478.7	ENST00000373548.3	32757686	+	Un1Cas12f1_TTTR	HEAL;SminiCRa	WTC11_IFNb	True	True	3	3	3	True
Hdac1	HDAC1	ENSG00000116478.7	ENST00000373548.3	32757686	+	Un1Cas12f1_TTTR	HEAL;SminiCRa	H1_rest	True	True	3	2	3	True
Hdac1	HDAC1	ENSG00000116478.7	ENST00000373548.3	32757686	+	Un1Cas12f1_TTTR	HEAL;SminiCRa	H1_IFNb	True	True	3	2	3	True
Hdac1	HDAC1	ENSG00000116478.7	ENST00000373548.3	32757686	+	SaCas9_NNGRRT	SaCas9_CRISPRa	WTC11_rest	True	True	5	2	2	True
Hdac1	HDAC1	ENSG00000116478.7	ENST00000373548.3	32757686	+	SaCas9_NNGRRT	SaCas9_CRISPRa	WTC11_IFNb	True	True	5	5	5	True
Hdac1	HDAC1	ENSG00000116478.7	ENST00000373548.3	32757686	+	SaCas9_NNGRRT	SaCas9_CRISPRa	H1_rest	True	True	5	2	2	True
Hdac1	HDAC1	ENSG00000116478.7	ENST00000373548.3	32757686	+	SaCas9_NNGRRT	SaCas9_CRISPRa	H1_IFNb	True	True	5	2	2	True
Hdac1	HDAC1	ENSG00000116478.7	ENST00000373548.3	32757686	+	SpCas9_NGG	SpCas9_CRISPRa	WTC11_rest	True	True	48	36	41	True
Hdac1	HDAC1	ENSG00000116478.7	ENST00000373548.3	32757686	+	SpCas9_NGG	SpCas9_CRISPRa	WTC11_IFNb	True	True	48	48	48	True
Hdac1	HDAC1	ENSG00000116478.7	ENST00000373548.3	32757686	+	SpCas9_NGG	SpCas9_CRISPRa	H1_rest	True	True	48	42	44	True
Hdac1	HDAC1	ENSG00000116478.7	ENST00000373548.3	32757686	+	SpCas9_NGG	SpCas9_CRISPRa	H1_IFNb	True	True	48	42	44	True
Hdac1	HDAC1	ENSG00000116478.7	ENST00000373548.3	32757686	+	CjCas9_NNNVRYM	MiniCAFE	WTC11_rest	True	True	31	21	25	True
Hdac1	HDAC1	ENSG00000116478.7	ENST00000373548.3	32757686	+	CjCas9_NNNVRYM	MiniCAFE	WTC11_IFNb	True	True	31	31	31	True
Hdac1	HDAC1	ENSG00000116478.7	ENST00000373548.3	32757686	+	CjCas9_NNNVRYM	MiniCAFE	H1_rest	True	True	31	25	30	True
Hdac1	HDAC1	ENSG00000116478.7	ENST00000373548.3	32757686	+	CjCas9_NNNVRYM	MiniCAFE	H1_IFNb	True	True	31	24	30	True
Hdac1	HDAC1	ENSG00000116478.7	ENST00000373548.3	32757686	+	Nme2Cas9_NNNNCC	proposed_dNme2Cas9_activator	WTC11_rest	True	True	33	23	25	True
Hdac1	HDAC1	ENSG00000116478.7	ENST00000373548.3	32757686	+	Nme2Cas9_NNNNCC	proposed_dNme2Cas9_activator	WTC11_IFNb	True	True	33	33	33	True
Hdac1	HDAC1	ENSG00000116478.7	ENST00000373548.3	32757686	+	Nme2Cas9_NNNNCC	proposed_dNme2Cas9_activator	H1_rest	True	True	33	25	31	True
Hdac1	HDAC1	ENSG00000116478.7	ENST00000373548.3	32757686	+	Nme2Cas9_NNNNCC	proposed_dNme2Cas9_activator	H1_IFNb	True	True	33	25	31	True
Hdac2	HDAC2	ENSG00000196591.7	ENST00000519065.1	114292448	-	Un1Cas12f1_TTTR	HEAL;SminiCRa	WTC11_rest	True	True	0	0	0	False
Hdac2	HDAC2	ENSG00000196591.7	ENST00000519065.1	114292448	-	Un1Cas12f1_TTTR	HEAL;SminiCRa	WTC11_IFNb	True	True	0	0	0	False
Hdac2	HDAC2	ENSG00000196591.7	ENST00000519065.1	114292448	-	Un1Cas12f1_TTTR	HEAL;SminiCRa	H1_rest	True	True	0	0	0	False
Hdac2	HDAC2	ENSG00000196591.7	ENST00000519065.1	114292448	-	Un1Cas12f1_TTTR	HEAL;SminiCRa	H1_IFNb	True	True	0	0	0	False
Hdac2	HDAC2	ENSG00000196591.7	ENST00000519065.1	114292448	-	SaCas9_NNGRRT	SaCas9_CRISPRa	WTC11_rest	True	True	1	1	1	True
Hdac2	HDAC2	ENSG00000196591.7	ENST00000519065.1	114292448	-	SaCas9_NNGRRT	SaCas9_CRISPRa	WTC11_IFNb	True	True	1	1	1	True
Hdac2	HDAC2	ENSG00000196591.7	ENST00000519065.1	114292448	-	SaCas9_NNGRRT	SaCas9_CRISPRa	H1_rest	True	True	1	1	1	True
Hdac2	HDAC2	ENSG00000196591.7	ENST00000519065.1	114292448	-	SaCas9_NNGRRT	SaCas9_CRISPRa	H1_IFNb	True	True	1	1	1	True
Hdac2	HDAC2	ENSG00000196591.7	ENST00000519065.1	114292448	-	SpCas9_NGG	SpCas9_CRISPRa	WTC11_rest	True	True	24	24	24	True
Hdac2	HDAC2	ENSG00000196591.7	ENST00000519065.1	114292448	-	SpCas9_NGG	SpCas9_CRISPRa	WTC11_IFNb	True	True	24	24	24	True
Hdac2	HDAC2	ENSG00000196591.7	ENST00000519065.1	114292448	-	SpCas9_NGG	SpCas9_CRISPRa	H1_rest	True	True	24	24	24	True
Hdac2	HDAC2	ENSG00000196591.7	ENST00000519065.1	114292448	-	SpCas9_NGG	SpCas9_CRISPRa	H1_IFNb	True	True	24	24	24	True
Hdac2	HDAC2	ENSG00000196591.7	ENST00000519065.1	114292448	-	CjCas9_NNNVRYM	MiniCAFE	WTC11_rest	True	True	11	11	11	True
Hdac2	HDAC2	ENSG00000196591.7	ENST00000519065.1	114292448	-	CjCas9_NNNVRYM	MiniCAFE	WTC11_IFNb	True	True	11	11	11	True
Hdac2	HDAC2	ENSG00000196591.7	ENST00000519065.1	114292448	-	CjCas9_NNNVRYM	MiniCAFE	H1_rest	True	True	11	11	11	True
Hdac2	HDAC2	ENSG00000196591.7	ENST00000519065.1	114292448	-	CjCas9_NNNVRYM	MiniCAFE	H1_IFNb	True	True	11	11	11	True
Hdac2	HDAC2	ENSG00000196591.7	ENST00000519065.1	114292448	-	Nme2Cas9_NNNNCC	proposed_dNme2Cas9_activator	WTC11_rest	True	True	6	6	6	True
Hdac2	HDAC2	ENSG00000196591.7	ENST00000519065.1	114292448	-	Nme2Cas9_NNNNCC	proposed_dNme2Cas9_activator	WTC11_IFNb	True	True	6	6	6	True
Hdac2	HDAC2	ENSG00000196591.7	ENST00000519065.1	114292448	-	Nme2Cas9_NNNNCC	proposed_dNme2Cas9_activator	H1_rest	True	True	6	6	6	True
Hdac2	HDAC2	ENSG00000196591.7	ENST00000519065.1	114292448	-	Nme2Cas9_NNNNCC	proposed_dNme2Cas9_activator	H1_IFNb	True	True	6	6	6	True
Hexb	HEXB	ENSG00000049860.9	ENST00000261416.7	73980968	+	Un1Cas12f1_TTTR	HEAL;SminiCRa	WTC11_rest	False	True	4	2	2	True
Hexb	HEXB	ENSG00000049860.9	ENST00000261416.7	73980968	+	Un1Cas12f1_TTTR	HEAL;SminiCRa	WTC11_IFNb	False	True	4	2	2	True
Hexb	HEXB	ENSG00000049860.9	ENST00000261416.7	73980968	+	Un1Cas12f1_TTTR	HEAL;SminiCRa	H1_rest	False	True	4	2	2	True
Hexb	HEXB	ENSG00000049860.9	ENST00000261416.7	73980968	+	Un1Cas12f1_TTTR	HEAL;SminiCRa	H1_IFNb	False	True	4	2	2	True
Hexb	HEXB	ENSG00000049860.9	ENST00000261416.7	73980968	+	SaCas9_NNGRRT	SaCas9_CRISPRa	WTC11_rest	False	True	6	3	3	True
Hexb	HEXB	ENSG00000049860.9	ENST00000261416.7	73980968	+	SaCas9_NNGRRT	SaCas9_CRISPRa	WTC11_IFNb	False	True	6	3	3	True
Hexb	HEXB	ENSG00000049860.9	ENST00000261416.7	73980968	+	SaCas9_NNGRRT	SaCas9_CRISPRa	H1_rest	False	True	6	3	3	True
Hexb	HEXB	ENSG00000049860.9	ENST00000261416.7	73980968	+	SaCas9_NNGRRT	SaCas9_CRISPRa	H1_IFNb	False	True	6	3	3	True
Hexb	HEXB	ENSG00000049860.9	ENST00000261416.7	73980968	+	SpCas9_NGG	SpCas9_CRISPRa	WTC11_rest	False	True	58	19	22	True
Hexb	HEXB	ENSG00000049860.9	ENST00000261416.7	73980968	+	SpCas9_NGG	SpCas9_CRISPRa	WTC11_IFNb	False	True	58	21	22	True
Hexb	HEXB	ENSG00000049860.9	ENST00000261416.7	73980968	+	SpCas9_NGG	SpCas9_CRISPRa	H1_rest	False	True	58	21	25	True
Hexb	HEXB	ENSG00000049860.9	ENST00000261416.7	73980968	+	SpCas9_NGG	SpCas9_CRISPRa	H1_IFNb	False	True	58	19	22	True
Hexb	HEXB	ENSG00000049860.9	ENST00000261416.7	73980968	+	CjCas9_NNNVRYM	MiniCAFE	WTC11_rest	False	True	40	10	16	True
Hexb	HEXB	ENSG00000049860.9	ENST00000261416.7	73980968	+	CjCas9_NNNVRYM	MiniCAFE	WTC11_IFNb	False	True	40	10	17	True
Hexb	HEXB	ENSG00000049860.9	ENST00000261416.7	73980968	+	CjCas9_NNNVRYM	MiniCAFE	H1_rest	False	True	40	11	18	True
Hexb	HEXB	ENSG00000049860.9	ENST00000261416.7	73980968	+	CjCas9_NNNVRYM	MiniCAFE	H1_IFNb	False	True	40	10	16	True
Hexb	HEXB	ENSG00000049860.9	ENST00000261416.7	73980968	+	Nme2Cas9_NNNNCC	proposed_dNme2Cas9_activator	WTC11_rest	False	True	42	13	16	True
Hexb	HEXB	ENSG00000049860.9	ENST00000261416.7	73980968	+	Nme2Cas9_NNNNCC	proposed_dNme2Cas9_activator	WTC11_IFNb	False	True	42	13	17	True
Hexb	HEXB	ENSG00000049860.9	ENST00000261416.7	73980968	+	Nme2Cas9_NNNNCC	proposed_dNme2Cas9_activator	H1_rest	False	True	42	13	18	True
Hexb	HEXB	ENSG00000049860.9	ENST00000261416.7	73980968	+	Nme2Cas9_NNNNCC	proposed_dNme2Cas9_activator	H1_IFNb	False	True	42	13	16	True
Igf1	IGF1	ENSG00000017427.11	ENST00000337514.6	102874422	-	Un1Cas12f1_TTTR	HEAL;SminiCRa	WTC11_rest	False	False	12	0	0	False
Igf1	IGF1	ENSG00000017427.11	ENST00000337514.6	102874422	-	Un1Cas12f1_TTTR	HEAL;SminiCRa	WTC11_IFNb	False	False	12	0	0	False
Igf1	IGF1	ENSG00000017427.11	ENST00000337514.6	102874422	-	Un1Cas12f1_TTTR	HEAL;SminiCRa	H1_rest	False	False	12	0	0	False
Igf1	IGF1	ENSG00000017427.11	ENST00000337514.6	102874422	-	Un1Cas12f1_TTTR	HEAL;SminiCRa	H1_IFNb	False	False	12	0	0	False
Igf1	IGF1	ENSG00000017427.11	ENST00000337514.6	102874422	-	SaCas9_NNGRRT	SaCas9_CRISPRa	WTC11_rest	False	False	5	0	0	False
Igf1	IGF1	ENSG00000017427.11	ENST00000337514.6	102874422	-	SaCas9_NNGRRT	SaCas9_CRISPRa	WTC11_IFNb	False	False	5	0	0	False
Igf1	IGF1	ENSG00000017427.11	ENST00000337514.6	102874422	-	SaCas9_NNGRRT	SaCas9_CRISPRa	H1_rest	False	False	5	0	0	False
Igf1	IGF1	ENSG00000017427.11	ENST00000337514.6	102874422	-	SaCas9_NNGRRT	SaCas9_CRISPRa	H1_IFNb	False	False	5	0	0	False
Igf1	IGF1	ENSG00000017427.11	ENST00000337514.6	102874422	-	SpCas9_NGG	SpCas9_CRISPRa	WTC11_rest	False	False	19	0	0	False
Igf1	IGF1	ENSG00000017427.11	ENST00000337514.6	102874422	-	SpCas9_NGG	SpCas9_CRISPRa	WTC11_IFNb	False	False	19	0	0	False
Igf1	IGF1	ENSG00000017427.11	ENST00000337514.6	102874422	-	SpCas9_NGG	SpCas9_CRISPRa	H1_rest	False	False	19	0	0	False
Igf1	IGF1	ENSG00000017427.11	ENST00000337514.6	102874422	-	SpCas9_NGG	SpCas9_CRISPRa	H1_IFNb	False	False	19	0	0	False
Igf1	IGF1	ENSG00000017427.11	ENST00000337514.6	102874422	-	CjCas9_NNNVRYM	MiniCAFE	WTC11_rest	False	False	35	0	0	False
Igf1	IGF1	ENSG00000017427.11	ENST00000337514.6	102874422	-	CjCas9_NNNVRYM	MiniCAFE	WTC11_IFNb	False	False	35	0	0	False
Igf1	IGF1	ENSG00000017427.11	ENST00000337514.6	102874422	-	CjCas9_NNNVRYM	MiniCAFE	H1_rest	False	False	35	0	0	False
Igf1	IGF1	ENSG00000017427.11	ENST00000337514.6	102874422	-	CjCas9_NNNVRYM	MiniCAFE	H1_IFNb	False	False	35	0	0	False
Igf1	IGF1	ENSG00000017427.11	ENST00000337514.6	102874422	-	Nme2Cas9_NNNNCC	proposed_dNme2Cas9_activator	WTC11_rest	False	False	17	0	0	False
Igf1	IGF1	ENSG00000017427.11	ENST00000337514.6	102874422	-	Nme2Cas9_NNNNCC	proposed_dNme2Cas9_activator	WTC11_IFNb	False	False	17	0	0	False
Igf1	IGF1	ENSG00000017427.11	ENST00000337514.6	102874422	-	Nme2Cas9_NNNNCC	proposed_dNme2Cas9_activator	H1_rest	False	False	17	0	0	False
Igf1	IGF1	ENSG00000017427.11	ENST00000337514.6	102874422	-	Nme2Cas9_NNNNCC	proposed_dNme2Cas9_activator	H1_IFNb	False	False	17	0	0	False
Il10	IL10	ENSG00000136634.5	ENST00000423557.1	206945838	-	Un1Cas12f1_TTTR	HEAL;SminiCRa	WTC11_rest	True	True	3	3	3	True
Il10	IL10	ENSG00000136634.5	ENST00000423557.1	206945838	-	Un1Cas12f1_TTTR	HEAL;SminiCRa	WTC11_IFNb	True	True	3	3	3	True
Il10	IL10	ENSG00000136634.5	ENST00000423557.1	206945838	-	Un1Cas12f1_TTTR	HEAL;SminiCRa	H1_rest	True	True	3	3	3	True
Il10	IL10	ENSG00000136634.5	ENST00000423557.1	206945838	-	Un1Cas12f1_TTTR	HEAL;SminiCRa	H1_IFNb	True	True	3	3	3	True
Il10	IL10	ENSG00000136634.5	ENST00000423557.1	206945838	-	SaCas9_NNGRRT	SaCas9_CRISPRa	WTC11_rest	True	True	8	6	8	True
Il10	IL10	ENSG00000136634.5	ENST00000423557.1	206945838	-	SaCas9_NNGRRT	SaCas9_CRISPRa	WTC11_IFNb	True	True	8	8	8	True
Il10	IL10	ENSG00000136634.5	ENST00000423557.1	206945838	-	SaCas9_NNGRRT	SaCas9_CRISPRa	H1_rest	True	True	8	8	8	True
Il10	IL10	ENSG00000136634.5	ENST00000423557.1	206945838	-	SaCas9_NNGRRT	SaCas9_CRISPRa	H1_IFNb	True	True	8	7	8	True
Il10	IL10	ENSG00000136634.5	ENST00000423557.1	206945838	-	SpCas9_NGG	SpCas9_CRISPRa	WTC11_rest	True	True	20	15	20	True
Il10	IL10	ENSG00000136634.5	ENST00000423557.1	206945838	-	SpCas9_NGG	SpCas9_CRISPRa	WTC11_IFNb	True	True	20	20	20	True
Il10	IL10	ENSG00000136634.5	ENST00000423557.1	206945838	-	SpCas9_NGG	SpCas9_CRISPRa	H1_rest	True	True	20	20	20	True
Il10	IL10	ENSG00000136634.5	ENST00000423557.1	206945838	-	SpCas9_NGG	SpCas9_CRISPRa	H1_IFNb	True	True	20	18	20	True
Il10	IL10	ENSG00000136634.5	ENST00000423557.1	206945838	-	CjCas9_NNNVRYM	MiniCAFE	WTC11_rest	True	True	27	25	27	True
Il10	IL10	ENSG00000136634.5	ENST00000423557.1	206945838	-	CjCas9_NNNVRYM	MiniCAFE	WTC11_IFNb	True	True	27	27	27	True
Il10	IL10	ENSG00000136634.5	ENST00000423557.1	206945838	-	CjCas9_NNNVRYM	MiniCAFE	H1_rest	True	True	27	27	27	True
Il10	IL10	ENSG00000136634.5	ENST00000423557.1	206945838	-	CjCas9_NNNVRYM	MiniCAFE	H1_IFNb	True	True	27	25	27	True
Il10	IL10	ENSG00000136634.5	ENST00000423557.1	206945838	-	Nme2Cas9_NNNNCC	proposed_dNme2Cas9_activator	WTC11_rest	True	True	17	17	17	True
Il10	IL10	ENSG00000136634.5	ENST00000423557.1	206945838	-	Nme2Cas9_NNNNCC	proposed_dNme2Cas9_activator	WTC11_IFNb	True	True	17	17	17	True
Il10	IL10	ENSG00000136634.5	ENST00000423557.1	206945838	-	Nme2Cas9_NNNNCC	proposed_dNme2Cas9_activator	H1_rest	True	True	17	17	17	True
Il10	IL10	ENSG00000136634.5	ENST00000423557.1	206945838	-	Nme2Cas9_NNNNCC	proposed_dNme2Cas9_activator	H1_IFNb	True	True	17	17	17	True
Il1b	IL1B	ENSG00000125538.7	ENST00000263341.2	113594479	-	Un1Cas12f1_TTTR	HEAL;SminiCRa	WTC11_rest	False	True	10	3	4	True
Il1b	IL1B	ENSG00000125538.7	ENST00000263341.2	113594479	-	Un1Cas12f1_TTTR	HEAL;SminiCRa	WTC11_IFNb	False	False	10	0	0	False
Il1b	IL1B	ENSG00000125538.7	ENST00000263341.2	113594479	-	Un1Cas12f1_TTTR	HEAL;SminiCRa	H1_rest	False	True	10	4	5	True
Il1b	IL1B	ENSG00000125538.7	ENST00000263341.2	113594479	-	Un1Cas12f1_TTTR	HEAL;SminiCRa	H1_IFNb	False	True	10	3	4	True
Il1b	IL1B	ENSG00000125538.7	ENST00000263341.2	113594479	-	SaCas9_NNGRRT	SaCas9_CRISPRa	WTC11_rest	False	True	5	0	0	False
Il1b	IL1B	ENSG00000125538.7	ENST00000263341.2	113594479	-	SaCas9_NNGRRT	SaCas9_CRISPRa	WTC11_IFNb	False	False	5	0	0	False
Il1b	IL1B	ENSG00000125538.7	ENST00000263341.2	113594479	-	SaCas9_NNGRRT	SaCas9_CRISPRa	H1_rest	False	True	5	0	1	False
Il1b	IL1B	ENSG00000125538.7	ENST00000263341.2	113594479	-	SaCas9_NNGRRT	SaCas9_CRISPRa	H1_IFNb	False	True	5	0	0	False
Il1b	IL1B	ENSG00000125538.7	ENST00000263341.2	113594479	-	SpCas9_NGG	SpCas9_CRISPRa	WTC11_rest	False	True	22	2	3	True
Il1b	IL1B	ENSG00000125538.7	ENST00000263341.2	113594479	-	SpCas9_NGG	SpCas9_CRISPRa	WTC11_IFNb	False	False	22	0	0	False
Il1b	IL1B	ENSG00000125538.7	ENST00000263341.2	113594479	-	SpCas9_NGG	SpCas9_CRISPRa	H1_rest	False	True	22	3	3	True
Il1b	IL1B	ENSG00000125538.7	ENST00000263341.2	113594479	-	SpCas9_NGG	SpCas9_CRISPRa	H1_IFNb	False	True	22	1	2	True
Il1b	IL1B	ENSG00000125538.7	ENST00000263341.2	113594479	-	CjCas9_NNNVRYM	MiniCAFE	WTC11_rest	False	True	39	10	12	True
Il1b	IL1B	ENSG00000125538.7	ENST00000263341.2	113594479	-	CjCas9_NNNVRYM	MiniCAFE	WTC11_IFNb	False	False	39	0	0	False
Il1b	IL1B	ENSG00000125538.7	ENST00000263341.2	113594479	-	CjCas9_NNNVRYM	MiniCAFE	H1_rest	False	True	39	12	15	True
Il1b	IL1B	ENSG00000125538.7	ENST00000263341.2	113594479	-	CjCas9_NNNVRYM	MiniCAFE	H1_IFNb	False	True	39	8	12	True
Il1b	IL1B	ENSG00000125538.7	ENST00000263341.2	113594479	-	Nme2Cas9_NNNNCC	proposed_dNme2Cas9_activator	WTC11_rest	False	True	28	5	8	True
Il1b	IL1B	ENSG00000125538.7	ENST00000263341.2	113594479	-	Nme2Cas9_NNNNCC	proposed_dNme2Cas9_activator	WTC11_IFNb	False	False	28	0	0	False
Il1b	IL1B	ENSG00000125538.7	ENST00000263341.2	113594479	-	Nme2Cas9_NNNNCC	proposed_dNme2Cas9_activator	H1_rest	False	True	28	8	9	True
Il1b	IL1B	ENSG00000125538.7	ENST00000263341.2	113594479	-	Nme2Cas9_NNNNCC	proposed_dNme2Cas9_activator	H1_IFNb	False	True	28	5	6	True
Il1rn	IL1RN	ENSG00000136689.14	ENST00000409930.3	113885137	+	Un1Cas12f1_TTTR	HEAL;SminiCRa	WTC11_rest	True	True	4	4	4	True
Il1rn	IL1RN	ENSG00000136689.14	ENST00000409930.3	113885137	+	Un1Cas12f1_TTTR	HEAL;SminiCRa	WTC11_IFNb	True	True	4	3	4	True
Il1rn	IL1RN	ENSG00000136689.14	ENST00000409930.3	113885137	+	Un1Cas12f1_TTTR	HEAL;SminiCRa	H1_rest	True	True	4	4	4	True
Il1rn	IL1RN	ENSG00000136689.14	ENST00000409930.3	113885137	+	Un1Cas12f1_TTTR	HEAL;SminiCRa	H1_IFNb	True	True	4	4	4	True
Il1rn	IL1RN	ENSG00000136689.14	ENST00000409930.3	113885137	+	SaCas9_NNGRRT	SaCas9_CRISPRa	WTC11_rest	True	True	6	6	6	True
Il1rn	IL1RN	ENSG00000136689.14	ENST00000409930.3	113885137	+	SaCas9_NNGRRT	SaCas9_CRISPRa	WTC11_IFNb	True	True	6	6	6	True
Il1rn	IL1RN	ENSG00000136689.14	ENST00000409930.3	113885137	+	SaCas9_NNGRRT	SaCas9_CRISPRa	H1_rest	True	True	6	6	6	True
Il1rn	IL1RN	ENSG00000136689.14	ENST00000409930.3	113885137	+	SaCas9_NNGRRT	SaCas9_CRISPRa	H1_IFNb	True	True	6	6	6	True
Il1rn	IL1RN	ENSG00000136689.14	ENST00000409930.3	113885137	+	SpCas9_NGG	SpCas9_CRISPRa	WTC11_rest	True	True	29	25	25	True
Il1rn	IL1RN	ENSG00000136689.14	ENST00000409930.3	113885137	+	SpCas9_NGG	SpCas9_CRISPRa	WTC11_IFNb	True	True	29	23	25	True
Il1rn	IL1RN	ENSG00000136689.14	ENST00000409930.3	113885137	+	SpCas9_NGG	SpCas9_CRISPRa	H1_rest	True	True	29	25	25	True
Il1rn	IL1RN	ENSG00000136689.14	ENST00000409930.3	113885137	+	SpCas9_NGG	SpCas9_CRISPRa	H1_IFNb	True	True	29	25	25	True
Il1rn	IL1RN	ENSG00000136689.14	ENST00000409930.3	113885137	+	CjCas9_NNNVRYM	MiniCAFE	WTC11_rest	True	True	22	16	17	True
Il1rn	IL1RN	ENSG00000136689.14	ENST00000409930.3	113885137	+	CjCas9_NNNVRYM	MiniCAFE	WTC11_IFNb	True	True	22	16	16	True
Il1rn	IL1RN	ENSG00000136689.14	ENST00000409930.3	113885137	+	CjCas9_NNNVRYM	MiniCAFE	H1_rest	True	True	22	16	17	True
Il1rn	IL1RN	ENSG00000136689.14	ENST00000409930.3	113885137	+	CjCas9_NNNVRYM	MiniCAFE	H1_IFNb	True	True	22	16	16	True
Il1rn	IL1RN	ENSG00000136689.14	ENST00000409930.3	113885137	+	Nme2Cas9_NNNNCC	proposed_dNme2Cas9_activator	WTC11_rest	True	True	25	22	22	True
Il1rn	IL1RN	ENSG00000136689.14	ENST00000409930.3	113885137	+	Nme2Cas9_NNNNCC	proposed_dNme2Cas9_activator	WTC11_IFNb	True	True	25	22	22	True
Il1rn	IL1RN	ENSG00000136689.14	ENST00000409930.3	113885137	+	Nme2Cas9_NNNNCC	proposed_dNme2Cas9_activator	H1_rest	True	True	25	22	22	True
Il1rn	IL1RN	ENSG00000136689.14	ENST00000409930.3	113885137	+	Nme2Cas9_NNNNCC	proposed_dNme2Cas9_activator	H1_IFNb	True	True	25	22	22	True
Il4ra	IL4R	ENSG00000077238.9	ENST00000395762.2	27325233	+	Un1Cas12f1_TTTR	HEAL;SminiCRa	WTC11_rest	True	True	1	1	1	True
Il4ra	IL4R	ENSG00000077238.9	ENST00000395762.2	27325233	+	Un1Cas12f1_TTTR	HEAL;SminiCRa	WTC11_IFNb	True	True	1	1	1	True
Il4ra	IL4R	ENSG00000077238.9	ENST00000395762.2	27325233	+	Un1Cas12f1_TTTR	HEAL;SminiCRa	H1_rest	True	True	1	1	1	True
Il4ra	IL4R	ENSG00000077238.9	ENST00000395762.2	27325233	+	Un1Cas12f1_TTTR	HEAL;SminiCRa	H1_IFNb	True	True	1	1	1	True
Il4ra	IL4R	ENSG00000077238.9	ENST00000395762.2	27325233	+	SaCas9_NNGRRT	SaCas9_CRISPRa	WTC11_rest	True	True	3	3	3	True
Il4ra	IL4R	ENSG00000077238.9	ENST00000395762.2	27325233	+	SaCas9_NNGRRT	SaCas9_CRISPRa	WTC11_IFNb	True	True	3	3	3	True
Il4ra	IL4R	ENSG00000077238.9	ENST00000395762.2	27325233	+	SaCas9_NNGRRT	SaCas9_CRISPRa	H1_rest	True	True	3	3	3	True
Il4ra	IL4R	ENSG00000077238.9	ENST00000395762.2	27325233	+	SaCas9_NNGRRT	SaCas9_CRISPRa	H1_IFNb	True	True	3	3	3	True
Il4ra	IL4R	ENSG00000077238.9	ENST00000395762.2	27325233	+	SpCas9_NGG	SpCas9_CRISPRa	WTC11_rest	True	True	28	28	28	True
Il4ra	IL4R	ENSG00000077238.9	ENST00000395762.2	27325233	+	SpCas9_NGG	SpCas9_CRISPRa	WTC11_IFNb	True	True	28	28	28	True
Il4ra	IL4R	ENSG00000077238.9	ENST00000395762.2	27325233	+	SpCas9_NGG	SpCas9_CRISPRa	H1_rest	True	True	28	28	28	True
Il4ra	IL4R	ENSG00000077238.9	ENST00000395762.2	27325233	+	SpCas9_NGG	SpCas9_CRISPRa	H1_IFNb	True	True	28	28	28	True
Il4ra	IL4R	ENSG00000077238.9	ENST00000395762.2	27325233	+	CjCas9_NNNVRYM	MiniCAFE	WTC11_rest	True	True	20	20	20	True
Il4ra	IL4R	ENSG00000077238.9	ENST00000395762.2	27325233	+	CjCas9_NNNVRYM	MiniCAFE	WTC11_IFNb	True	True	20	20	20	True
Il4ra	IL4R	ENSG00000077238.9	ENST00000395762.2	27325233	+	CjCas9_NNNVRYM	MiniCAFE	H1_rest	True	True	20	20	20	True
Il4ra	IL4R	ENSG00000077238.9	ENST00000395762.2	27325233	+	CjCas9_NNNVRYM	MiniCAFE	H1_IFNb	True	True	20	20	20	True
Il4ra	IL4R	ENSG00000077238.9	ENST00000395762.2	27325233	+	Nme2Cas9_NNNNCC	proposed_dNme2Cas9_activator	WTC11_rest	True	True	25	25	25	True
Il4ra	IL4R	ENSG00000077238.9	ENST00000395762.2	27325233	+	Nme2Cas9_NNNNCC	proposed_dNme2Cas9_activator	WTC11_IFNb	True	True	25	25	25	True
Il4ra	IL4R	ENSG00000077238.9	ENST00000395762.2	27325233	+	Nme2Cas9_NNNNCC	proposed_dNme2Cas9_activator	H1_rest	True	True	25	25	25	True
Il4ra	IL4R	ENSG00000077238.9	ENST00000395762.2	27325233	+	Nme2Cas9_NNNNCC	proposed_dNme2Cas9_activator	H1_IFNb	True	True	25	25	25	True
Irf8	IRF8	ENSG00000140968.6	ENST00000268638.5	85932408	+	Un1Cas12f1_TTTR	HEAL;SminiCRa	WTC11_rest	False	True	2	0	0	False
Irf8	IRF8	ENSG00000140968.6	ENST00000268638.5	85932408	+	Un1Cas12f1_TTTR	HEAL;SminiCRa	WTC11_IFNb	True	True	2	2	2	True
Irf8	IRF8	ENSG00000140968.6	ENST00000268638.5	85932408	+	Un1Cas12f1_TTTR	HEAL;SminiCRa	H1_rest	True	True	2	1	1	True
Irf8	IRF8	ENSG00000140968.6	ENST00000268638.5	85932408	+	Un1Cas12f1_TTTR	HEAL;SminiCRa	H1_IFNb	True	True	2	1	2	True
Irf8	IRF8	ENSG00000140968.6	ENST00000268638.5	85932408	+	SaCas9_NNGRRT	SaCas9_CRISPRa	WTC11_rest	False	True	4	1	1	True
Irf8	IRF8	ENSG00000140968.6	ENST00000268638.5	85932408	+	SaCas9_NNGRRT	SaCas9_CRISPRa	WTC11_IFNb	True	True	4	4	4	True
Irf8	IRF8	ENSG00000140968.6	ENST00000268638.5	85932408	+	SaCas9_NNGRRT	SaCas9_CRISPRa	H1_rest	True	True	4	3	3	True
Irf8	IRF8	ENSG00000140968.6	ENST00000268638.5	85932408	+	SaCas9_NNGRRT	SaCas9_CRISPRa	H1_IFNb	True	True	4	3	3	True
Irf8	IRF8	ENSG00000140968.6	ENST00000268638.5	85932408	+	SpCas9_NGG	SpCas9_CRISPRa	WTC11_rest	False	True	46	3	8	True
Irf8	IRF8	ENSG00000140968.6	ENST00000268638.5	85932408	+	SpCas9_NGG	SpCas9_CRISPRa	WTC11_IFNb	True	True	46	46	46	True
Irf8	IRF8	ENSG00000140968.6	ENST00000268638.5	85932408	+	SpCas9_NGG	SpCas9_CRISPRa	H1_rest	True	True	46	26	26	True
Irf8	IRF8	ENSG00000140968.6	ENST00000268638.5	85932408	+	SpCas9_NGG	SpCas9_CRISPRa	H1_IFNb	True	True	46	30	36	True
Irf8	IRF8	ENSG00000140968.6	ENST00000268638.5	85932408	+	CjCas9_NNNVRYM	MiniCAFE	WTC11_rest	False	True	36	3	5	True
Irf8	IRF8	ENSG00000140968.6	ENST00000268638.5	85932408	+	CjCas9_NNNVRYM	MiniCAFE	WTC11_IFNb	True	True	36	36	36	True
Irf8	IRF8	ENSG00000140968.6	ENST00000268638.5	85932408	+	CjCas9_NNNVRYM	MiniCAFE	H1_rest	True	True	36	20	22	True
Irf8	IRF8	ENSG00000140968.6	ENST00000268638.5	85932408	+	CjCas9_NNNVRYM	MiniCAFE	H1_IFNb	True	True	36	24	31	True
Irf8	IRF8	ENSG00000140968.6	ENST00000268638.5	85932408	+	Nme2Cas9_NNNNCC	proposed_dNme2Cas9_activator	WTC11_rest	False	True	49	2	6	True
Irf8	IRF8	ENSG00000140968.6	ENST00000268638.5	85932408	+	Nme2Cas9_NNNNCC	proposed_dNme2Cas9_activator	WTC11_IFNb	True	True	49	49	49	True
Irf8	IRF8	ENSG00000140968.6	ENST00000268638.5	85932408	+	Nme2Cas9_NNNNCC	proposed_dNme2Cas9_activator	H1_rest	True	True	49	29	30	True
Irf8	IRF8	ENSG00000140968.6	ENST00000268638.5	85932408	+	Nme2Cas9_NNNNCC	proposed_dNme2Cas9_activator	H1_IFNb	True	True	49	34	38	True
Lamp1	LAMP1	ENSG00000185896.9	ENST00000332556.4	113951555	+	Un1Cas12f1_TTTR	HEAL;SminiCRa	WTC11_rest	True	True	1	1	1	True
Lamp1	LAMP1	ENSG00000185896.9	ENST00000332556.4	113951555	+	Un1Cas12f1_TTTR	HEAL;SminiCRa	WTC11_IFNb	True	True	1	1	1	True
Lamp1	LAMP1	ENSG00000185896.9	ENST00000332556.4	113951555	+	Un1Cas12f1_TTTR	HEAL;SminiCRa	H1_rest	True	True	1	1	1	True
Lamp1	LAMP1	ENSG00000185896.9	ENST00000332556.4	113951555	+	Un1Cas12f1_TTTR	HEAL;SminiCRa	H1_IFNb	True	True	1	1	1	True
Lamp1	LAMP1	ENSG00000185896.9	ENST00000332556.4	113951555	+	SaCas9_NNGRRT	SaCas9_CRISPRa	WTC11_rest	True	True	2	2	2	True
Lamp1	LAMP1	ENSG00000185896.9	ENST00000332556.4	113951555	+	SaCas9_NNGRRT	SaCas9_CRISPRa	WTC11_IFNb	True	True	2	2	2	True
Lamp1	LAMP1	ENSG00000185896.9	ENST00000332556.4	113951555	+	SaCas9_NNGRRT	SaCas9_CRISPRa	H1_rest	True	True	2	2	2	True
Lamp1	LAMP1	ENSG00000185896.9	ENST00000332556.4	113951555	+	SaCas9_NNGRRT	SaCas9_CRISPRa	H1_IFNb	True	True	2	2	2	True
Lamp1	LAMP1	ENSG00000185896.9	ENST00000332556.4	113951555	+	SpCas9_NGG	SpCas9_CRISPRa	WTC11_rest	True	True	47	47	47	True
Lamp1	LAMP1	ENSG00000185896.9	ENST00000332556.4	113951555	+	SpCas9_NGG	SpCas9_CRISPRa	WTC11_IFNb	True	True	47	47	47	True
Lamp1	LAMP1	ENSG00000185896.9	ENST00000332556.4	113951555	+	SpCas9_NGG	SpCas9_CRISPRa	H1_rest	True	True	47	47	47	True
Lamp1	LAMP1	ENSG00000185896.9	ENST00000332556.4	113951555	+	SpCas9_NGG	SpCas9_CRISPRa	H1_IFNb	True	True	47	47	47	True
Lamp1	LAMP1	ENSG00000185896.9	ENST00000332556.4	113951555	+	CjCas9_NNNVRYM	MiniCAFE	WTC11_rest	True	True	19	19	19	True
Lamp1	LAMP1	ENSG00000185896.9	ENST00000332556.4	113951555	+	CjCas9_NNNVRYM	MiniCAFE	WTC11_IFNb	True	True	19	19	19	True
Lamp1	LAMP1	ENSG00000185896.9	ENST00000332556.4	113951555	+	CjCas9_NNNVRYM	MiniCAFE	H1_rest	True	True	19	19	19	True
Lamp1	LAMP1	ENSG00000185896.9	ENST00000332556.4	113951555	+	CjCas9_NNNVRYM	MiniCAFE	H1_IFNb	True	True	19	19	19	True
Lamp1	LAMP1	ENSG00000185896.9	ENST00000332556.4	113951555	+	Nme2Cas9_NNNNCC	proposed_dNme2Cas9_activator	WTC11_rest	True	True	28	28	28	True
Lamp1	LAMP1	ENSG00000185896.9	ENST00000332556.4	113951555	+	Nme2Cas9_NNNNCC	proposed_dNme2Cas9_activator	WTC11_IFNb	True	True	28	28	28	True
Lamp1	LAMP1	ENSG00000185896.9	ENST00000332556.4	113951555	+	Nme2Cas9_NNNNCC	proposed_dNme2Cas9_activator	H1_rest	True	True	28	28	28	True
Lamp1	LAMP1	ENSG00000185896.9	ENST00000332556.4	113951555	+	Nme2Cas9_NNNNCC	proposed_dNme2Cas9_activator	H1_IFNb	True	True	28	28	28	True
Lamp2	LAMP2	ENSG00000005893.11	ENST00000434600.2	119603219	-	Un1Cas12f1_TTTR	HEAL;SminiCRa	WTC11_rest	True	True	7	7	7	True
Lamp2	LAMP2	ENSG00000005893.11	ENST00000434600.2	119603219	-	Un1Cas12f1_TTTR	HEAL;SminiCRa	WTC11_IFNb	False	True	7	1	4	True
Lamp2	LAMP2	ENSG00000005893.11	ENST00000434600.2	119603219	-	Un1Cas12f1_TTTR	HEAL;SminiCRa	H1_rest	True	True	7	7	7	True
Lamp2	LAMP2	ENSG00000005893.11	ENST00000434600.2	119603219	-	Un1Cas12f1_TTTR	HEAL;SminiCRa	H1_IFNb	True	True	7	7	7	True
Lamp2	LAMP2	ENSG00000005893.11	ENST00000434600.2	119603219	-	SaCas9_NNGRRT	SaCas9_CRISPRa	WTC11_rest	True	True	3	3	3	True
Lamp2	LAMP2	ENSG00000005893.11	ENST00000434600.2	119603219	-	SaCas9_NNGRRT	SaCas9_CRISPRa	WTC11_IFNb	False	True	3	0	1	False
Lamp2	LAMP2	ENSG00000005893.11	ENST00000434600.2	119603219	-	SaCas9_NNGRRT	SaCas9_CRISPRa	H1_rest	True	True	3	2	2	True
Lamp2	LAMP2	ENSG00000005893.11	ENST00000434600.2	119603219	-	SaCas9_NNGRRT	SaCas9_CRISPRa	H1_IFNb	True	True	3	2	2	True
Lamp2	LAMP2	ENSG00000005893.11	ENST00000434600.2	119603219	-	SpCas9_NGG	SpCas9_CRISPRa	WTC11_rest	True	True	31	31	31	True
Lamp2	LAMP2	ENSG00000005893.11	ENST00000434600.2	119603219	-	SpCas9_NGG	SpCas9_CRISPRa	WTC11_IFNb	False	True	31	7	7	True
Lamp2	LAMP2	ENSG00000005893.11	ENST00000434600.2	119603219	-	SpCas9_NGG	SpCas9_CRISPRa	H1_rest	True	True	31	23	30	True
Lamp2	LAMP2	ENSG00000005893.11	ENST00000434600.2	119603219	-	SpCas9_NGG	SpCas9_CRISPRa	H1_IFNb	True	True	31	21	25	True
Lamp2	LAMP2	ENSG00000005893.11	ENST00000434600.2	119603219	-	CjCas9_NNNVRYM	MiniCAFE	WTC11_rest	True	True	38	38	38	True
Lamp2	LAMP2	ENSG00000005893.11	ENST00000434600.2	119603219	-	CjCas9_NNNVRYM	MiniCAFE	WTC11_IFNb	False	True	38	6	7	True
Lamp2	LAMP2	ENSG00000005893.11	ENST00000434600.2	119603219	-	CjCas9_NNNVRYM	MiniCAFE	H1_rest	True	True	38	29	34	True
Lamp2	LAMP2	ENSG00000005893.11	ENST00000434600.2	119603219	-	CjCas9_NNNVRYM	MiniCAFE	H1_IFNb	True	True	38	29	34	True
Lamp2	LAMP2	ENSG00000005893.11	ENST00000434600.2	119603219	-	Nme2Cas9_NNNNCC	proposed_dNme2Cas9_activator	WTC11_rest	True	True	33	33	33	True
Lamp2	LAMP2	ENSG00000005893.11	ENST00000434600.2	119603219	-	Nme2Cas9_NNNNCC	proposed_dNme2Cas9_activator	WTC11_IFNb	False	True	33	2	4	True
Lamp2	LAMP2	ENSG00000005893.11	ENST00000434600.2	119603219	-	Nme2Cas9_NNNNCC	proposed_dNme2Cas9_activator	H1_rest	True	True	33	29	31	True
Lamp2	LAMP2	ENSG00000005893.11	ENST00000434600.2	119603219	-	Nme2Cas9_NNNNCC	proposed_dNme2Cas9_activator	H1_IFNb	True	True	33	29	31	True
Lipa	LIPA	ENSG00000107798.13	ENST00000336233.5	91011814	-	Un1Cas12f1_TTTR	HEAL;SminiCRa	WTC11_rest	False	True	8	3	5	True
Lipa	LIPA	ENSG00000107798.13	ENST00000336233.5	91011814	-	Un1Cas12f1_TTTR	HEAL;SminiCRa	WTC11_IFNb	False	True	8	5	5	True
Lipa	LIPA	ENSG00000107798.13	ENST00000336233.5	91011814	-	Un1Cas12f1_TTTR	HEAL;SminiCRa	H1_rest	False	True	8	4	5	True
Lipa	LIPA	ENSG00000107798.13	ENST00000336233.5	91011814	-	Un1Cas12f1_TTTR	HEAL;SminiCRa	H1_IFNb	False	True	8	4	5	True
Lipa	LIPA	ENSG00000107798.13	ENST00000336233.5	91011814	-	SaCas9_NNGRRT	SaCas9_CRISPRa	WTC11_rest	False	True	3	1	1	True
Lipa	LIPA	ENSG00000107798.13	ENST00000336233.5	91011814	-	SaCas9_NNGRRT	SaCas9_CRISPRa	WTC11_IFNb	False	True	3	1	1	True
Lipa	LIPA	ENSG00000107798.13	ENST00000336233.5	91011814	-	SaCas9_NNGRRT	SaCas9_CRISPRa	H1_rest	False	True	3	1	1	True
Lipa	LIPA	ENSG00000107798.13	ENST00000336233.5	91011814	-	SaCas9_NNGRRT	SaCas9_CRISPRa	H1_IFNb	False	True	3	1	1	True
Lipa	LIPA	ENSG00000107798.13	ENST00000336233.5	91011814	-	SpCas9_NGG	SpCas9_CRISPRa	WTC11_rest	False	True	16	6	7	True
Lipa	LIPA	ENSG00000107798.13	ENST00000336233.5	91011814	-	SpCas9_NGG	SpCas9_CRISPRa	WTC11_IFNb	False	True	16	7	7	True
Lipa	LIPA	ENSG00000107798.13	ENST00000336233.5	91011814	-	SpCas9_NGG	SpCas9_CRISPRa	H1_rest	False	True	16	6	7	True
Lipa	LIPA	ENSG00000107798.13	ENST00000336233.5	91011814	-	SpCas9_NGG	SpCas9_CRISPRa	H1_IFNb	False	True	16	7	7	True
Lipa	LIPA	ENSG00000107798.13	ENST00000336233.5	91011814	-	CjCas9_NNNVRYM	MiniCAFE	WTC11_rest	False	True	33	8	14	True
Lipa	LIPA	ENSG00000107798.13	ENST00000336233.5	91011814	-	CjCas9_NNNVRYM	MiniCAFE	WTC11_IFNb	False	True	33	14	14	True
Lipa	LIPA	ENSG00000107798.13	ENST00000336233.5	91011814	-	CjCas9_NNNVRYM	MiniCAFE	H1_rest	False	True	33	9	14	True
Lipa	LIPA	ENSG00000107798.13	ENST00000336233.5	91011814	-	CjCas9_NNNVRYM	MiniCAFE	H1_IFNb	False	True	33	13	14	True
Lipa	LIPA	ENSG00000107798.13	ENST00000336233.5	91011814	-	Nme2Cas9_NNNNCC	proposed_dNme2Cas9_activator	WTC11_rest	False	True	15	9	9	True
Lipa	LIPA	ENSG00000107798.13	ENST00000336233.5	91011814	-	Nme2Cas9_NNNNCC	proposed_dNme2Cas9_activator	WTC11_IFNb	False	True	15	9	9	True
Lipa	LIPA	ENSG00000107798.13	ENST00000336233.5	91011814	-	Nme2Cas9_NNNNCC	proposed_dNme2Cas9_activator	H1_rest	False	True	15	9	9	True
Lipa	LIPA	ENSG00000107798.13	ENST00000336233.5	91011814	-	Nme2Cas9_NNNNCC	proposed_dNme2Cas9_activator	H1_IFNb	False	True	15	9	9	True
Lpl	LPL	ENSG00000175445.10	ENST00000311322.8	19796481	+	Un1Cas12f1_TTTR	HEAL;SminiCRa	WTC11_rest	False	False	10	0	0	False
Lpl	LPL	ENSG00000175445.10	ENST00000311322.8	19796481	+	Un1Cas12f1_TTTR	HEAL;SminiCRa	WTC11_IFNb	False	False	10	0	0	False
Lpl	LPL	ENSG00000175445.10	ENST00000311322.8	19796481	+	Un1Cas12f1_TTTR	HEAL;SminiCRa	H1_rest	False	False	10	0	0	False
Lpl	LPL	ENSG00000175445.10	ENST00000311322.8	19796481	+	Un1Cas12f1_TTTR	HEAL;SminiCRa	H1_IFNb	False	False	10	0	0	False
Lpl	LPL	ENSG00000175445.10	ENST00000311322.8	19796481	+	SaCas9_NNGRRT	SaCas9_CRISPRa	WTC11_rest	False	False	10	0	0	False
Lpl	LPL	ENSG00000175445.10	ENST00000311322.8	19796481	+	SaCas9_NNGRRT	SaCas9_CRISPRa	WTC11_IFNb	False	False	10	0	0	False
Lpl	LPL	ENSG00000175445.10	ENST00000311322.8	19796481	+	SaCas9_NNGRRT	SaCas9_CRISPRa	H1_rest	False	False	10	0	0	False
Lpl	LPL	ENSG00000175445.10	ENST00000311322.8	19796481	+	SaCas9_NNGRRT	SaCas9_CRISPRa	H1_IFNb	False	False	10	0	0	False
Lpl	LPL	ENSG00000175445.10	ENST00000311322.8	19796481	+	SpCas9_NGG	SpCas9_CRISPRa	WTC11_rest	False	False	21	0	0	False
Lpl	LPL	ENSG00000175445.10	ENST00000311322.8	19796481	+	SpCas9_NGG	SpCas9_CRISPRa	WTC11_IFNb	False	False	21	0	0	False
Lpl	LPL	ENSG00000175445.10	ENST00000311322.8	19796481	+	SpCas9_NGG	SpCas9_CRISPRa	H1_rest	False	False	21	0	0	False
Lpl	LPL	ENSG00000175445.10	ENST00000311322.8	19796481	+	SpCas9_NGG	SpCas9_CRISPRa	H1_IFNb	False	False	21	0	0	False
Lpl	LPL	ENSG00000175445.10	ENST00000311322.8	19796481	+	CjCas9_NNNVRYM	MiniCAFE	WTC11_rest	False	False	44	0	0	False
Lpl	LPL	ENSG00000175445.10	ENST00000311322.8	19796481	+	CjCas9_NNNVRYM	MiniCAFE	WTC11_IFNb	False	False	44	0	0	False
Lpl	LPL	ENSG00000175445.10	ENST00000311322.8	19796481	+	CjCas9_NNNVRYM	MiniCAFE	H1_rest	False	False	44	0	0	False
Lpl	LPL	ENSG00000175445.10	ENST00000311322.8	19796481	+	CjCas9_NNNVRYM	MiniCAFE	H1_IFNb	False	False	44	0	0	False
Lpl	LPL	ENSG00000175445.10	ENST00000311322.8	19796481	+	Nme2Cas9_NNNNCC	proposed_dNme2Cas9_activator	WTC11_rest	False	False	25	0	0	False
Lpl	LPL	ENSG00000175445.10	ENST00000311322.8	19796481	+	Nme2Cas9_NNNNCC	proposed_dNme2Cas9_activator	WTC11_IFNb	False	False	25	0	0	False
Lpl	LPL	ENSG00000175445.10	ENST00000311322.8	19796481	+	Nme2Cas9_NNNNCC	proposed_dNme2Cas9_activator	H1_rest	False	False	25	0	0	False
Lpl	LPL	ENSG00000175445.10	ENST00000311322.8	19796481	+	Nme2Cas9_NNNNCC	proposed_dNme2Cas9_activator	H1_IFNb	False	False	25	0	0	False
Map1lc3b	MAP1LC3B	ENSG00000140941.8	ENST00000268607.5	87425405	+	Un1Cas12f1_TTTR	HEAL;SminiCRa	WTC11_rest	True	True	5	2	2	True
Map1lc3b	MAP1LC3B	ENSG00000140941.8	ENST00000268607.5	87425405	+	Un1Cas12f1_TTTR	HEAL;SminiCRa	WTC11_IFNb	True	True	5	2	2	True
Map1lc3b	MAP1LC3B	ENSG00000140941.8	ENST00000268607.5	87425405	+	Un1Cas12f1_TTTR	HEAL;SminiCRa	H1_rest	True	True	5	2	2	True
Map1lc3b	MAP1LC3B	ENSG00000140941.8	ENST00000268607.5	87425405	+	Un1Cas12f1_TTTR	HEAL;SminiCRa	H1_IFNb	True	True	5	2	3	True
Map1lc3b	MAP1LC3B	ENSG00000140941.8	ENST00000268607.5	87425405	+	SaCas9_NNGRRT	SaCas9_CRISPRa	WTC11_rest	True	True	5	1	1	True
Map1lc3b	MAP1LC3B	ENSG00000140941.8	ENST00000268607.5	87425405	+	SaCas9_NNGRRT	SaCas9_CRISPRa	WTC11_IFNb	True	True	5	1	1	True
Map1lc3b	MAP1LC3B	ENSG00000140941.8	ENST00000268607.5	87425405	+	SaCas9_NNGRRT	SaCas9_CRISPRa	H1_rest	True	True	5	1	2	True
Map1lc3b	MAP1LC3B	ENSG00000140941.8	ENST00000268607.5	87425405	+	SaCas9_NNGRRT	SaCas9_CRISPRa	H1_IFNb	True	True	5	4	4	True
Map1lc3b	MAP1LC3B	ENSG00000140941.8	ENST00000268607.5	87425405	+	SpCas9_NGG	SpCas9_CRISPRa	WTC11_rest	True	True	38	14	18	True
Map1lc3b	MAP1LC3B	ENSG00000140941.8	ENST00000268607.5	87425405	+	SpCas9_NGG	SpCas9_CRISPRa	WTC11_IFNb	True	True	38	19	25	True
Map1lc3b	MAP1LC3B	ENSG00000140941.8	ENST00000268607.5	87425405	+	SpCas9_NGG	SpCas9_CRISPRa	H1_rest	True	True	38	22	28	True
Map1lc3b	MAP1LC3B	ENSG00000140941.8	ENST00000268607.5	87425405	+	SpCas9_NGG	SpCas9_CRISPRa	H1_IFNb	True	True	38	33	35	True
Map1lc3b	MAP1LC3B	ENSG00000140941.8	ENST00000268607.5	87425405	+	CjCas9_NNNVRYM	MiniCAFE	WTC11_rest	True	True	39	13	18	True
Map1lc3b	MAP1LC3B	ENSG00000140941.8	ENST00000268607.5	87425405	+	CjCas9_NNNVRYM	MiniCAFE	WTC11_IFNb	True	True	39	22	27	True
Map1lc3b	MAP1LC3B	ENSG00000140941.8	ENST00000268607.5	87425405	+	CjCas9_NNNVRYM	MiniCAFE	H1_rest	True	True	39	24	28	True
Map1lc3b	MAP1LC3B	ENSG00000140941.8	ENST00000268607.5	87425405	+	CjCas9_NNNVRYM	MiniCAFE	H1_IFNb	True	True	39	32	36	True
Map1lc3b	MAP1LC3B	ENSG00000140941.8	ENST00000268607.5	87425405	+	Nme2Cas9_NNNNCC	proposed_dNme2Cas9_activator	WTC11_rest	True	True	31	18	22	True
Map1lc3b	MAP1LC3B	ENSG00000140941.8	ENST00000268607.5	87425405	+	Nme2Cas9_NNNNCC	proposed_dNme2Cas9_activator	WTC11_IFNb	True	True	31	24	27	True
Map1lc3b	MAP1LC3B	ENSG00000140941.8	ENST00000268607.5	87425405	+	Nme2Cas9_NNNNCC	proposed_dNme2Cas9_activator	H1_rest	True	True	31	24	27	True
Map1lc3b	MAP1LC3B	ENSG00000140941.8	ENST00000268607.5	87425405	+	Nme2Cas9_NNNNCC	proposed_dNme2Cas9_activator	H1_IFNb	True	True	31	28	28	True
Mcoln1	MCOLN1	ENSG00000090674.11	ENST00000264079.6	7587511	+	Un1Cas12f1_TTTR	HEAL;SminiCRa	WTC11_rest	True	True	3	2	3	True
Mcoln1	MCOLN1	ENSG00000090674.11	ENST00000264079.6	7587511	+	Un1Cas12f1_TTTR	HEAL;SminiCRa	WTC11_IFNb	True	True	3	3	3	True
Mcoln1	MCOLN1	ENSG00000090674.11	ENST00000264079.6	7587511	+	Un1Cas12f1_TTTR	HEAL;SminiCRa	H1_rest	False	False	3	0	0	False
Mcoln1	MCOLN1	ENSG00000090674.11	ENST00000264079.6	7587511	+	Un1Cas12f1_TTTR	HEAL;SminiCRa	H1_IFNb	True	True	3	1	3	True
Mcoln1	MCOLN1	ENSG00000090674.11	ENST00000264079.6	7587511	+	SaCas9_NNGRRT	SaCas9_CRISPRa	WTC11_rest	True	True	7	6	7	True
Mcoln1	MCOLN1	ENSG00000090674.11	ENST00000264079.6	7587511	+	SaCas9_NNGRRT	SaCas9_CRISPRa	WTC11_IFNb	True	True	7	7	7	True
Mcoln1	MCOLN1	ENSG00000090674.11	ENST00000264079.6	7587511	+	SaCas9_NNGRRT	SaCas9_CRISPRa	H1_rest	False	False	7	0	0	False
Mcoln1	MCOLN1	ENSG00000090674.11	ENST00000264079.6	7587511	+	SaCas9_NNGRRT	SaCas9_CRISPRa	H1_IFNb	True	True	7	5	7	True
Mcoln1	MCOLN1	ENSG00000090674.11	ENST00000264079.6	7587511	+	SpCas9_NGG	SpCas9_CRISPRa	WTC11_rest	True	True	45	42	45	True
Mcoln1	MCOLN1	ENSG00000090674.11	ENST00000264079.6	7587511	+	SpCas9_NGG	SpCas9_CRISPRa	WTC11_IFNb	True	True	45	45	45	True
Mcoln1	MCOLN1	ENSG00000090674.11	ENST00000264079.6	7587511	+	SpCas9_NGG	SpCas9_CRISPRa	H1_rest	False	False	45	0	0	False
Mcoln1	MCOLN1	ENSG00000090674.11	ENST00000264079.6	7587511	+	SpCas9_NGG	SpCas9_CRISPRa	H1_IFNb	True	True	45	41	45	True
Mcoln1	MCOLN1	ENSG00000090674.11	ENST00000264079.6	7587511	+	CjCas9_NNNVRYM	MiniCAFE	WTC11_rest	True	True	41	37	41	True
Mcoln1	MCOLN1	ENSG00000090674.11	ENST00000264079.6	7587511	+	CjCas9_NNNVRYM	MiniCAFE	WTC11_IFNb	True	True	41	41	41	True
Mcoln1	MCOLN1	ENSG00000090674.11	ENST00000264079.6	7587511	+	CjCas9_NNNVRYM	MiniCAFE	H1_rest	False	False	41	0	0	False
Mcoln1	MCOLN1	ENSG00000090674.11	ENST00000264079.6	7587511	+	CjCas9_NNNVRYM	MiniCAFE	H1_IFNb	True	True	41	36	41	True
Mcoln1	MCOLN1	ENSG00000090674.11	ENST00000264079.6	7587511	+	Nme2Cas9_NNNNCC	proposed_dNme2Cas9_activator	WTC11_rest	True	True	40	39	40	True
Mcoln1	MCOLN1	ENSG00000090674.11	ENST00000264079.6	7587511	+	Nme2Cas9_NNNNCC	proposed_dNme2Cas9_activator	WTC11_IFNb	True	True	40	40	40	True
Mcoln1	MCOLN1	ENSG00000090674.11	ENST00000264079.6	7587511	+	Nme2Cas9_NNNNCC	proposed_dNme2Cas9_activator	H1_rest	False	False	40	0	0	False
Mcoln1	MCOLN1	ENSG00000090674.11	ENST00000264079.6	7587511	+	Nme2Cas9_NNNNCC	proposed_dNme2Cas9_activator	H1_IFNb	True	True	40	39	40	True
Megf10	MEGF10	ENSG00000145794.12	ENST00000503335.2	126626522	+	Un1Cas12f1_TTTR	HEAL;SminiCRa	WTC11_rest	True	True	1	1	1	True
Megf10	MEGF10	ENSG00000145794.12	ENST00000503335.2	126626522	+	Un1Cas12f1_TTTR	HEAL;SminiCRa	WTC11_IFNb	True	True	1	1	1	True
Megf10	MEGF10	ENSG00000145794.12	ENST00000503335.2	126626522	+	Un1Cas12f1_TTTR	HEAL;SminiCRa	H1_rest	True	True	1	1	1	True
Megf10	MEGF10	ENSG00000145794.12	ENST00000503335.2	126626522	+	Un1Cas12f1_TTTR	HEAL;SminiCRa	H1_IFNb	True	True	1	1	1	True
Megf10	MEGF10	ENSG00000145794.12	ENST00000503335.2	126626522	+	SaCas9_NNGRRT	SaCas9_CRISPRa	WTC11_rest	True	True	11	11	11	True
Megf10	MEGF10	ENSG00000145794.12	ENST00000503335.2	126626522	+	SaCas9_NNGRRT	SaCas9_CRISPRa	WTC11_IFNb	True	True	11	11	11	True
Megf10	MEGF10	ENSG00000145794.12	ENST00000503335.2	126626522	+	SaCas9_NNGRRT	SaCas9_CRISPRa	H1_rest	True	True	11	11	11	True
Megf10	MEGF10	ENSG00000145794.12	ENST00000503335.2	126626522	+	SaCas9_NNGRRT	SaCas9_CRISPRa	H1_IFNb	True	True	11	11	11	True
Megf10	MEGF10	ENSG00000145794.12	ENST00000503335.2	126626522	+	SpCas9_NGG	SpCas9_CRISPRa	WTC11_rest	True	True	50	50	50	True
Megf10	MEGF10	ENSG00000145794.12	ENST00000503335.2	126626522	+	SpCas9_NGG	SpCas9_CRISPRa	WTC11_IFNb	True	True	50	50	50	True
Megf10	MEGF10	ENSG00000145794.12	ENST00000503335.2	126626522	+	SpCas9_NGG	SpCas9_CRISPRa	H1_rest	True	True	50	50	50	True
Megf10	MEGF10	ENSG00000145794.12	ENST00000503335.2	126626522	+	SpCas9_NGG	SpCas9_CRISPRa	H1_IFNb	True	True	50	50	50	True
Megf10	MEGF10	ENSG00000145794.12	ENST00000503335.2	126626522	+	CjCas9_NNNVRYM	MiniCAFE	WTC11_rest	True	True	34	34	34	True
Megf10	MEGF10	ENSG00000145794.12	ENST00000503335.2	126626522	+	CjCas9_NNNVRYM	MiniCAFE	WTC11_IFNb	True	True	34	34	34	True
Megf10	MEGF10	ENSG00000145794.12	ENST00000503335.2	126626522	+	CjCas9_NNNVRYM	MiniCAFE	H1_rest	True	True	34	34	34	True
Megf10	MEGF10	ENSG00000145794.12	ENST00000503335.2	126626522	+	CjCas9_NNNVRYM	MiniCAFE	H1_IFNb	True	True	34	34	34	True
Megf10	MEGF10	ENSG00000145794.12	ENST00000503335.2	126626522	+	Nme2Cas9_NNNNCC	proposed_dNme2Cas9_activator	WTC11_rest	True	True	40	40	40	True
Megf10	MEGF10	ENSG00000145794.12	ENST00000503335.2	126626522	+	Nme2Cas9_NNNNCC	proposed_dNme2Cas9_activator	WTC11_IFNb	True	True	40	40	40	True
Megf10	MEGF10	ENSG00000145794.12	ENST00000503335.2	126626522	+	Nme2Cas9_NNNNCC	proposed_dNme2Cas9_activator	H1_rest	True	True	40	40	40	True
Megf10	MEGF10	ENSG00000145794.12	ENST00000503335.2	126626522	+	Nme2Cas9_NNNNCC	proposed_dNme2Cas9_activator	H1_IFNb	True	True	40	40	40	True
Mertk	MERTK	ENSG00000153208.12	ENST00000295408.4	112656055	+	Un1Cas12f1_TTTR	HEAL;SminiCRa	WTC11_rest	True	True	0	0	0	False
Mertk	MERTK	ENSG00000153208.12	ENST00000295408.4	112656055	+	Un1Cas12f1_TTTR	HEAL;SminiCRa	WTC11_IFNb	True	True	0	0	0	False
Mertk	MERTK	ENSG00000153208.12	ENST00000295408.4	112656055	+	Un1Cas12f1_TTTR	HEAL;SminiCRa	H1_rest	True	True	0	0	0	False
Mertk	MERTK	ENSG00000153208.12	ENST00000295408.4	112656055	+	Un1Cas12f1_TTTR	HEAL;SminiCRa	H1_IFNb	True	True	0	0	0	False
Mertk	MERTK	ENSG00000153208.12	ENST00000295408.4	112656055	+	SaCas9_NNGRRT	SaCas9_CRISPRa	WTC11_rest	True	True	5	5	5	True
Mertk	MERTK	ENSG00000153208.12	ENST00000295408.4	112656055	+	SaCas9_NNGRRT	SaCas9_CRISPRa	WTC11_IFNb	True	True	5	5	5	True
Mertk	MERTK	ENSG00000153208.12	ENST00000295408.4	112656055	+	SaCas9_NNGRRT	SaCas9_CRISPRa	H1_rest	True	True	5	5	5	True
Mertk	MERTK	ENSG00000153208.12	ENST00000295408.4	112656055	+	SaCas9_NNGRRT	SaCas9_CRISPRa	H1_IFNb	True	True	5	5	5	True
Mertk	MERTK	ENSG00000153208.12	ENST00000295408.4	112656055	+	SpCas9_NGG	SpCas9_CRISPRa	WTC11_rest	True	True	43	43	43	True
Mertk	MERTK	ENSG00000153208.12	ENST00000295408.4	112656055	+	SpCas9_NGG	SpCas9_CRISPRa	WTC11_IFNb	True	True	43	43	43	True
Mertk	MERTK	ENSG00000153208.12	ENST00000295408.4	112656055	+	SpCas9_NGG	SpCas9_CRISPRa	H1_rest	True	True	43	43	43	True
Mertk	MERTK	ENSG00000153208.12	ENST00000295408.4	112656055	+	SpCas9_NGG	SpCas9_CRISPRa	H1_IFNb	True	True	43	43	43	True
Mertk	MERTK	ENSG00000153208.12	ENST00000295408.4	112656055	+	CjCas9_NNNVRYM	MiniCAFE	WTC11_rest	True	True	26	26	26	True
Mertk	MERTK	ENSG00000153208.12	ENST00000295408.4	112656055	+	CjCas9_NNNVRYM	MiniCAFE	WTC11_IFNb	True	True	26	26	26	True
Mertk	MERTK	ENSG00000153208.12	ENST00000295408.4	112656055	+	CjCas9_NNNVRYM	MiniCAFE	H1_rest	True	True	26	26	26	True
Mertk	MERTK	ENSG00000153208.12	ENST00000295408.4	112656055	+	CjCas9_NNNVRYM	MiniCAFE	H1_IFNb	True	True	26	26	26	True
Mertk	MERTK	ENSG00000153208.12	ENST00000295408.4	112656055	+	Nme2Cas9_NNNNCC	proposed_dNme2Cas9_activator	WTC11_rest	True	True	47	47	47	True
Mertk	MERTK	ENSG00000153208.12	ENST00000295408.4	112656055	+	Nme2Cas9_NNNNCC	proposed_dNme2Cas9_activator	WTC11_IFNb	True	True	47	47	47	True
Mertk	MERTK	ENSG00000153208.12	ENST00000295408.4	112656055	+	Nme2Cas9_NNNNCC	proposed_dNme2Cas9_activator	H1_rest	True	True	47	47	47	True
Mertk	MERTK	ENSG00000153208.12	ENST00000295408.4	112656055	+	Nme2Cas9_NNNNCC	proposed_dNme2Cas9_activator	H1_IFNb	True	True	47	47	47	True
Mrc1	MRC1	ENSG00000120586.4	ENST00000239761.3	18098351	+	Un1Cas12f1_TTTR	HEAL;SminiCRa	WTC11_rest	False	False	2	0	0	False
Mrc1	MRC1	ENSG00000120586.4	ENST00000239761.3	18098351	+	Un1Cas12f1_TTTR	HEAL;SminiCRa	WTC11_IFNb	False	False	2	0	0	False
Mrc1	MRC1	ENSG00000120586.4	ENST00000239761.3	18098351	+	Un1Cas12f1_TTTR	HEAL;SminiCRa	H1_rest	False	False	2	0	0	False
Mrc1	MRC1	ENSG00000120586.4	ENST00000239761.3	18098351	+	Un1Cas12f1_TTTR	HEAL;SminiCRa	H1_IFNb	False	False	2	0	0	False
Mrc1	MRC1	ENSG00000120586.4	ENST00000239761.3	18098351	+	SaCas9_NNGRRT	SaCas9_CRISPRa	WTC11_rest	False	False	8	0	0	False
Mrc1	MRC1	ENSG00000120586.4	ENST00000239761.3	18098351	+	SaCas9_NNGRRT	SaCas9_CRISPRa	WTC11_IFNb	False	False	8	0	0	False
Mrc1	MRC1	ENSG00000120586.4	ENST00000239761.3	18098351	+	SaCas9_NNGRRT	SaCas9_CRISPRa	H1_rest	False	False	8	0	0	False
Mrc1	MRC1	ENSG00000120586.4	ENST00000239761.3	18098351	+	SaCas9_NNGRRT	SaCas9_CRISPRa	H1_IFNb	False	False	8	0	0	False
Mrc1	MRC1	ENSG00000120586.4	ENST00000239761.3	18098351	+	SpCas9_NGG	SpCas9_CRISPRa	WTC11_rest	False	False	52	0	0	False
Mrc1	MRC1	ENSG00000120586.4	ENST00000239761.3	18098351	+	SpCas9_NGG	SpCas9_CRISPRa	WTC11_IFNb	False	False	52	0	0	False
Mrc1	MRC1	ENSG00000120586.4	ENST00000239761.3	18098351	+	SpCas9_NGG	SpCas9_CRISPRa	H1_rest	False	False	52	0	0	False
Mrc1	MRC1	ENSG00000120586.4	ENST00000239761.3	18098351	+	SpCas9_NGG	SpCas9_CRISPRa	H1_IFNb	False	False	52	0	0	False
Mrc1	MRC1	ENSG00000120586.4	ENST00000239761.3	18098351	+	CjCas9_NNNVRYM	MiniCAFE	WTC11_rest	False	False	41	0	0	False
Mrc1	MRC1	ENSG00000120586.4	ENST00000239761.3	18098351	+	CjCas9_NNNVRYM	MiniCAFE	WTC11_IFNb	False	False	41	0	0	False
Mrc1	MRC1	ENSG00000120586.4	ENST00000239761.3	18098351	+	CjCas9_NNNVRYM	MiniCAFE	H1_rest	False	False	41	0	0	False
Mrc1	MRC1	ENSG00000120586.4	ENST00000239761.3	18098351	+	CjCas9_NNNVRYM	MiniCAFE	H1_IFNb	False	False	41	0	0	False
Mrc1	MRC1	ENSG00000120586.4	ENST00000239761.3	18098351	+	Nme2Cas9_NNNNCC	proposed_dNme2Cas9_activator	WTC11_rest	False	False	49	0	0	False
Mrc1	MRC1	ENSG00000120586.4	ENST00000239761.3	18098351	+	Nme2Cas9_NNNNCC	proposed_dNme2Cas9_activator	WTC11_IFNb	False	False	49	0	0	False
Mrc1	MRC1	ENSG00000120586.4	ENST00000239761.3	18098351	+	Nme2Cas9_NNNNCC	proposed_dNme2Cas9_activator	H1_rest	False	False	49	0	0	False
Mrc1	MRC1	ENSG00000120586.4	ENST00000239761.3	18098351	+	Nme2Cas9_NNNNCC	proposed_dNme2Cas9_activator	H1_IFNb	False	False	49	0	0	False
Nfkb1	NFKB1	ENSG00000109320.7	ENST00000226574.4	103422485	+	Un1Cas12f1_TTTR	HEAL;SminiCRa	WTC11_rest	True	True	0	0	0	False
Nfkb1	NFKB1	ENSG00000109320.7	ENST00000226574.4	103422485	+	Un1Cas12f1_TTTR	HEAL;SminiCRa	WTC11_IFNb	True	True	0	0	0	False
Nfkb1	NFKB1	ENSG00000109320.7	ENST00000226574.4	103422485	+	Un1Cas12f1_TTTR	HEAL;SminiCRa	H1_rest	True	True	0	0	0	False
Nfkb1	NFKB1	ENSG00000109320.7	ENST00000226574.4	103422485	+	Un1Cas12f1_TTTR	HEAL;SminiCRa	H1_IFNb	True	True	0	0	0	False
Nfkb1	NFKB1	ENSG00000109320.7	ENST00000226574.4	103422485	+	SaCas9_NNGRRT	SaCas9_CRISPRa	WTC11_rest	True	True	2	2	2	True
Nfkb1	NFKB1	ENSG00000109320.7	ENST00000226574.4	103422485	+	SaCas9_NNGRRT	SaCas9_CRISPRa	WTC11_IFNb	True	True	2	2	2	True
Nfkb1	NFKB1	ENSG00000109320.7	ENST00000226574.4	103422485	+	SaCas9_NNGRRT	SaCas9_CRISPRa	H1_rest	True	True	2	2	2	True
Nfkb1	NFKB1	ENSG00000109320.7	ENST00000226574.4	103422485	+	SaCas9_NNGRRT	SaCas9_CRISPRa	H1_IFNb	True	True	2	2	2	True
Nfkb1	NFKB1	ENSG00000109320.7	ENST00000226574.4	103422485	+	SpCas9_NGG	SpCas9_CRISPRa	WTC11_rest	True	True	32	32	32	True
Nfkb1	NFKB1	ENSG00000109320.7	ENST00000226574.4	103422485	+	SpCas9_NGG	SpCas9_CRISPRa	WTC11_IFNb	True	True	32	32	32	True
Nfkb1	NFKB1	ENSG00000109320.7	ENST00000226574.4	103422485	+	SpCas9_NGG	SpCas9_CRISPRa	H1_rest	True	True	32	32	32	True
Nfkb1	NFKB1	ENSG00000109320.7	ENST00000226574.4	103422485	+	SpCas9_NGG	SpCas9_CRISPRa	H1_IFNb	True	True	32	32	32	True
Nfkb1	NFKB1	ENSG00000109320.7	ENST00000226574.4	103422485	+	CjCas9_NNNVRYM	MiniCAFE	WTC11_rest	True	True	20	20	20	True
Nfkb1	NFKB1	ENSG00000109320.7	ENST00000226574.4	103422485	+	CjCas9_NNNVRYM	MiniCAFE	WTC11_IFNb	True	True	20	20	20	True
Nfkb1	NFKB1	ENSG00000109320.7	ENST00000226574.4	103422485	+	CjCas9_NNNVRYM	MiniCAFE	H1_rest	True	True	20	20	20	True
Nfkb1	NFKB1	ENSG00000109320.7	ENST00000226574.4	103422485	+	CjCas9_NNNVRYM	MiniCAFE	H1_IFNb	True	True	20	20	20	True
Nfkb1	NFKB1	ENSG00000109320.7	ENST00000226574.4	103422485	+	Nme2Cas9_NNNNCC	proposed_dNme2Cas9_activator	WTC11_rest	True	True	17	17	17	True
Nfkb1	NFKB1	ENSG00000109320.7	ENST00000226574.4	103422485	+	Nme2Cas9_NNNNCC	proposed_dNme2Cas9_activator	WTC11_IFNb	True	True	17	17	17	True
Nfkb1	NFKB1	ENSG00000109320.7	ENST00000226574.4	103422485	+	Nme2Cas9_NNNNCC	proposed_dNme2Cas9_activator	H1_rest	True	True	17	17	17	True
Nfkb1	NFKB1	ENSG00000109320.7	ENST00000226574.4	103422485	+	Nme2Cas9_NNNNCC	proposed_dNme2Cas9_activator	H1_IFNb	True	True	17	17	17	True
Nr1h3	NR1H3	ENSG00000025434.14	ENST00000467728.1	47279529	+	Un1Cas12f1_TTTR	HEAL;SminiCRa	WTC11_rest	True	True	2	2	2	True
Nr1h3	NR1H3	ENSG00000025434.14	ENST00000467728.1	47279529	+	Un1Cas12f1_TTTR	HEAL;SminiCRa	WTC11_IFNb	True	True	2	2	2	True
Nr1h3	NR1H3	ENSG00000025434.14	ENST00000467728.1	47279529	+	Un1Cas12f1_TTTR	HEAL;SminiCRa	H1_rest	True	True	2	2	2	True
Nr1h3	NR1H3	ENSG00000025434.14	ENST00000467728.1	47279529	+	Un1Cas12f1_TTTR	HEAL;SminiCRa	H1_IFNb	True	True	2	2	2	True
Nr1h3	NR1H3	ENSG00000025434.14	ENST00000467728.1	47279529	+	SaCas9_NNGRRT	SaCas9_CRISPRa	WTC11_rest	True	True	8	8	8	True
Nr1h3	NR1H3	ENSG00000025434.14	ENST00000467728.1	47279529	+	SaCas9_NNGRRT	SaCas9_CRISPRa	WTC11_IFNb	True	True	8	8	8	True
Nr1h3	NR1H3	ENSG00000025434.14	ENST00000467728.1	47279529	+	SaCas9_NNGRRT	SaCas9_CRISPRa	H1_rest	True	True	8	8	8	True
Nr1h3	NR1H3	ENSG00000025434.14	ENST00000467728.1	47279529	+	SaCas9_NNGRRT	SaCas9_CRISPRa	H1_IFNb	True	True	8	8	8	True
Nr1h3	NR1H3	ENSG00000025434.14	ENST00000467728.1	47279529	+	SpCas9_NGG	SpCas9_CRISPRa	WTC11_rest	True	True	64	64	64	True
Nr1h3	NR1H3	ENSG00000025434.14	ENST00000467728.1	47279529	+	SpCas9_NGG	SpCas9_CRISPRa	WTC11_IFNb	True	True	64	64	64	True
Nr1h3	NR1H3	ENSG00000025434.14	ENST00000467728.1	47279529	+	SpCas9_NGG	SpCas9_CRISPRa	H1_rest	True	True	64	64	64	True
Nr1h3	NR1H3	ENSG00000025434.14	ENST00000467728.1	47279529	+	SpCas9_NGG	SpCas9_CRISPRa	H1_IFNb	True	True	64	64	64	True
Nr1h3	NR1H3	ENSG00000025434.14	ENST00000467728.1	47279529	+	CjCas9_NNNVRYM	MiniCAFE	WTC11_rest	True	True	28	28	28	True
Nr1h3	NR1H3	ENSG00000025434.14	ENST00000467728.1	47279529	+	CjCas9_NNNVRYM	MiniCAFE	WTC11_IFNb	True	True	28	28	28	True
Nr1h3	NR1H3	ENSG00000025434.14	ENST00000467728.1	47279529	+	CjCas9_NNNVRYM	MiniCAFE	H1_rest	True	True	28	28	28	True
Nr1h3	NR1H3	ENSG00000025434.14	ENST00000467728.1	47279529	+	CjCas9_NNNVRYM	MiniCAFE	H1_IFNb	True	True	28	28	28	True
Nr1h3	NR1H3	ENSG00000025434.14	ENST00000467728.1	47279529	+	Nme2Cas9_NNNNCC	proposed_dNme2Cas9_activator	WTC11_rest	True	True	54	54	54	True
Nr1h3	NR1H3	ENSG00000025434.14	ENST00000467728.1	47279529	+	Nme2Cas9_NNNNCC	proposed_dNme2Cas9_activator	WTC11_IFNb	True	True	54	54	54	True
Nr1h3	NR1H3	ENSG00000025434.14	ENST00000467728.1	47279529	+	Nme2Cas9_NNNNCC	proposed_dNme2Cas9_activator	H1_rest	True	True	54	54	54	True
Nr1h3	NR1H3	ENSG00000025434.14	ENST00000467728.1	47279529	+	Nme2Cas9_NNNNCC	proposed_dNme2Cas9_activator	H1_IFNb	True	True	54	54	54	True
P2ry12	P2RY12	ENSG00000169313.9	ENST00000302632.3	151102599	-	Un1Cas12f1_TTTR	HEAL;SminiCRa	WTC11_rest	True	True	10	6	7	True
P2ry12	P2RY12	ENSG00000169313.9	ENST00000302632.3	151102599	-	Un1Cas12f1_TTTR	HEAL;SminiCRa	WTC11_IFNb	True	True	10	6	6	True
P2ry12	P2RY12	ENSG00000169313.9	ENST00000302632.3	151102599	-	Un1Cas12f1_TTTR	HEAL;SminiCRa	H1_rest	True	True	10	8	9	True
P2ry12	P2RY12	ENSG00000169313.9	ENST00000302632.3	151102599	-	Un1Cas12f1_TTTR	HEAL;SminiCRa	H1_IFNb	True	True	10	7	7	True
P2ry12	P2RY12	ENSG00000169313.9	ENST00000302632.3	151102599	-	SaCas9_NNGRRT	SaCas9_CRISPRa	WTC11_rest	True	True	2	1	1	True
P2ry12	P2RY12	ENSG00000169313.9	ENST00000302632.3	151102599	-	SaCas9_NNGRRT	SaCas9_CRISPRa	WTC11_IFNb	True	True	2	1	1	True
P2ry12	P2RY12	ENSG00000169313.9	ENST00000302632.3	151102599	-	SaCas9_NNGRRT	SaCas9_CRISPRa	H1_rest	True	True	2	2	2	True
P2ry12	P2RY12	ENSG00000169313.9	ENST00000302632.3	151102599	-	SaCas9_NNGRRT	SaCas9_CRISPRa	H1_IFNb	True	True	2	1	2	True
P2ry12	P2RY12	ENSG00000169313.9	ENST00000302632.3	151102599	-	SpCas9_NGG	SpCas9_CRISPRa	WTC11_rest	True	True	18	10	12	True
P2ry12	P2RY12	ENSG00000169313.9	ENST00000302632.3	151102599	-	SpCas9_NGG	SpCas9_CRISPRa	WTC11_IFNb	True	True	18	10	10	True
P2ry12	P2RY12	ENSG00000169313.9	ENST00000302632.3	151102599	-	SpCas9_NGG	SpCas9_CRISPRa	H1_rest	True	True	18	17	18	True
P2ry12	P2RY12	ENSG00000169313.9	ENST00000302632.3	151102599	-	SpCas9_NGG	SpCas9_CRISPRa	H1_IFNb	True	True	18	12	14	True
P2ry12	P2RY12	ENSG00000169313.9	ENST00000302632.3	151102599	-	CjCas9_NNNVRYM	MiniCAFE	WTC11_rest	True	True	35	16	22	True
P2ry12	P2RY12	ENSG00000169313.9	ENST00000302632.3	151102599	-	CjCas9_NNNVRYM	MiniCAFE	WTC11_IFNb	True	True	35	13	18	True
P2ry12	P2RY12	ENSG00000169313.9	ENST00000302632.3	151102599	-	CjCas9_NNNVRYM	MiniCAFE	H1_rest	True	True	35	31	34	True
P2ry12	P2RY12	ENSG00000169313.9	ENST00000302632.3	151102599	-	CjCas9_NNNVRYM	MiniCAFE	H1_IFNb	True	True	35	22	29	True
P2ry12	P2RY12	ENSG00000169313.9	ENST00000302632.3	151102599	-	Nme2Cas9_NNNNCC	proposed_dNme2Cas9_activator	WTC11_rest	True	True	16	13	14	True
P2ry12	P2RY12	ENSG00000169313.9	ENST00000302632.3	151102599	-	Nme2Cas9_NNNNCC	proposed_dNme2Cas9_activator	WTC11_IFNb	True	True	16	11	13	True
P2ry12	P2RY12	ENSG00000169313.9	ENST00000302632.3	151102599	-	Nme2Cas9_NNNNCC	proposed_dNme2Cas9_activator	H1_rest	True	True	16	15	16	True
P2ry12	P2RY12	ENSG00000169313.9	ENST00000302632.3	151102599	-	Nme2Cas9_NNNNCC	proposed_dNme2Cas9_activator	H1_IFNb	True	True	16	13	15	True
Pparg	PPARG	ENSG00000132170.15	ENST00000397010.2	12328866	+	Un1Cas12f1_TTTR	HEAL;SminiCRa	WTC11_rest	False	False	2	0	0	False
Pparg	PPARG	ENSG00000132170.15	ENST00000397010.2	12328866	+	Un1Cas12f1_TTTR	HEAL;SminiCRa	WTC11_IFNb	False	False	2	0	0	False
Pparg	PPARG	ENSG00000132170.15	ENST00000397010.2	12328866	+	Un1Cas12f1_TTTR	HEAL;SminiCRa	H1_rest	False	False	2	0	0	False
Pparg	PPARG	ENSG00000132170.15	ENST00000397010.2	12328866	+	Un1Cas12f1_TTTR	HEAL;SminiCRa	H1_IFNb	False	False	2	0	0	False
Pparg	PPARG	ENSG00000132170.15	ENST00000397010.2	12328866	+	SaCas9_NNGRRT	SaCas9_CRISPRa	WTC11_rest	False	False	7	0	0	False
Pparg	PPARG	ENSG00000132170.15	ENST00000397010.2	12328866	+	SaCas9_NNGRRT	SaCas9_CRISPRa	WTC11_IFNb	False	False	7	0	0	False
Pparg	PPARG	ENSG00000132170.15	ENST00000397010.2	12328866	+	SaCas9_NNGRRT	SaCas9_CRISPRa	H1_rest	False	False	7	0	0	False
Pparg	PPARG	ENSG00000132170.15	ENST00000397010.2	12328866	+	SaCas9_NNGRRT	SaCas9_CRISPRa	H1_IFNb	False	False	7	0	0	False
Pparg	PPARG	ENSG00000132170.15	ENST00000397010.2	12328866	+	SpCas9_NGG	SpCas9_CRISPRa	WTC11_rest	False	False	45	0	0	False
Pparg	PPARG	ENSG00000132170.15	ENST00000397010.2	12328866	+	SpCas9_NGG	SpCas9_CRISPRa	WTC11_IFNb	False	False	45	0	0	False
Pparg	PPARG	ENSG00000132170.15	ENST00000397010.2	12328866	+	SpCas9_NGG	SpCas9_CRISPRa	H1_rest	False	False	45	0	0	False
Pparg	PPARG	ENSG00000132170.15	ENST00000397010.2	12328866	+	SpCas9_NGG	SpCas9_CRISPRa	H1_IFNb	False	False	45	0	0	False
Pparg	PPARG	ENSG00000132170.15	ENST00000397010.2	12328866	+	CjCas9_NNNVRYM	MiniCAFE	WTC11_rest	False	False	35	0	0	False
Pparg	PPARG	ENSG00000132170.15	ENST00000397010.2	12328866	+	CjCas9_NNNVRYM	MiniCAFE	WTC11_IFNb	False	False	35	0	0	False
Pparg	PPARG	ENSG00000132170.15	ENST00000397010.2	12328866	+	CjCas9_NNNVRYM	MiniCAFE	H1_rest	False	False	35	0	0	False
Pparg	PPARG	ENSG00000132170.15	ENST00000397010.2	12328866	+	CjCas9_NNNVRYM	MiniCAFE	H1_IFNb	False	False	35	0	0	False
Pparg	PPARG	ENSG00000132170.15	ENST00000397010.2	12328866	+	Nme2Cas9_NNNNCC	proposed_dNme2Cas9_activator	WTC11_rest	False	False	37	0	0	False
Pparg	PPARG	ENSG00000132170.15	ENST00000397010.2	12328866	+	Nme2Cas9_NNNNCC	proposed_dNme2Cas9_activator	WTC11_IFNb	False	False	37	0	0	False
Pparg	PPARG	ENSG00000132170.15	ENST00000397010.2	12328866	+	Nme2Cas9_NNNNCC	proposed_dNme2Cas9_activator	H1_rest	False	False	37	0	0	False
Pparg	PPARG	ENSG00000132170.15	ENST00000397010.2	12328866	+	Nme2Cas9_NNNNCC	proposed_dNme2Cas9_activator	H1_IFNb	False	False	37	0	0	False
Sall1	SALL1	ENSG00000103449.7	ENST00000251020.4	51185185	-	Un1Cas12f1_TTTR	HEAL;SminiCRa	WTC11_rest	False	False	3	0	0	False
Sall1	SALL1	ENSG00000103449.7	ENST00000251020.4	51185185	-	Un1Cas12f1_TTTR	HEAL;SminiCRa	WTC11_IFNb	False	False	3	0	0	False
Sall1	SALL1	ENSG00000103449.7	ENST00000251020.4	51185185	-	Un1Cas12f1_TTTR	HEAL;SminiCRa	H1_rest	False	False	3	0	0	False
Sall1	SALL1	ENSG00000103449.7	ENST00000251020.4	51185185	-	Un1Cas12f1_TTTR	HEAL;SminiCRa	H1_IFNb	False	False	3	0	0	False
Sall1	SALL1	ENSG00000103449.7	ENST00000251020.4	51185185	-	SaCas9_NNGRRT	SaCas9_CRISPRa	WTC11_rest	False	False	2	0	0	False
Sall1	SALL1	ENSG00000103449.7	ENST00000251020.4	51185185	-	SaCas9_NNGRRT	SaCas9_CRISPRa	WTC11_IFNb	False	False	2	0	0	False
Sall1	SALL1	ENSG00000103449.7	ENST00000251020.4	51185185	-	SaCas9_NNGRRT	SaCas9_CRISPRa	H1_rest	False	False	2	0	0	False
Sall1	SALL1	ENSG00000103449.7	ENST00000251020.4	51185185	-	SaCas9_NNGRRT	SaCas9_CRISPRa	H1_IFNb	False	False	2	0	0	False
Sall1	SALL1	ENSG00000103449.7	ENST00000251020.4	51185185	-	SpCas9_NGG	SpCas9_CRISPRa	WTC11_rest	False	False	24	0	0	False
Sall1	SALL1	ENSG00000103449.7	ENST00000251020.4	51185185	-	SpCas9_NGG	SpCas9_CRISPRa	WTC11_IFNb	False	False	24	0	0	False
Sall1	SALL1	ENSG00000103449.7	ENST00000251020.4	51185185	-	SpCas9_NGG	SpCas9_CRISPRa	H1_rest	False	False	24	0	0	False
Sall1	SALL1	ENSG00000103449.7	ENST00000251020.4	51185185	-	SpCas9_NGG	SpCas9_CRISPRa	H1_IFNb	False	False	24	0	0	False
Sall1	SALL1	ENSG00000103449.7	ENST00000251020.4	51185185	-	CjCas9_NNNVRYM	MiniCAFE	WTC11_rest	False	False	23	0	0	False
Sall1	SALL1	ENSG00000103449.7	ENST00000251020.4	51185185	-	CjCas9_NNNVRYM	MiniCAFE	WTC11_IFNb	False	False	23	0	0	False
Sall1	SALL1	ENSG00000103449.7	ENST00000251020.4	51185185	-	CjCas9_NNNVRYM	MiniCAFE	H1_rest	False	False	23	0	0	False
Sall1	SALL1	ENSG00000103449.7	ENST00000251020.4	51185185	-	CjCas9_NNNVRYM	MiniCAFE	H1_IFNb	False	False	23	0	0	False
Sall1	SALL1	ENSG00000103449.7	ENST00000251020.4	51185185	-	Nme2Cas9_NNNNCC	proposed_dNme2Cas9_activator	WTC11_rest	False	False	23	0	0	False
Sall1	SALL1	ENSG00000103449.7	ENST00000251020.4	51185185	-	Nme2Cas9_NNNNCC	proposed_dNme2Cas9_activator	WTC11_IFNb	False	False	23	0	0	False
Sall1	SALL1	ENSG00000103449.7	ENST00000251020.4	51185185	-	Nme2Cas9_NNNNCC	proposed_dNme2Cas9_activator	H1_rest	False	False	23	0	0	False
Sall1	SALL1	ENSG00000103449.7	ENST00000251020.4	51185185	-	Nme2Cas9_NNNNCC	proposed_dNme2Cas9_activator	H1_IFNb	False	False	23	0	0	False
Spi1	SPI1	ENSG00000066336.7	ENST00000378538.3	47400126	-	Un1Cas12f1_TTTR	HEAL;SminiCRa	WTC11_rest	True	True	4	2	3	True
Spi1	SPI1	ENSG00000066336.7	ENST00000378538.3	47400126	-	Un1Cas12f1_TTTR	HEAL;SminiCRa	WTC11_IFNb	True	True	4	4	4	True
Spi1	SPI1	ENSG00000066336.7	ENST00000378538.3	47400126	-	Un1Cas12f1_TTTR	HEAL;SminiCRa	H1_rest	True	True	4	4	4	True
Spi1	SPI1	ENSG00000066336.7	ENST00000378538.3	47400126	-	Un1Cas12f1_TTTR	HEAL;SminiCRa	H1_IFNb	False	True	4	1	1	True
Spi1	SPI1	ENSG00000066336.7	ENST00000378538.3	47400126	-	SaCas9_NNGRRT	SaCas9_CRISPRa	WTC11_rest	True	True	8	2	3	True
Spi1	SPI1	ENSG00000066336.7	ENST00000378538.3	47400126	-	SaCas9_NNGRRT	SaCas9_CRISPRa	WTC11_IFNb	True	True	8	3	6	True
Spi1	SPI1	ENSG00000066336.7	ENST00000378538.3	47400126	-	SaCas9_NNGRRT	SaCas9_CRISPRa	H1_rest	True	True	8	8	8	True
Spi1	SPI1	ENSG00000066336.7	ENST00000378538.3	47400126	-	SaCas9_NNGRRT	SaCas9_CRISPRa	H1_IFNb	False	True	8	2	2	True
Spi1	SPI1	ENSG00000066336.7	ENST00000378538.3	47400126	-	SpCas9_NGG	SpCas9_CRISPRa	WTC11_rest	True	True	67	36	38	True
Spi1	SPI1	ENSG00000066336.7	ENST00000378538.3	47400126	-	SpCas9_NGG	SpCas9_CRISPRa	WTC11_IFNb	True	True	67	40	48	True
Spi1	SPI1	ENSG00000066336.7	ENST00000378538.3	47400126	-	SpCas9_NGG	SpCas9_CRISPRa	H1_rest	True	True	67	62	66	True
Spi1	SPI1	ENSG00000066336.7	ENST00000378538.3	47400126	-	SpCas9_NGG	SpCas9_CRISPRa	H1_IFNb	False	True	67	27	31	True
Spi1	SPI1	ENSG00000066336.7	ENST00000378538.3	47400126	-	CjCas9_NNNVRYM	MiniCAFE	WTC11_rest	True	True	45	19	23	True
Spi1	SPI1	ENSG00000066336.7	ENST00000378538.3	47400126	-	CjCas9_NNNVRYM	MiniCAFE	WTC11_IFNb	True	True	45	28	31	True
Spi1	SPI1	ENSG00000066336.7	ENST00000378538.3	47400126	-	CjCas9_NNNVRYM	MiniCAFE	H1_rest	True	True	45	39	44	True
Spi1	SPI1	ENSG00000066336.7	ENST00000378538.3	47400126	-	CjCas9_NNNVRYM	MiniCAFE	H1_IFNb	False	True	45	13	13	True
Spi1	SPI1	ENSG00000066336.7	ENST00000378538.3	47400126	-	Nme2Cas9_NNNNCC	proposed_dNme2Cas9_activator	WTC11_rest	True	True	59	29	35	True
Spi1	SPI1	ENSG00000066336.7	ENST00000378538.3	47400126	-	Nme2Cas9_NNNNCC	proposed_dNme2Cas9_activator	WTC11_IFNb	True	True	59	37	38	True
Spi1	SPI1	ENSG00000066336.7	ENST00000378538.3	47400126	-	Nme2Cas9_NNNNCC	proposed_dNme2Cas9_activator	H1_rest	True	True	59	53	59	True
Spi1	SPI1	ENSG00000066336.7	ENST00000378538.3	47400126	-	Nme2Cas9_NNNNCC	proposed_dNme2Cas9_activator	H1_IFNb	False	True	59	13	22	True
Sqstm1	SQSTM1	ENSG00000161011.15	ENST00000389805.4	179247758	+	Un1Cas12f1_TTTR	HEAL;SminiCRa	WTC11_rest	False	True	0	0	0	False
Sqstm1	SQSTM1	ENSG00000161011.15	ENST00000389805.4	179247758	+	Un1Cas12f1_TTTR	HEAL;SminiCRa	WTC11_IFNb	False	True	0	0	0	False
Sqstm1	SQSTM1	ENSG00000161011.15	ENST00000389805.4	179247758	+	Un1Cas12f1_TTTR	HEAL;SminiCRa	H1_rest	False	True	0	0	0	False
Sqstm1	SQSTM1	ENSG00000161011.15	ENST00000389805.4	179247758	+	Un1Cas12f1_TTTR	HEAL;SminiCRa	H1_IFNb	False	False	0	0	0	False
Sqstm1	SQSTM1	ENSG00000161011.15	ENST00000389805.4	179247758	+	SaCas9_NNGRRT	SaCas9_CRISPRa	WTC11_rest	False	True	5	4	4	True
Sqstm1	SQSTM1	ENSG00000161011.15	ENST00000389805.4	179247758	+	SaCas9_NNGRRT	SaCas9_CRISPRa	WTC11_IFNb	False	True	5	0	1	False
Sqstm1	SQSTM1	ENSG00000161011.15	ENST00000389805.4	179247758	+	SaCas9_NNGRRT	SaCas9_CRISPRa	H1_rest	False	True	5	1	2	True
Sqstm1	SQSTM1	ENSG00000161011.15	ENST00000389805.4	179247758	+	SaCas9_NNGRRT	SaCas9_CRISPRa	H1_IFNb	False	False	5	0	0	False
Sqstm1	SQSTM1	ENSG00000161011.15	ENST00000389805.4	179247758	+	SpCas9_NGG	SpCas9_CRISPRa	WTC11_rest	False	True	66	31	33	True
Sqstm1	SQSTM1	ENSG00000161011.15	ENST00000389805.4	179247758	+	SpCas9_NGG	SpCas9_CRISPRa	WTC11_IFNb	False	True	66	0	6	False
Sqstm1	SQSTM1	ENSG00000161011.15	ENST00000389805.4	179247758	+	SpCas9_NGG	SpCas9_CRISPRa	H1_rest	False	True	66	9	18	True
Sqstm1	SQSTM1	ENSG00000161011.15	ENST00000389805.4	179247758	+	SpCas9_NGG	SpCas9_CRISPRa	H1_IFNb	False	False	66	0	0	False
Sqstm1	SQSTM1	ENSG00000161011.15	ENST00000389805.4	179247758	+	CjCas9_NNNVRYM	MiniCAFE	WTC11_rest	False	True	42	14	17	True
Sqstm1	SQSTM1	ENSG00000161011.15	ENST00000389805.4	179247758	+	CjCas9_NNNVRYM	MiniCAFE	WTC11_IFNb	False	True	42	0	2	False
Sqstm1	SQSTM1	ENSG00000161011.15	ENST00000389805.4	179247758	+	CjCas9_NNNVRYM	MiniCAFE	H1_rest	False	True	42	4	8	True
Sqstm1	SQSTM1	ENSG00000161011.15	ENST00000389805.4	179247758	+	CjCas9_NNNVRYM	MiniCAFE	H1_IFNb	False	False	42	0	0	False
Sqstm1	SQSTM1	ENSG00000161011.15	ENST00000389805.4	179247758	+	Nme2Cas9_NNNNCC	proposed_dNme2Cas9_activator	WTC11_rest	False	True	42	17	18	True
Sqstm1	SQSTM1	ENSG00000161011.15	ENST00000389805.4	179247758	+	Nme2Cas9_NNNNCC	proposed_dNme2Cas9_activator	WTC11_IFNb	False	True	42	0	3	False
Sqstm1	SQSTM1	ENSG00000161011.15	ENST00000389805.4	179247758	+	Nme2Cas9_NNNNCC	proposed_dNme2Cas9_activator	H1_rest	False	True	42	4	10	True
Sqstm1	SQSTM1	ENSG00000161011.15	ENST00000389805.4	179247758	+	Nme2Cas9_NNNNCC	proposed_dNme2Cas9_activator	H1_IFNb	False	False	42	0	0	False
Tet2	TET2	ENSG00000168769.8	ENST00000540549.1	106067449	+	Un1Cas12f1_TTTR	HEAL;SminiCRa	WTC11_rest	False	True	4	3	3	True
Tet2	TET2	ENSG00000168769.8	ENST00000540549.1	106067449	+	Un1Cas12f1_TTTR	HEAL;SminiCRa	WTC11_IFNb	False	True	4	3	4	True
Tet2	TET2	ENSG00000168769.8	ENST00000540549.1	106067449	+	Un1Cas12f1_TTTR	HEAL;SminiCRa	H1_rest	True	True	4	4	4	True
Tet2	TET2	ENSG00000168769.8	ENST00000540549.1	106067449	+	Un1Cas12f1_TTTR	HEAL;SminiCRa	H1_IFNb	True	True	4	4	4	True
Tet2	TET2	ENSG00000168769.8	ENST00000540549.1	106067449	+	SaCas9_NNGRRT	SaCas9_CRISPRa	WTC11_rest	False	True	5	3	4	True
Tet2	TET2	ENSG00000168769.8	ENST00000540549.1	106067449	+	SaCas9_NNGRRT	SaCas9_CRISPRa	WTC11_IFNb	False	True	5	4	5	True
Tet2	TET2	ENSG00000168769.8	ENST00000540549.1	106067449	+	SaCas9_NNGRRT	SaCas9_CRISPRa	H1_rest	True	True	5	5	5	True
Tet2	TET2	ENSG00000168769.8	ENST00000540549.1	106067449	+	SaCas9_NNGRRT	SaCas9_CRISPRa	H1_IFNb	True	True	5	5	5	True
Tet2	TET2	ENSG00000168769.8	ENST00000540549.1	106067449	+	SpCas9_NGG	SpCas9_CRISPRa	WTC11_rest	False	True	45	20	25	True
Tet2	TET2	ENSG00000168769.8	ENST00000540549.1	106067449	+	SpCas9_NGG	SpCas9_CRISPRa	WTC11_IFNb	False	True	45	26	30	True
Tet2	TET2	ENSG00000168769.8	ENST00000540549.1	106067449	+	SpCas9_NGG	SpCas9_CRISPRa	H1_rest	True	True	45	45	45	True
Tet2	TET2	ENSG00000168769.8	ENST00000540549.1	106067449	+	SpCas9_NGG	SpCas9_CRISPRa	H1_IFNb	True	True	45	45	45	True
Tet2	TET2	ENSG00000168769.8	ENST00000540549.1	106067449	+	CjCas9_NNNVRYM	MiniCAFE	WTC11_rest	False	True	26	15	19	True
Tet2	TET2	ENSG00000168769.8	ENST00000540549.1	106067449	+	CjCas9_NNNVRYM	MiniCAFE	WTC11_IFNb	False	True	26	17	19	True
Tet2	TET2	ENSG00000168769.8	ENST00000540549.1	106067449	+	CjCas9_NNNVRYM	MiniCAFE	H1_rest	True	True	26	26	26	True
Tet2	TET2	ENSG00000168769.8	ENST00000540549.1	106067449	+	CjCas9_NNNVRYM	MiniCAFE	H1_IFNb	True	True	26	26	26	True
Tet2	TET2	ENSG00000168769.8	ENST00000540549.1	106067449	+	Nme2Cas9_NNNNCC	proposed_dNme2Cas9_activator	WTC11_rest	False	True	33	21	23	True
Tet2	TET2	ENSG00000168769.8	ENST00000540549.1	106067449	+	Nme2Cas9_NNNNCC	proposed_dNme2Cas9_activator	WTC11_IFNb	False	True	33	23	28	True
Tet2	TET2	ENSG00000168769.8	ENST00000540549.1	106067449	+	Nme2Cas9_NNNNCC	proposed_dNme2Cas9_activator	H1_rest	True	True	33	33	33	True
Tet2	TET2	ENSG00000168769.8	ENST00000540549.1	106067449	+	Nme2Cas9_NNNNCC	proposed_dNme2Cas9_activator	H1_IFNb	True	True	33	33	33	True
Tfe3	TFE3	ENSG00000068323.12	ENST00000315869.7	48901011	-	Un1Cas12f1_TTTR	HEAL;SminiCRa	WTC11_rest	True	True	3	3	3	True
Tfe3	TFE3	ENSG00000068323.12	ENST00000315869.7	48901011	-	Un1Cas12f1_TTTR	HEAL;SminiCRa	WTC11_IFNb	True	True	3	3	3	True
Tfe3	TFE3	ENSG00000068323.12	ENST00000315869.7	48901011	-	Un1Cas12f1_TTTR	HEAL;SminiCRa	H1_rest	True	True	3	3	3	True
Tfe3	TFE3	ENSG00000068323.12	ENST00000315869.7	48901011	-	Un1Cas12f1_TTTR	HEAL;SminiCRa	H1_IFNb	True	True	3	3	3	True
Tfe3	TFE3	ENSG00000068323.12	ENST00000315869.7	48901011	-	SaCas9_NNGRRT	SaCas9_CRISPRa	WTC11_rest	True	True	6	6	6	True
Tfe3	TFE3	ENSG00000068323.12	ENST00000315869.7	48901011	-	SaCas9_NNGRRT	SaCas9_CRISPRa	WTC11_IFNb	True	True	6	6	6	True
Tfe3	TFE3	ENSG00000068323.12	ENST00000315869.7	48901011	-	SaCas9_NNGRRT	SaCas9_CRISPRa	H1_rest	True	True	6	6	6	True
Tfe3	TFE3	ENSG00000068323.12	ENST00000315869.7	48901011	-	SaCas9_NNGRRT	SaCas9_CRISPRa	H1_IFNb	True	True	6	6	6	True
Tfe3	TFE3	ENSG00000068323.12	ENST00000315869.7	48901011	-	SpCas9_NGG	SpCas9_CRISPRa	WTC11_rest	True	True	51	51	51	True
Tfe3	TFE3	ENSG00000068323.12	ENST00000315869.7	48901011	-	SpCas9_NGG	SpCas9_CRISPRa	WTC11_IFNb	True	True	51	51	51	True
Tfe3	TFE3	ENSG00000068323.12	ENST00000315869.7	48901011	-	SpCas9_NGG	SpCas9_CRISPRa	H1_rest	True	True	51	51	51	True
Tfe3	TFE3	ENSG00000068323.12	ENST00000315869.7	48901011	-	SpCas9_NGG	SpCas9_CRISPRa	H1_IFNb	True	True	51	51	51	True
Tfe3	TFE3	ENSG00000068323.12	ENST00000315869.7	48901011	-	CjCas9_NNNVRYM	MiniCAFE	WTC11_rest	True	True	42	42	42	True
Tfe3	TFE3	ENSG00000068323.12	ENST00000315869.7	48901011	-	CjCas9_NNNVRYM	MiniCAFE	WTC11_IFNb	True	True	42	42	42	True
Tfe3	TFE3	ENSG00000068323.12	ENST00000315869.7	48901011	-	CjCas9_NNNVRYM	MiniCAFE	H1_rest	True	True	42	42	42	True
Tfe3	TFE3	ENSG00000068323.12	ENST00000315869.7	48901011	-	CjCas9_NNNVRYM	MiniCAFE	H1_IFNb	True	True	42	42	42	True
Tfe3	TFE3	ENSG00000068323.12	ENST00000315869.7	48901011	-	Nme2Cas9_NNNNCC	proposed_dNme2Cas9_activator	WTC11_rest	True	True	43	43	43	True
Tfe3	TFE3	ENSG00000068323.12	ENST00000315869.7	48901011	-	Nme2Cas9_NNNNCC	proposed_dNme2Cas9_activator	WTC11_IFNb	True	True	43	43	43	True
Tfe3	TFE3	ENSG00000068323.12	ENST00000315869.7	48901011	-	Nme2Cas9_NNNNCC	proposed_dNme2Cas9_activator	H1_rest	True	True	43	43	43	True
Tfe3	TFE3	ENSG00000068323.12	ENST00000315869.7	48901011	-	Nme2Cas9_NNNNCC	proposed_dNme2Cas9_activator	H1_IFNb	True	True	43	43	43	True
Tfeb	TFEB	ENSG00000112561.13	ENST00000403298.4	41703996	-	Un1Cas12f1_TTTR	HEAL;SminiCRa	WTC11_rest	False	False	4	0	0	False
Tfeb	TFEB	ENSG00000112561.13	ENST00000403298.4	41703996	-	Un1Cas12f1_TTTR	HEAL;SminiCRa	WTC11_IFNb	False	False	4	0	0	False
Tfeb	TFEB	ENSG00000112561.13	ENST00000403298.4	41703996	-	Un1Cas12f1_TTTR	HEAL;SminiCRa	H1_rest	False	False	4	0	0	False
Tfeb	TFEB	ENSG00000112561.13	ENST00000403298.4	41703996	-	Un1Cas12f1_TTTR	HEAL;SminiCRa	H1_IFNb	False	False	4	0	0	False
Tfeb	TFEB	ENSG00000112561.13	ENST00000403298.4	41703996	-	SaCas9_NNGRRT	SaCas9_CRISPRa	WTC11_rest	False	False	9	0	0	False
Tfeb	TFEB	ENSG00000112561.13	ENST00000403298.4	41703996	-	SaCas9_NNGRRT	SaCas9_CRISPRa	WTC11_IFNb	False	False	9	0	0	False
Tfeb	TFEB	ENSG00000112561.13	ENST00000403298.4	41703996	-	SaCas9_NNGRRT	SaCas9_CRISPRa	H1_rest	False	False	9	0	0	False
Tfeb	TFEB	ENSG00000112561.13	ENST00000403298.4	41703996	-	SaCas9_NNGRRT	SaCas9_CRISPRa	H1_IFNb	False	False	9	0	0	False
Tfeb	TFEB	ENSG00000112561.13	ENST00000403298.4	41703996	-	SpCas9_NGG	SpCas9_CRISPRa	WTC11_rest	False	False	60	0	0	False
Tfeb	TFEB	ENSG00000112561.13	ENST00000403298.4	41703996	-	SpCas9_NGG	SpCas9_CRISPRa	WTC11_IFNb	False	False	60	0	0	False
Tfeb	TFEB	ENSG00000112561.13	ENST00000403298.4	41703996	-	SpCas9_NGG	SpCas9_CRISPRa	H1_rest	False	False	60	0	0	False
Tfeb	TFEB	ENSG00000112561.13	ENST00000403298.4	41703996	-	SpCas9_NGG	SpCas9_CRISPRa	H1_IFNb	False	False	60	0	0	False
Tfeb	TFEB	ENSG00000112561.13	ENST00000403298.4	41703996	-	CjCas9_NNNVRYM	MiniCAFE	WTC11_rest	False	False	43	0	0	False
Tfeb	TFEB	ENSG00000112561.13	ENST00000403298.4	41703996	-	CjCas9_NNNVRYM	MiniCAFE	WTC11_IFNb	False	False	43	0	0	False
Tfeb	TFEB	ENSG00000112561.13	ENST00000403298.4	41703996	-	CjCas9_NNNVRYM	MiniCAFE	H1_rest	False	False	43	0	0	False
Tfeb	TFEB	ENSG00000112561.13	ENST00000403298.4	41703996	-	CjCas9_NNNVRYM	MiniCAFE	H1_IFNb	False	False	43	0	0	False
Tfeb	TFEB	ENSG00000112561.13	ENST00000403298.4	41703996	-	Nme2Cas9_NNNNCC	proposed_dNme2Cas9_activator	WTC11_rest	False	False	50	0	0	False
Tfeb	TFEB	ENSG00000112561.13	ENST00000403298.4	41703996	-	Nme2Cas9_NNNNCC	proposed_dNme2Cas9_activator	WTC11_IFNb	False	False	50	0	0	False
Tfeb	TFEB	ENSG00000112561.13	ENST00000403298.4	41703996	-	Nme2Cas9_NNNNCC	proposed_dNme2Cas9_activator	H1_rest	False	False	50	0	0	False
Tfeb	TFEB	ENSG00000112561.13	ENST00000403298.4	41703996	-	Nme2Cas9_NNNNCC	proposed_dNme2Cas9_activator	H1_IFNb	False	False	50	0	0	False
Tgfb1	TGFB1	ENSG00000105329.5	ENST00000221930.5	41859815	-	Un1Cas12f1_TTTR	HEAL;SminiCRa	WTC11_rest	True	True	0	0	0	False
Tgfb1	TGFB1	ENSG00000105329.5	ENST00000221930.5	41859815	-	Un1Cas12f1_TTTR	HEAL;SminiCRa	WTC11_IFNb	True	True	0	0	0	False
Tgfb1	TGFB1	ENSG00000105329.5	ENST00000221930.5	41859815	-	Un1Cas12f1_TTTR	HEAL;SminiCRa	H1_rest	True	True	0	0	0	False
Tgfb1	TGFB1	ENSG00000105329.5	ENST00000221930.5	41859815	-	Un1Cas12f1_TTTR	HEAL;SminiCRa	H1_IFNb	True	True	0	0	0	False
Tgfb1	TGFB1	ENSG00000105329.5	ENST00000221930.5	41859815	-	SaCas9_NNGRRT	SaCas9_CRISPRa	WTC11_rest	True	True	5	3	4	True
Tgfb1	TGFB1	ENSG00000105329.5	ENST00000221930.5	41859815	-	SaCas9_NNGRRT	SaCas9_CRISPRa	WTC11_IFNb	True	True	5	4	4	True
Tgfb1	TGFB1	ENSG00000105329.5	ENST00000221930.5	41859815	-	SaCas9_NNGRRT	SaCas9_CRISPRa	H1_rest	True	True	5	4	4	True
Tgfb1	TGFB1	ENSG00000105329.5	ENST00000221930.5	41859815	-	SaCas9_NNGRRT	SaCas9_CRISPRa	H1_IFNb	True	True	5	4	5	True
Tgfb1	TGFB1	ENSG00000105329.5	ENST00000221930.5	41859815	-	SpCas9_NGG	SpCas9_CRISPRa	WTC11_rest	True	True	45	35	40	True
Tgfb1	TGFB1	ENSG00000105329.5	ENST00000221930.5	41859815	-	SpCas9_NGG	SpCas9_CRISPRa	WTC11_IFNb	True	True	45	37	40	True
Tgfb1	TGFB1	ENSG00000105329.5	ENST00000221930.5	41859815	-	SpCas9_NGG	SpCas9_CRISPRa	H1_rest	True	True	45	36	40	True
Tgfb1	TGFB1	ENSG00000105329.5	ENST00000221930.5	41859815	-	SpCas9_NGG	SpCas9_CRISPRa	H1_IFNb	True	True	45	40	42	True
Tgfb1	TGFB1	ENSG00000105329.5	ENST00000221930.5	41859815	-	CjCas9_NNNVRYM	MiniCAFE	WTC11_rest	True	True	22	19	21	True
Tgfb1	TGFB1	ENSG00000105329.5	ENST00000221930.5	41859815	-	CjCas9_NNNVRYM	MiniCAFE	WTC11_IFNb	True	True	22	20	21	True
Tgfb1	TGFB1	ENSG00000105329.5	ENST00000221930.5	41859815	-	CjCas9_NNNVRYM	MiniCAFE	H1_rest	True	True	22	19	21	True
Tgfb1	TGFB1	ENSG00000105329.5	ENST00000221930.5	41859815	-	CjCas9_NNNVRYM	MiniCAFE	H1_IFNb	True	True	22	20	22	True
Tgfb1	TGFB1	ENSG00000105329.5	ENST00000221930.5	41859815	-	Nme2Cas9_NNNNCC	proposed_dNme2Cas9_activator	WTC11_rest	True	True	22	13	17	True
Tgfb1	TGFB1	ENSG00000105329.5	ENST00000221930.5	41859815	-	Nme2Cas9_NNNNCC	proposed_dNme2Cas9_activator	WTC11_IFNb	True	True	22	17	18	True
Tgfb1	TGFB1	ENSG00000105329.5	ENST00000221930.5	41859815	-	Nme2Cas9_NNNNCC	proposed_dNme2Cas9_activator	H1_rest	True	True	22	13	17	True
Tgfb1	TGFB1	ENSG00000105329.5	ENST00000221930.5	41859815	-	Nme2Cas9_NNNNCC	proposed_dNme2Cas9_activator	H1_IFNb	True	True	22	17	22	True
Tmem119	TMEM119	ENSG00000183160.8	ENST00000392806.3	108991899	-	Un1Cas12f1_TTTR	HEAL;SminiCRa	WTC11_rest	False	False	1	0	0	False
Tmem119	TMEM119	ENSG00000183160.8	ENST00000392806.3	108991899	-	Un1Cas12f1_TTTR	HEAL;SminiCRa	WTC11_IFNb	False	False	1	0	0	False
Tmem119	TMEM119	ENSG00000183160.8	ENST00000392806.3	108991899	-	Un1Cas12f1_TTTR	HEAL;SminiCRa	H1_rest	False	False	1	0	0	False
Tmem119	TMEM119	ENSG00000183160.8	ENST00000392806.3	108991899	-	Un1Cas12f1_TTTR	HEAL;SminiCRa	H1_IFNb	False	False	1	0	0	False
Tmem119	TMEM119	ENSG00000183160.8	ENST00000392806.3	108991899	-	SaCas9_NNGRRT	SaCas9_CRISPRa	WTC11_rest	False	False	7	0	0	False
Tmem119	TMEM119	ENSG00000183160.8	ENST00000392806.3	108991899	-	SaCas9_NNGRRT	SaCas9_CRISPRa	WTC11_IFNb	False	False	7	0	0	False
Tmem119	TMEM119	ENSG00000183160.8	ENST00000392806.3	108991899	-	SaCas9_NNGRRT	SaCas9_CRISPRa	H1_rest	False	False	7	0	0	False
Tmem119	TMEM119	ENSG00000183160.8	ENST00000392806.3	108991899	-	SaCas9_NNGRRT	SaCas9_CRISPRa	H1_IFNb	False	False	7	0	0	False
Tmem119	TMEM119	ENSG00000183160.8	ENST00000392806.3	108991899	-	SpCas9_NGG	SpCas9_CRISPRa	WTC11_rest	False	False	56	0	0	False
Tmem119	TMEM119	ENSG00000183160.8	ENST00000392806.3	108991899	-	SpCas9_NGG	SpCas9_CRISPRa	WTC11_IFNb	False	False	56	0	0	False
Tmem119	TMEM119	ENSG00000183160.8	ENST00000392806.3	108991899	-	SpCas9_NGG	SpCas9_CRISPRa	H1_rest	False	False	56	0	0	False
Tmem119	TMEM119	ENSG00000183160.8	ENST00000392806.3	108991899	-	SpCas9_NGG	SpCas9_CRISPRa	H1_IFNb	False	False	56	0	0	False
Tmem119	TMEM119	ENSG00000183160.8	ENST00000392806.3	108991899	-	CjCas9_NNNVRYM	MiniCAFE	WTC11_rest	False	False	38	0	0	False
Tmem119	TMEM119	ENSG00000183160.8	ENST00000392806.3	108991899	-	CjCas9_NNNVRYM	MiniCAFE	WTC11_IFNb	False	False	38	0	0	False
Tmem119	TMEM119	ENSG00000183160.8	ENST00000392806.3	108991899	-	CjCas9_NNNVRYM	MiniCAFE	H1_rest	False	False	38	0	0	False
Tmem119	TMEM119	ENSG00000183160.8	ENST00000392806.3	108991899	-	CjCas9_NNNVRYM	MiniCAFE	H1_IFNb	False	False	38	0	0	False
Tmem119	TMEM119	ENSG00000183160.8	ENST00000392806.3	108991899	-	Nme2Cas9_NNNNCC	proposed_dNme2Cas9_activator	WTC11_rest	False	False	59	0	0	False
Tmem119	TMEM119	ENSG00000183160.8	ENST00000392806.3	108991899	-	Nme2Cas9_NNNNCC	proposed_dNme2Cas9_activator	WTC11_IFNb	False	False	59	0	0	False
Tmem119	TMEM119	ENSG00000183160.8	ENST00000392806.3	108991899	-	Nme2Cas9_NNNNCC	proposed_dNme2Cas9_activator	H1_rest	False	False	59	0	0	False
Tmem119	TMEM119	ENSG00000183160.8	ENST00000392806.3	108991899	-	Nme2Cas9_NNNNCC	proposed_dNme2Cas9_activator	H1_IFNb	False	False	59	0	0	False
Tnf	TNF	ENSG00000232810.3	ENST00000449264.2	31543343	+	Un1Cas12f1_TTTR	HEAL;SminiCRa	WTC11_rest	False	False	4	0	0	False
Tnf	TNF	ENSG00000232810.3	ENST00000449264.2	31543343	+	Un1Cas12f1_TTTR	HEAL;SminiCRa	WTC11_IFNb	False	True	4	1	1	True
Tnf	TNF	ENSG00000232810.3	ENST00000449264.2	31543343	+	Un1Cas12f1_TTTR	HEAL;SminiCRa	H1_rest	True	True	4	1	2	True
Tnf	TNF	ENSG00000232810.3	ENST00000449264.2	31543343	+	Un1Cas12f1_TTTR	HEAL;SminiCRa	H1_IFNb	False	True	4	1	1	True
Tnf	TNF	ENSG00000232810.3	ENST00000449264.2	31543343	+	SaCas9_NNGRRT	SaCas9_CRISPRa	WTC11_rest	False	False	9	0	0	False
Tnf	TNF	ENSG00000232810.3	ENST00000449264.2	31543343	+	SaCas9_NNGRRT	SaCas9_CRISPRa	WTC11_IFNb	False	True	9	3	4	True
Tnf	TNF	ENSG00000232810.3	ENST00000449264.2	31543343	+	SaCas9_NNGRRT	SaCas9_CRISPRa	H1_rest	True	True	9	6	6	True
Tnf	TNF	ENSG00000232810.3	ENST00000449264.2	31543343	+	SaCas9_NNGRRT	SaCas9_CRISPRa	H1_IFNb	False	True	9	3	4	True
Tnf	TNF	ENSG00000232810.3	ENST00000449264.2	31543343	+	SpCas9_NGG	SpCas9_CRISPRa	WTC11_rest	False	False	62	0	0	False
Tnf	TNF	ENSG00000232810.3	ENST00000449264.2	31543343	+	SpCas9_NGG	SpCas9_CRISPRa	WTC11_IFNb	False	True	62	24	25	True
Tnf	TNF	ENSG00000232810.3	ENST00000449264.2	31543343	+	SpCas9_NGG	SpCas9_CRISPRa	H1_rest	True	True	62	36	40	True
Tnf	TNF	ENSG00000232810.3	ENST00000449264.2	31543343	+	SpCas9_NGG	SpCas9_CRISPRa	H1_IFNb	False	True	62	24	27	True
Tnf	TNF	ENSG00000232810.3	ENST00000449264.2	31543343	+	CjCas9_NNNVRYM	MiniCAFE	WTC11_rest	False	False	44	0	0	False
Tnf	TNF	ENSG00000232810.3	ENST00000449264.2	31543343	+	CjCas9_NNNVRYM	MiniCAFE	WTC11_IFNb	False	True	44	16	19	True
Tnf	TNF	ENSG00000232810.3	ENST00000449264.2	31543343	+	CjCas9_NNNVRYM	MiniCAFE	H1_rest	True	True	44	21	29	True
Tnf	TNF	ENSG00000232810.3	ENST00000449264.2	31543343	+	CjCas9_NNNVRYM	MiniCAFE	H1_IFNb	False	True	44	16	19	True
Tnf	TNF	ENSG00000232810.3	ENST00000449264.2	31543343	+	Nme2Cas9_NNNNCC	proposed_dNme2Cas9_activator	WTC11_rest	False	False	71	0	0	False
Tnf	TNF	ENSG00000232810.3	ENST00000449264.2	31543343	+	Nme2Cas9_NNNNCC	proposed_dNme2Cas9_activator	WTC11_IFNb	False	True	71	28	42	True
Tnf	TNF	ENSG00000232810.3	ENST00000449264.2	31543343	+	Nme2Cas9_NNNNCC	proposed_dNme2Cas9_activator	H1_rest	True	True	71	48	59	True
Tnf	TNF	ENSG00000232810.3	ENST00000449264.2	31543343	+	Nme2Cas9_NNNNCC	proposed_dNme2Cas9_activator	H1_IFNb	False	True	71	33	43	True
Trem2	TREM2	ENSG00000095970.12	ENST00000373113.3	41130913	-	Un1Cas12f1_TTTR	HEAL;SminiCRa	WTC11_rest	True	True	1	0	0	False
Trem2	TREM2	ENSG00000095970.12	ENST00000373113.3	41130913	-	Un1Cas12f1_TTTR	HEAL;SminiCRa	WTC11_IFNb	True	True	1	0	0	False
Trem2	TREM2	ENSG00000095970.12	ENST00000373113.3	41130913	-	Un1Cas12f1_TTTR	HEAL;SminiCRa	H1_rest	True	True	1	1	1	True
Trem2	TREM2	ENSG00000095970.12	ENST00000373113.3	41130913	-	Un1Cas12f1_TTTR	HEAL;SminiCRa	H1_IFNb	True	True	1	1	1	True
Trem2	TREM2	ENSG00000095970.12	ENST00000373113.3	41130913	-	SaCas9_NNGRRT	SaCas9_CRISPRa	WTC11_rest	True	True	7	5	6	True
Trem2	TREM2	ENSG00000095970.12	ENST00000373113.3	41130913	-	SaCas9_NNGRRT	SaCas9_CRISPRa	WTC11_IFNb	True	True	7	5	6	True
Trem2	TREM2	ENSG00000095970.12	ENST00000373113.3	41130913	-	SaCas9_NNGRRT	SaCas9_CRISPRa	H1_rest	True	True	7	7	7	True
Trem2	TREM2	ENSG00000095970.12	ENST00000373113.3	41130913	-	SaCas9_NNGRRT	SaCas9_CRISPRa	H1_IFNb	True	True	7	7	7	True
Trem2	TREM2	ENSG00000095970.12	ENST00000373113.3	41130913	-	SpCas9_NGG	SpCas9_CRISPRa	WTC11_rest	True	True	49	38	42	True
Trem2	TREM2	ENSG00000095970.12	ENST00000373113.3	41130913	-	SpCas9_NGG	SpCas9_CRISPRa	WTC11_IFNb	True	True	49	37	41	True
Trem2	TREM2	ENSG00000095970.12	ENST00000373113.3	41130913	-	SpCas9_NGG	SpCas9_CRISPRa	H1_rest	True	True	49	49	49	True
Trem2	TREM2	ENSG00000095970.12	ENST00000373113.3	41130913	-	SpCas9_NGG	SpCas9_CRISPRa	H1_IFNb	True	True	49	49	49	True
Trem2	TREM2	ENSG00000095970.12	ENST00000373113.3	41130913	-	CjCas9_NNNVRYM	MiniCAFE	WTC11_rest	True	True	44	31	34	True
Trem2	TREM2	ENSG00000095970.12	ENST00000373113.3	41130913	-	CjCas9_NNNVRYM	MiniCAFE	WTC11_IFNb	True	True	44	30	34	True
Trem2	TREM2	ENSG00000095970.12	ENST00000373113.3	41130913	-	CjCas9_NNNVRYM	MiniCAFE	H1_rest	True	True	44	44	44	True
Trem2	TREM2	ENSG00000095970.12	ENST00000373113.3	41130913	-	CjCas9_NNNVRYM	MiniCAFE	H1_IFNb	True	True	44	44	44	True
Trem2	TREM2	ENSG00000095970.12	ENST00000373113.3	41130913	-	Nme2Cas9_NNNNCC	proposed_dNme2Cas9_activator	WTC11_rest	True	True	53	38	40	True
Trem2	TREM2	ENSG00000095970.12	ENST00000373113.3	41130913	-	Nme2Cas9_NNNNCC	proposed_dNme2Cas9_activator	WTC11_IFNb	True	True	53	37	39	True
Trem2	TREM2	ENSG00000095970.12	ENST00000373113.3	41130913	-	Nme2Cas9_NNNNCC	proposed_dNme2Cas9_activator	H1_rest	True	True	53	53	53	True
Trem2	TREM2	ENSG00000095970.12	ENST00000373113.3	41130913	-	Nme2Cas9_NNNNCC	proposed_dNme2Cas9_activator	H1_IFNb	True	True	53	53	53	True
Tyrobp	TYROBP	ENSG00000011600.7	ENST00000424586.3	36399196	-	Un1Cas12f1_TTTR	HEAL;SminiCRa	WTC11_rest	False	True	3	2	2	True
Tyrobp	TYROBP	ENSG00000011600.7	ENST00000424586.3	36399196	-	Un1Cas12f1_TTTR	HEAL;SminiCRa	WTC11_IFNb	True	True	3	3	3	True
Tyrobp	TYROBP	ENSG00000011600.7	ENST00000424586.3	36399196	-	Un1Cas12f1_TTTR	HEAL;SminiCRa	H1_rest	True	True	3	3	3	True
Tyrobp	TYROBP	ENSG00000011600.7	ENST00000424586.3	36399196	-	Un1Cas12f1_TTTR	HEAL;SminiCRa	H1_IFNb	True	True	3	3	3	True
Tyrobp	TYROBP	ENSG00000011600.7	ENST00000424586.3	36399196	-	SaCas9_NNGRRT	SaCas9_CRISPRa	WTC11_rest	False	True	9	4	5	True
Tyrobp	TYROBP	ENSG00000011600.7	ENST00000424586.3	36399196	-	SaCas9_NNGRRT	SaCas9_CRISPRa	WTC11_IFNb	True	True	9	5	5	True
Tyrobp	TYROBP	ENSG00000011600.7	ENST00000424586.3	36399196	-	SaCas9_NNGRRT	SaCas9_CRISPRa	H1_rest	True	True	9	6	7	True
Tyrobp	TYROBP	ENSG00000011600.7	ENST00000424586.3	36399196	-	SaCas9_NNGRRT	SaCas9_CRISPRa	H1_IFNb	True	True	9	6	7	True
Tyrobp	TYROBP	ENSG00000011600.7	ENST00000424586.3	36399196	-	SpCas9_NGG	SpCas9_CRISPRa	WTC11_rest	False	True	55	19	26	True
Tyrobp	TYROBP	ENSG00000011600.7	ENST00000424586.3	36399196	-	SpCas9_NGG	SpCas9_CRISPRa	WTC11_IFNb	True	True	55	30	33	True
Tyrobp	TYROBP	ENSG00000011600.7	ENST00000424586.3	36399196	-	SpCas9_NGG	SpCas9_CRISPRa	H1_rest	True	True	55	39	42	True
Tyrobp	TYROBP	ENSG00000011600.7	ENST00000424586.3	36399196	-	SpCas9_NGG	SpCas9_CRISPRa	H1_IFNb	True	True	55	39	45	True
Tyrobp	TYROBP	ENSG00000011600.7	ENST00000424586.3	36399196	-	CjCas9_NNNVRYM	MiniCAFE	WTC11_rest	False	True	44	15	19	True
Tyrobp	TYROBP	ENSG00000011600.7	ENST00000424586.3	36399196	-	CjCas9_NNNVRYM	MiniCAFE	WTC11_IFNb	True	True	44	24	29	True
Tyrobp	TYROBP	ENSG00000011600.7	ENST00000424586.3	36399196	-	CjCas9_NNNVRYM	MiniCAFE	H1_rest	True	True	44	33	35	True
Tyrobp	TYROBP	ENSG00000011600.7	ENST00000424586.3	36399196	-	CjCas9_NNNVRYM	MiniCAFE	H1_IFNb	True	True	44	34	37	True
Tyrobp	TYROBP	ENSG00000011600.7	ENST00000424586.3	36399196	-	Nme2Cas9_NNNNCC	proposed_dNme2Cas9_activator	WTC11_rest	False	True	47	19	22	True
Tyrobp	TYROBP	ENSG00000011600.7	ENST00000424586.3	36399196	-	Nme2Cas9_NNNNCC	proposed_dNme2Cas9_activator	WTC11_IFNb	True	True	47	28	32	True
Tyrobp	TYROBP	ENSG00000011600.7	ENST00000424586.3	36399196	-	Nme2Cas9_NNNNCC	proposed_dNme2Cas9_activator	H1_rest	True	True	47	33	36	True
Tyrobp	TYROBP	ENSG00000011600.7	ENST00000424586.3	36399196	-	Nme2Cas9_NNNNCC	proposed_dNme2Cas9_activator	H1_IFNb	True	True	47	34	38	True
Vegfa	VEGFA	ENSG00000112715.16	ENST00000372067.3	43737949	+	Un1Cas12f1_TTTR	HEAL;SminiCRa	WTC11_rest	True	True	0	0	0	False
Vegfa	VEGFA	ENSG00000112715.16	ENST00000372067.3	43737949	+	Un1Cas12f1_TTTR	HEAL;SminiCRa	WTC11_IFNb	True	True	0	0	0	False
Vegfa	VEGFA	ENSG00000112715.16	ENST00000372067.3	43737949	+	Un1Cas12f1_TTTR	HEAL;SminiCRa	H1_rest	True	True	0	0	0	False
Vegfa	VEGFA	ENSG00000112715.16	ENST00000372067.3	43737949	+	Un1Cas12f1_TTTR	HEAL;SminiCRa	H1_IFNb	True	True	0	0	0	False
Vegfa	VEGFA	ENSG00000112715.16	ENST00000372067.3	43737949	+	SaCas9_NNGRRT	SaCas9_CRISPRa	WTC11_rest	True	True	3	3	3	True
Vegfa	VEGFA	ENSG00000112715.16	ENST00000372067.3	43737949	+	SaCas9_NNGRRT	SaCas9_CRISPRa	WTC11_IFNb	True	True	3	3	3	True
Vegfa	VEGFA	ENSG00000112715.16	ENST00000372067.3	43737949	+	SaCas9_NNGRRT	SaCas9_CRISPRa	H1_rest	True	True	3	3	3	True
Vegfa	VEGFA	ENSG00000112715.16	ENST00000372067.3	43737949	+	SaCas9_NNGRRT	SaCas9_CRISPRa	H1_IFNb	True	True	3	3	3	True
Vegfa	VEGFA	ENSG00000112715.16	ENST00000372067.3	43737949	+	SpCas9_NGG	SpCas9_CRISPRa	WTC11_rest	True	True	41	41	41	True
Vegfa	VEGFA	ENSG00000112715.16	ENST00000372067.3	43737949	+	SpCas9_NGG	SpCas9_CRISPRa	WTC11_IFNb	True	True	41	41	41	True
Vegfa	VEGFA	ENSG00000112715.16	ENST00000372067.3	43737949	+	SpCas9_NGG	SpCas9_CRISPRa	H1_rest	True	True	41	41	41	True
Vegfa	VEGFA	ENSG00000112715.16	ENST00000372067.3	43737949	+	SpCas9_NGG	SpCas9_CRISPRa	H1_IFNb	True	True	41	41	41	True
Vegfa	VEGFA	ENSG00000112715.16	ENST00000372067.3	43737949	+	CjCas9_NNNVRYM	MiniCAFE	WTC11_rest	True	True	26	26	26	True
Vegfa	VEGFA	ENSG00000112715.16	ENST00000372067.3	43737949	+	CjCas9_NNNVRYM	MiniCAFE	WTC11_IFNb	True	True	26	26	26	True
Vegfa	VEGFA	ENSG00000112715.16	ENST00000372067.3	43737949	+	CjCas9_NNNVRYM	MiniCAFE	H1_rest	True	True	26	26	26	True
Vegfa	VEGFA	ENSG00000112715.16	ENST00000372067.3	43737949	+	CjCas9_NNNVRYM	MiniCAFE	H1_IFNb	True	True	26	26	26	True
Vegfa	VEGFA	ENSG00000112715.16	ENST00000372067.3	43737949	+	Nme2Cas9_NNNNCC	proposed_dNme2Cas9_activator	WTC11_rest	True	True	37	37	37	True
Vegfa	VEGFA	ENSG00000112715.16	ENST00000372067.3	43737949	+	Nme2Cas9_NNNNCC	proposed_dNme2Cas9_activator	WTC11_IFNb	True	True	37	37	37	True
Vegfa	VEGFA	ENSG00000112715.16	ENST00000372067.3	43737949	+	Nme2Cas9_NNNNCC	proposed_dNme2Cas9_activator	H1_rest	True	True	37	37	37	True
Vegfa	VEGFA	ENSG00000112715.16	ENST00000372067.3	43737949	+	Nme2Cas9_NNNNCC	proposed_dNme2Cas9_activator	H1_IFNb	True	True	37	37	37	True
