mouse_symbol	human_symbol	gene_id	transcript_id	tss	strand	cas	represented_systems	context	promoter_midpoint_accessible	promoter_any_peak_overlap	protospacers_total_passing	protospacers_fully_in_peak	protospacers_any_peak_overlap	targetable
Abca1	ABCA1	ENSG00000165029.11	ENST00000374736.3	107690517	-	Un1Cas12f1_TTTR	HEAL;SminiCRa	10K_rep1	False	False	3	0	0	False
Abca1	ABCA1	ENSG00000165029.11	ENST00000374736.3	107690517	-	Un1Cas12f1_TTTR	HEAL;SminiCRa	31K_rep2	False	False	3	0	0	False
Abca1	ABCA1	ENSG00000165029.11	ENST00000374736.3	107690517	-	Un1Cas12f1_TTTR	HEAL;SminiCRa	100K_rep3	False	False	3	0	0	False
Abca1	ABCA1	ENSG00000165029.11	ENST00000374736.3	107690517	-	Un1Cas12f1_TTTR	HEAL;SminiCRa	100K2_rep4	False	False	3	0	0	False
Abca1	ABCA1	ENSG00000165029.11	ENST00000374736.3	107690517	-	SaCas9_NNGRRT	SaCas9_CRISPRa	10K_rep1	False	False	4	0	0	False
Abca1	ABCA1	ENSG00000165029.11	ENST00000374736.3	107690517	-	SaCas9_NNGRRT	SaCas9_CRISPRa	31K_rep2	False	False	4	0	0	False
Abca1	ABCA1	ENSG00000165029.11	ENST00000374736.3	107690517	-	SaCas9_NNGRRT	SaCas9_CRISPRa	100K_rep3	False	False	4	0	0	False
Abca1	ABCA1	ENSG00000165029.11	ENST00000374736.3	107690517	-	SaCas9_NNGRRT	SaCas9_CRISPRa	100K2_rep4	False	False	4	0	0	False
Abca1	ABCA1	ENSG00000165029.11	ENST00000374736.3	107690517	-	SpCas9_NGG	SpCas9_CRISPRa	10K_rep1	False	False	44	0	0	False
Abca1	ABCA1	ENSG00000165029.11	ENST00000374736.3	107690517	-	SpCas9_NGG	SpCas9_CRISPRa	31K_rep2	False	False	44	0	0	False
Abca1	ABCA1	ENSG00000165029.11	ENST00000374736.3	107690517	-	SpCas9_NGG	SpCas9_CRISPRa	100K_rep3	False	False	44	0	0	False
Abca1	ABCA1	ENSG00000165029.11	ENST00000374736.3	107690517	-	SpCas9_NGG	SpCas9_CRISPRa	100K2_rep4	False	False	44	0	0	False
Abca1	ABCA1	ENSG00000165029.11	ENST00000374736.3	107690517	-	CjCas9_NNNVRYM	MiniCAFE	10K_rep1	False	False	24	0	0	False
Abca1	ABCA1	ENSG00000165029.11	ENST00000374736.3	107690517	-	CjCas9_NNNVRYM	MiniCAFE	31K_rep2	False	False	24	0	0	False
Abca1	ABCA1	ENSG00000165029.11	ENST00000374736.3	107690517	-	CjCas9_NNNVRYM	MiniCAFE	100K_rep3	False	False	24	0	0	False
Abca1	ABCA1	ENSG00000165029.11	ENST00000374736.3	107690517	-	CjCas9_NNNVRYM	MiniCAFE	100K2_rep4	False	False	24	0	0	False
Abca1	ABCA1	ENSG00000165029.11	ENST00000374736.3	107690517	-	Nme2Cas9_NNNNCC	proposed_dNme2Cas9_activator	10K_rep1	False	False	39	0	0	False
Abca1	ABCA1	ENSG00000165029.11	ENST00000374736.3	107690517	-	Nme2Cas9_NNNNCC	proposed_dNme2Cas9_activator	31K_rep2	False	False	39	0	0	False
Abca1	ABCA1	ENSG00000165029.11	ENST00000374736.3	107690517	-	Nme2Cas9_NNNNCC	proposed_dNme2Cas9_activator	100K_rep3	False	False	39	0	0	False
Abca1	ABCA1	ENSG00000165029.11	ENST00000374736.3	107690517	-	Nme2Cas9_NNNNCC	proposed_dNme2Cas9_activator	100K2_rep4	False	False	39	0	0	False
Abcg1	ABCG1	ENSG00000160179.14	ENST00000398449.3	43639227	+	Un1Cas12f1_TTTR	HEAL;SminiCRa	10K_rep1	False	False	0	0	0	False
Abcg1	ABCG1	ENSG00000160179.14	ENST00000398449.3	43639227	+	Un1Cas12f1_TTTR	HEAL;SminiCRa	31K_rep2	False	False	0	0	0	False
Abcg1	ABCG1	ENSG00000160179.14	ENST00000398449.3	43639227	+	Un1Cas12f1_TTTR	HEAL;SminiCRa	100K_rep3	False	False	0	0	0	False
Abcg1	ABCG1	ENSG00000160179.14	ENST00000398449.3	43639227	+	Un1Cas12f1_TTTR	HEAL;SminiCRa	100K2_rep4	False	True	0	0	0	False
Abcg1	ABCG1	ENSG00000160179.14	ENST00000398449.3	43639227	+	SaCas9_NNGRRT	SaCas9_CRISPRa	10K_rep1	False	False	4	0	0	False
Abcg1	ABCG1	ENSG00000160179.14	ENST00000398449.3	43639227	+	SaCas9_NNGRRT	SaCas9_CRISPRa	31K_rep2	False	False	4	0	0	False
Abcg1	ABCG1	ENSG00000160179.14	ENST00000398449.3	43639227	+	SaCas9_NNGRRT	SaCas9_CRISPRa	100K_rep3	False	False	4	0	0	False
Abcg1	ABCG1	ENSG00000160179.14	ENST00000398449.3	43639227	+	SaCas9_NNGRRT	SaCas9_CRISPRa	100K2_rep4	False	True	4	0	0	False
Abcg1	ABCG1	ENSG00000160179.14	ENST00000398449.3	43639227	+	SpCas9_NGG	SpCas9_CRISPRa	10K_rep1	False	False	40	0	0	False
Abcg1	ABCG1	ENSG00000160179.14	ENST00000398449.3	43639227	+	SpCas9_NGG	SpCas9_CRISPRa	31K_rep2	False	False	40	0	0	False
Abcg1	ABCG1	ENSG00000160179.14	ENST00000398449.3	43639227	+	SpCas9_NGG	SpCas9_CRISPRa	100K_rep3	False	False	40	0	0	False
Abcg1	ABCG1	ENSG00000160179.14	ENST00000398449.3	43639227	+	SpCas9_NGG	SpCas9_CRISPRa	100K2_rep4	False	True	40	1	5	True
Abcg1	ABCG1	ENSG00000160179.14	ENST00000398449.3	43639227	+	CjCas9_NNNVRYM	MiniCAFE	10K_rep1	False	False	22	0	0	False
Abcg1	ABCG1	ENSG00000160179.14	ENST00000398449.3	43639227	+	CjCas9_NNNVRYM	MiniCAFE	31K_rep2	False	False	22	0	0	False
Abcg1	ABCG1	ENSG00000160179.14	ENST00000398449.3	43639227	+	CjCas9_NNNVRYM	MiniCAFE	100K_rep3	False	False	22	0	0	False
Abcg1	ABCG1	ENSG00000160179.14	ENST00000398449.3	43639227	+	CjCas9_NNNVRYM	MiniCAFE	100K2_rep4	False	True	22	1	4	True
Abcg1	ABCG1	ENSG00000160179.14	ENST00000398449.3	43639227	+	Nme2Cas9_NNNNCC	proposed_dNme2Cas9_activator	10K_rep1	False	False	35	0	0	False
Abcg1	ABCG1	ENSG00000160179.14	ENST00000398449.3	43639227	+	Nme2Cas9_NNNNCC	proposed_dNme2Cas9_activator	31K_rep2	False	False	35	0	0	False
Abcg1	ABCG1	ENSG00000160179.14	ENST00000398449.3	43639227	+	Nme2Cas9_NNNNCC	proposed_dNme2Cas9_activator	100K_rep3	False	False	35	0	0	False
Abcg1	ABCG1	ENSG00000160179.14	ENST00000398449.3	43639227	+	Nme2Cas9_NNNNCC	proposed_dNme2Cas9_activator	100K2_rep4	False	True	35	1	6	True
Apoe	APOE	ENSG00000130203.5	ENST00000252486.4	45409010	+	Un1Cas12f1_TTTR	HEAL;SminiCRa	10K_rep1	False	False	0	0	0	False
Apoe	APOE	ENSG00000130203.5	ENST00000252486.4	45409010	+	Un1Cas12f1_TTTR	HEAL;SminiCRa	31K_rep2	False	False	0	0	0	False
Apoe	APOE	ENSG00000130203.5	ENST00000252486.4	45409010	+	Un1Cas12f1_TTTR	HEAL;SminiCRa	100K_rep3	False	False	0	0	0	False
Apoe	APOE	ENSG00000130203.5	ENST00000252486.4	45409010	+	Un1Cas12f1_TTTR	HEAL;SminiCRa	100K2_rep4	False	False	0	0	0	False
Apoe	APOE	ENSG00000130203.5	ENST00000252486.4	45409010	+	SaCas9_NNGRRT	SaCas9_CRISPRa	10K_rep1	False	False	6	0	0	False
Apoe	APOE	ENSG00000130203.5	ENST00000252486.4	45409010	+	SaCas9_NNGRRT	SaCas9_CRISPRa	31K_rep2	False	False	6	0	0	False
Apoe	APOE	ENSG00000130203.5	ENST00000252486.4	45409010	+	SaCas9_NNGRRT	SaCas9_CRISPRa	100K_rep3	False	False	6	0	0	False
Apoe	APOE	ENSG00000130203.5	ENST00000252486.4	45409010	+	SaCas9_NNGRRT	SaCas9_CRISPRa	100K2_rep4	False	False	6	0	0	False
Apoe	APOE	ENSG00000130203.5	ENST00000252486.4	45409010	+	SpCas9_NGG	SpCas9_CRISPRa	10K_rep1	False	False	66	0	0	False
Apoe	APOE	ENSG00000130203.5	ENST00000252486.4	45409010	+	SpCas9_NGG	SpCas9_CRISPRa	31K_rep2	False	False	66	0	0	False
Apoe	APOE	ENSG00000130203.5	ENST00000252486.4	45409010	+	SpCas9_NGG	SpCas9_CRISPRa	100K_rep3	False	False	66	0	0	False
Apoe	APOE	ENSG00000130203.5	ENST00000252486.4	45409010	+	SpCas9_NGG	SpCas9_CRISPRa	100K2_rep4	False	False	66	0	0	False
Apoe	APOE	ENSG00000130203.5	ENST00000252486.4	45409010	+	CjCas9_NNNVRYM	MiniCAFE	10K_rep1	False	False	34	0	0	False
Apoe	APOE	ENSG00000130203.5	ENST00000252486.4	45409010	+	CjCas9_NNNVRYM	MiniCAFE	31K_rep2	False	False	34	0	0	False
Apoe	APOE	ENSG00000130203.5	ENST00000252486.4	45409010	+	CjCas9_NNNVRYM	MiniCAFE	100K_rep3	False	False	34	0	0	False
Apoe	APOE	ENSG00000130203.5	ENST00000252486.4	45409010	+	CjCas9_NNNVRYM	MiniCAFE	100K2_rep4	False	False	34	0	0	False
Apoe	APOE	ENSG00000130203.5	ENST00000252486.4	45409010	+	Nme2Cas9_NNNNCC	proposed_dNme2Cas9_activator	10K_rep1	False	False	56	0	0	False
Apoe	APOE	ENSG00000130203.5	ENST00000252486.4	45409010	+	Nme2Cas9_NNNNCC	proposed_dNme2Cas9_activator	31K_rep2	False	False	56	0	0	False
Apoe	APOE	ENSG00000130203.5	ENST00000252486.4	45409010	+	Nme2Cas9_NNNNCC	proposed_dNme2Cas9_activator	100K_rep3	False	False	56	0	0	False
Apoe	APOE	ENSG00000130203.5	ENST00000252486.4	45409010	+	Nme2Cas9_NNNNCC	proposed_dNme2Cas9_activator	100K2_rep4	False	False	56	0	0	False
Arg1	ARG1	ENSG00000118520.9	ENST00000368087.3	131894283	+	Un1Cas12f1_TTTR	HEAL;SminiCRa	10K_rep1	False	False	4	0	0	False
Arg1	ARG1	ENSG00000118520.9	ENST00000368087.3	131894283	+	Un1Cas12f1_TTTR	HEAL;SminiCRa	31K_rep2	False	False	4	0	0	False
Arg1	ARG1	ENSG00000118520.9	ENST00000368087.3	131894283	+	Un1Cas12f1_TTTR	HEAL;SminiCRa	100K_rep3	False	False	4	0	0	False
Arg1	ARG1	ENSG00000118520.9	ENST00000368087.3	131894283	+	Un1Cas12f1_TTTR	HEAL;SminiCRa	100K2_rep4	False	False	4	0	0	False
Arg1	ARG1	ENSG00000118520.9	ENST00000368087.3	131894283	+	SaCas9_NNGRRT	SaCas9_CRISPRa	10K_rep1	False	False	9	0	0	False
Arg1	ARG1	ENSG00000118520.9	ENST00000368087.3	131894283	+	SaCas9_NNGRRT	SaCas9_CRISPRa	31K_rep2	False	False	9	0	0	False
Arg1	ARG1	ENSG00000118520.9	ENST00000368087.3	131894283	+	SaCas9_NNGRRT	SaCas9_CRISPRa	100K_rep3	False	False	9	0	0	False
Arg1	ARG1	ENSG00000118520.9	ENST00000368087.3	131894283	+	SaCas9_NNGRRT	SaCas9_CRISPRa	100K2_rep4	False	False	9	0	0	False
Arg1	ARG1	ENSG00000118520.9	ENST00000368087.3	131894283	+	SpCas9_NGG	SpCas9_CRISPRa	10K_rep1	False	False	32	0	0	False
Arg1	ARG1	ENSG00000118520.9	ENST00000368087.3	131894283	+	SpCas9_NGG	SpCas9_CRISPRa	31K_rep2	False	False	32	0	0	False
Arg1	ARG1	ENSG00000118520.9	ENST00000368087.3	131894283	+	SpCas9_NGG	SpCas9_CRISPRa	100K_rep3	False	False	32	0	0	False
Arg1	ARG1	ENSG00000118520.9	ENST00000368087.3	131894283	+	SpCas9_NGG	SpCas9_CRISPRa	100K2_rep4	False	False	32	0	0	False
Arg1	ARG1	ENSG00000118520.9	ENST00000368087.3	131894283	+	CjCas9_NNNVRYM	MiniCAFE	10K_rep1	False	False	48	0	0	False
Arg1	ARG1	ENSG00000118520.9	ENST00000368087.3	131894283	+	CjCas9_NNNVRYM	MiniCAFE	31K_rep2	False	False	48	0	0	False
Arg1	ARG1	ENSG00000118520.9	ENST00000368087.3	131894283	+	CjCas9_NNNVRYM	MiniCAFE	100K_rep3	False	False	48	0	0	False
Arg1	ARG1	ENSG00000118520.9	ENST00000368087.3	131894283	+	CjCas9_NNNVRYM	MiniCAFE	100K2_rep4	False	False	48	0	0	False
Arg1	ARG1	ENSG00000118520.9	ENST00000368087.3	131894283	+	Nme2Cas9_NNNNCC	proposed_dNme2Cas9_activator	10K_rep1	False	False	30	0	0	False
Arg1	ARG1	ENSG00000118520.9	ENST00000368087.3	131894283	+	Nme2Cas9_NNNNCC	proposed_dNme2Cas9_activator	31K_rep2	False	False	30	0	0	False
Arg1	ARG1	ENSG00000118520.9	ENST00000368087.3	131894283	+	Nme2Cas9_NNNNCC	proposed_dNme2Cas9_activator	100K_rep3	False	False	30	0	0	False
Arg1	ARG1	ENSG00000118520.9	ENST00000368087.3	131894283	+	Nme2Cas9_NNNNCC	proposed_dNme2Cas9_activator	100K2_rep4	False	False	30	0	0	False
Atg5	ATG5	ENSG00000057663.8	ENST00000369076.3	106773665	-	Un1Cas12f1_TTTR	HEAL;SminiCRa	10K_rep1	False	True	6	1	2	True
Atg5	ATG5	ENSG00000057663.8	ENST00000369076.3	106773665	-	Un1Cas12f1_TTTR	HEAL;SminiCRa	31K_rep2	False	True	6	0	1	False
Atg5	ATG5	ENSG00000057663.8	ENST00000369076.3	106773665	-	Un1Cas12f1_TTTR	HEAL;SminiCRa	100K_rep3	False	True	6	1	2	True
Atg5	ATG5	ENSG00000057663.8	ENST00000369076.3	106773665	-	Un1Cas12f1_TTTR	HEAL;SminiCRa	100K2_rep4	True	True	6	2	3	True
Atg5	ATG5	ENSG00000057663.8	ENST00000369076.3	106773665	-	SaCas9_NNGRRT	SaCas9_CRISPRa	10K_rep1	False	True	6	3	5	True
Atg5	ATG5	ENSG00000057663.8	ENST00000369076.3	106773665	-	SaCas9_NNGRRT	SaCas9_CRISPRa	31K_rep2	False	True	6	2	2	True
Atg5	ATG5	ENSG00000057663.8	ENST00000369076.3	106773665	-	SaCas9_NNGRRT	SaCas9_CRISPRa	100K_rep3	False	True	6	3	5	True
Atg5	ATG5	ENSG00000057663.8	ENST00000369076.3	106773665	-	SaCas9_NNGRRT	SaCas9_CRISPRa	100K2_rep4	True	True	6	5	5	True
Atg5	ATG5	ENSG00000057663.8	ENST00000369076.3	106773665	-	SpCas9_NGG	SpCas9_CRISPRa	10K_rep1	False	True	35	18	20	True
Atg5	ATG5	ENSG00000057663.8	ENST00000369076.3	106773665	-	SpCas9_NGG	SpCas9_CRISPRa	31K_rep2	False	True	35	14	15	True
Atg5	ATG5	ENSG00000057663.8	ENST00000369076.3	106773665	-	SpCas9_NGG	SpCas9_CRISPRa	100K_rep3	False	True	35	17	20	True
Atg5	ATG5	ENSG00000057663.8	ENST00000369076.3	106773665	-	SpCas9_NGG	SpCas9_CRISPRa	100K2_rep4	True	True	35	27	27	True
Atg5	ATG5	ENSG00000057663.8	ENST00000369076.3	106773665	-	CjCas9_NNNVRYM	MiniCAFE	10K_rep1	False	True	46	15	19	True
Atg5	ATG5	ENSG00000057663.8	ENST00000369076.3	106773665	-	CjCas9_NNNVRYM	MiniCAFE	31K_rep2	False	True	46	9	13	True
Atg5	ATG5	ENSG00000057663.8	ENST00000369076.3	106773665	-	CjCas9_NNNVRYM	MiniCAFE	100K_rep3	False	True	46	15	19	True
Atg5	ATG5	ENSG00000057663.8	ENST00000369076.3	106773665	-	CjCas9_NNNVRYM	MiniCAFE	100K2_rep4	True	True	46	22	25	True
Atg5	ATG5	ENSG00000057663.8	ENST00000369076.3	106773665	-	Nme2Cas9_NNNNCC	proposed_dNme2Cas9_activator	10K_rep1	False	True	21	13	13	True
Atg5	ATG5	ENSG00000057663.8	ENST00000369076.3	106773665	-	Nme2Cas9_NNNNCC	proposed_dNme2Cas9_activator	31K_rep2	False	True	21	5	11	True
Atg5	ATG5	ENSG00000057663.8	ENST00000369076.3	106773665	-	Nme2Cas9_NNNNCC	proposed_dNme2Cas9_activator	100K_rep3	False	True	21	13	13	True
Atg5	ATG5	ENSG00000057663.8	ENST00000369076.3	106773665	-	Nme2Cas9_NNNNCC	proposed_dNme2Cas9_activator	100K2_rep4	True	True	21	13	17	True
Atg7	ATG7	ENSG00000197548.8	ENST00000354449.3	11314101	+	Un1Cas12f1_TTTR	HEAL;SminiCRa	10K_rep1	True	True	3	0	0	False
Atg7	ATG7	ENSG00000197548.8	ENST00000354449.3	11314101	+	Un1Cas12f1_TTTR	HEAL;SminiCRa	31K_rep2	True	True	3	0	0	False
Atg7	ATG7	ENSG00000197548.8	ENST00000354449.3	11314101	+	Un1Cas12f1_TTTR	HEAL;SminiCRa	100K_rep3	True	True	3	2	2	True
Atg7	ATG7	ENSG00000197548.8	ENST00000354449.3	11314101	+	Un1Cas12f1_TTTR	HEAL;SminiCRa	100K2_rep4	True	True	3	0	1	False
Atg7	ATG7	ENSG00000197548.8	ENST00000354449.3	11314101	+	SaCas9_NNGRRT	SaCas9_CRISPRa	10K_rep1	True	True	7	1	1	True
Atg7	ATG7	ENSG00000197548.8	ENST00000354449.3	11314101	+	SaCas9_NNGRRT	SaCas9_CRISPRa	31K_rep2	True	True	7	1	1	True
Atg7	ATG7	ENSG00000197548.8	ENST00000354449.3	11314101	+	SaCas9_NNGRRT	SaCas9_CRISPRa	100K_rep3	True	True	7	4	4	True
Atg7	ATG7	ENSG00000197548.8	ENST00000354449.3	11314101	+	SaCas9_NNGRRT	SaCas9_CRISPRa	100K2_rep4	True	True	7	1	2	True
Atg7	ATG7	ENSG00000197548.8	ENST00000354449.3	11314101	+	SpCas9_NGG	SpCas9_CRISPRa	10K_rep1	True	True	50	24	28	True
Atg7	ATG7	ENSG00000197548.8	ENST00000354449.3	11314101	+	SpCas9_NGG	SpCas9_CRISPRa	31K_rep2	True	True	50	24	28	True
Atg7	ATG7	ENSG00000197548.8	ENST00000354449.3	11314101	+	SpCas9_NGG	SpCas9_CRISPRa	100K_rep3	True	True	50	34	36	True
Atg7	ATG7	ENSG00000197548.8	ENST00000354449.3	11314101	+	SpCas9_NGG	SpCas9_CRISPRa	100K2_rep4	True	True	50	28	30	True
Atg7	ATG7	ENSG00000197548.8	ENST00000354449.3	11314101	+	CjCas9_NNNVRYM	MiniCAFE	10K_rep1	True	True	36	9	13	True
Atg7	ATG7	ENSG00000197548.8	ENST00000354449.3	11314101	+	CjCas9_NNNVRYM	MiniCAFE	31K_rep2	True	True	36	9	12	True
Atg7	ATG7	ENSG00000197548.8	ENST00000354449.3	11314101	+	CjCas9_NNNVRYM	MiniCAFE	100K_rep3	True	True	36	17	22	True
Atg7	ATG7	ENSG00000197548.8	ENST00000354449.3	11314101	+	CjCas9_NNNVRYM	MiniCAFE	100K2_rep4	True	True	36	12	14	True
Atg7	ATG7	ENSG00000197548.8	ENST00000354449.3	11314101	+	Nme2Cas9_NNNNCC	proposed_dNme2Cas9_activator	10K_rep1	True	True	31	10	13	True
Atg7	ATG7	ENSG00000197548.8	ENST00000354449.3	11314101	+	Nme2Cas9_NNNNCC	proposed_dNme2Cas9_activator	31K_rep2	True	True	31	10	13	True
Atg7	ATG7	ENSG00000197548.8	ENST00000354449.3	11314101	+	Nme2Cas9_NNNNCC	proposed_dNme2Cas9_activator	100K_rep3	True	True	31	16	20	True
Atg7	ATG7	ENSG00000197548.8	ENST00000354449.3	11314101	+	Nme2Cas9_NNNNCC	proposed_dNme2Cas9_activator	100K2_rep4	True	True	31	12	16	True
Atp6v1h	ATP6V1H	ENSG00000047249.12	ENST00000359530.2	54755821	-	Un1Cas12f1_TTTR	HEAL;SminiCRa	10K_rep1	True	True	6	1	1	True
Atp6v1h	ATP6V1H	ENSG00000047249.12	ENST00000359530.2	54755821	-	Un1Cas12f1_TTTR	HEAL;SminiCRa	31K_rep2	True	True	6	1	1	True
Atp6v1h	ATP6V1H	ENSG00000047249.12	ENST00000359530.2	54755821	-	Un1Cas12f1_TTTR	HEAL;SminiCRa	100K_rep3	False	True	6	1	1	True
Atp6v1h	ATP6V1H	ENSG00000047249.12	ENST00000359530.2	54755821	-	Un1Cas12f1_TTTR	HEAL;SminiCRa	100K2_rep4	True	True	6	1	1	True
Atp6v1h	ATP6V1H	ENSG00000047249.12	ENST00000359530.2	54755821	-	SaCas9_NNGRRT	SaCas9_CRISPRa	10K_rep1	True	True	5	4	4	True
Atp6v1h	ATP6V1H	ENSG00000047249.12	ENST00000359530.2	54755821	-	SaCas9_NNGRRT	SaCas9_CRISPRa	31K_rep2	True	True	5	4	4	True
Atp6v1h	ATP6V1H	ENSG00000047249.12	ENST00000359530.2	54755821	-	SaCas9_NNGRRT	SaCas9_CRISPRa	100K_rep3	False	True	5	1	1	True
Atp6v1h	ATP6V1H	ENSG00000047249.12	ENST00000359530.2	54755821	-	SaCas9_NNGRRT	SaCas9_CRISPRa	100K2_rep4	True	True	5	4	4	True
Atp6v1h	ATP6V1H	ENSG00000047249.12	ENST00000359530.2	54755821	-	SpCas9_NGG	SpCas9_CRISPRa	10K_rep1	True	True	32	15	24	True
Atp6v1h	ATP6V1H	ENSG00000047249.12	ENST00000359530.2	54755821	-	SpCas9_NGG	SpCas9_CRISPRa	31K_rep2	True	True	32	15	24	True
Atp6v1h	ATP6V1H	ENSG00000047249.12	ENST00000359530.2	54755821	-	SpCas9_NGG	SpCas9_CRISPRa	100K_rep3	False	True	32	8	8	True
Atp6v1h	ATP6V1H	ENSG00000047249.12	ENST00000359530.2	54755821	-	SpCas9_NGG	SpCas9_CRISPRa	100K2_rep4	True	True	32	24	25	True
Atp6v1h	ATP6V1H	ENSG00000047249.12	ENST00000359530.2	54755821	-	CjCas9_NNNVRYM	MiniCAFE	10K_rep1	True	True	24	16	17	True
Atp6v1h	ATP6V1H	ENSG00000047249.12	ENST00000359530.2	54755821	-	CjCas9_NNNVRYM	MiniCAFE	31K_rep2	True	True	24	16	17	True
Atp6v1h	ATP6V1H	ENSG00000047249.12	ENST00000359530.2	54755821	-	CjCas9_NNNVRYM	MiniCAFE	100K_rep3	False	True	24	4	4	True
Atp6v1h	ATP6V1H	ENSG00000047249.12	ENST00000359530.2	54755821	-	CjCas9_NNNVRYM	MiniCAFE	100K2_rep4	True	True	24	17	18	True
Atp6v1h	ATP6V1H	ENSG00000047249.12	ENST00000359530.2	54755821	-	Nme2Cas9_NNNNCC	proposed_dNme2Cas9_activator	10K_rep1	True	True	23	17	18	True
Atp6v1h	ATP6V1H	ENSG00000047249.12	ENST00000359530.2	54755821	-	Nme2Cas9_NNNNCC	proposed_dNme2Cas9_activator	31K_rep2	True	True	23	17	18	True
Atp6v1h	ATP6V1H	ENSG00000047249.12	ENST00000359530.2	54755821	-	Nme2Cas9_NNNNCC	proposed_dNme2Cas9_activator	100K_rep3	False	True	23	5	5	True
Atp6v1h	ATP6V1H	ENSG00000047249.12	ENST00000359530.2	54755821	-	Nme2Cas9_NNNNCC	proposed_dNme2Cas9_activator	100K2_rep4	True	True	23	18	18	True
Axl	AXL	ENSG00000167601.7	ENST00000301178.4	41725107	+	Un1Cas12f1_TTTR	HEAL;SminiCRa	10K_rep1	True	True	2	2	2	True
Axl	AXL	ENSG00000167601.7	ENST00000301178.4	41725107	+	Un1Cas12f1_TTTR	HEAL;SminiCRa	31K_rep2	True	True	2	2	2	True
Axl	AXL	ENSG00000167601.7	ENST00000301178.4	41725107	+	Un1Cas12f1_TTTR	HEAL;SminiCRa	100K_rep3	True	True	2	2	2	True
Axl	AXL	ENSG00000167601.7	ENST00000301178.4	41725107	+	Un1Cas12f1_TTTR	HEAL;SminiCRa	100K2_rep4	True	True	2	2	2	True
Axl	AXL	ENSG00000167601.7	ENST00000301178.4	41725107	+	SaCas9_NNGRRT	SaCas9_CRISPRa	10K_rep1	True	True	6	6	6	True
Axl	AXL	ENSG00000167601.7	ENST00000301178.4	41725107	+	SaCas9_NNGRRT	SaCas9_CRISPRa	31K_rep2	True	True	6	6	6	True
Axl	AXL	ENSG00000167601.7	ENST00000301178.4	41725107	+	SaCas9_NNGRRT	SaCas9_CRISPRa	100K_rep3	True	True	6	5	6	True
Axl	AXL	ENSG00000167601.7	ENST00000301178.4	41725107	+	SaCas9_NNGRRT	SaCas9_CRISPRa	100K2_rep4	True	True	6	5	6	True
Axl	AXL	ENSG00000167601.7	ENST00000301178.4	41725107	+	SpCas9_NGG	SpCas9_CRISPRa	10K_rep1	True	True	51	51	51	True
Axl	AXL	ENSG00000167601.7	ENST00000301178.4	41725107	+	SpCas9_NGG	SpCas9_CRISPRa	31K_rep2	True	True	51	51	51	True
Axl	AXL	ENSG00000167601.7	ENST00000301178.4	41725107	+	SpCas9_NGG	SpCas9_CRISPRa	100K_rep3	True	True	51	45	51	True
Axl	AXL	ENSG00000167601.7	ENST00000301178.4	41725107	+	SpCas9_NGG	SpCas9_CRISPRa	100K2_rep4	True	True	51	45	51	True
Axl	AXL	ENSG00000167601.7	ENST00000301178.4	41725107	+	CjCas9_NNNVRYM	MiniCAFE	10K_rep1	True	True	20	20	20	True
Axl	AXL	ENSG00000167601.7	ENST00000301178.4	41725107	+	CjCas9_NNNVRYM	MiniCAFE	31K_rep2	True	True	20	20	20	True
Axl	AXL	ENSG00000167601.7	ENST00000301178.4	41725107	+	CjCas9_NNNVRYM	MiniCAFE	100K_rep3	True	True	20	20	20	True
Axl	AXL	ENSG00000167601.7	ENST00000301178.4	41725107	+	CjCas9_NNNVRYM	MiniCAFE	100K2_rep4	True	True	20	20	20	True
Axl	AXL	ENSG00000167601.7	ENST00000301178.4	41725107	+	Nme2Cas9_NNNNCC	proposed_dNme2Cas9_activator	10K_rep1	True	True	32	32	32	True
Axl	AXL	ENSG00000167601.7	ENST00000301178.4	41725107	+	Nme2Cas9_NNNNCC	proposed_dNme2Cas9_activator	31K_rep2	True	True	32	32	32	True
Axl	AXL	ENSG00000167601.7	ENST00000301178.4	41725107	+	Nme2Cas9_NNNNCC	proposed_dNme2Cas9_activator	100K_rep3	True	True	32	32	32	True
Axl	AXL	ENSG00000167601.7	ENST00000301178.4	41725107	+	Nme2Cas9_NNNNCC	proposed_dNme2Cas9_activator	100K2_rep4	True	True	32	32	32	True
Bdnf	BDNF	ENSG00000176697.14	ENST00000525950.1	27742325	-	Un1Cas12f1_TTTR	HEAL;SminiCRa	10K_rep1	False	False	2	0	0	False
Bdnf	BDNF	ENSG00000176697.14	ENST00000525950.1	27742325	-	Un1Cas12f1_TTTR	HEAL;SminiCRa	31K_rep2	False	False	2	0	0	False
Bdnf	BDNF	ENSG00000176697.14	ENST00000525950.1	27742325	-	Un1Cas12f1_TTTR	HEAL;SminiCRa	100K_rep3	False	False	2	0	0	False
Bdnf	BDNF	ENSG00000176697.14	ENST00000525950.1	27742325	-	Un1Cas12f1_TTTR	HEAL;SminiCRa	100K2_rep4	False	False	2	0	0	False
Bdnf	BDNF	ENSG00000176697.14	ENST00000525950.1	27742325	-	SaCas9_NNGRRT	SaCas9_CRISPRa	10K_rep1	False	False	9	0	0	False
Bdnf	BDNF	ENSG00000176697.14	ENST00000525950.1	27742325	-	SaCas9_NNGRRT	SaCas9_CRISPRa	31K_rep2	False	False	9	0	0	False
Bdnf	BDNF	ENSG00000176697.14	ENST00000525950.1	27742325	-	SaCas9_NNGRRT	SaCas9_CRISPRa	100K_rep3	False	False	9	0	0	False
Bdnf	BDNF	ENSG00000176697.14	ENST00000525950.1	27742325	-	SaCas9_NNGRRT	SaCas9_CRISPRa	100K2_rep4	False	False	9	0	0	False
Bdnf	BDNF	ENSG00000176697.14	ENST00000525950.1	27742325	-	SpCas9_NGG	SpCas9_CRISPRa	10K_rep1	False	False	29	0	0	False
Bdnf	BDNF	ENSG00000176697.14	ENST00000525950.1	27742325	-	SpCas9_NGG	SpCas9_CRISPRa	31K_rep2	False	False	29	0	0	False
Bdnf	BDNF	ENSG00000176697.14	ENST00000525950.1	27742325	-	SpCas9_NGG	SpCas9_CRISPRa	100K_rep3	False	False	29	0	0	False
Bdnf	BDNF	ENSG00000176697.14	ENST00000525950.1	27742325	-	SpCas9_NGG	SpCas9_CRISPRa	100K2_rep4	False	False	29	0	0	False
Bdnf	BDNF	ENSG00000176697.14	ENST00000525950.1	27742325	-	CjCas9_NNNVRYM	MiniCAFE	10K_rep1	False	False	33	0	0	False
Bdnf	BDNF	ENSG00000176697.14	ENST00000525950.1	27742325	-	CjCas9_NNNVRYM	MiniCAFE	31K_rep2	False	False	33	0	0	False
Bdnf	BDNF	ENSG00000176697.14	ENST00000525950.1	27742325	-	CjCas9_NNNVRYM	MiniCAFE	100K_rep3	False	False	33	0	0	False
Bdnf	BDNF	ENSG00000176697.14	ENST00000525950.1	27742325	-	CjCas9_NNNVRYM	MiniCAFE	100K2_rep4	False	False	33	0	0	False
Bdnf	BDNF	ENSG00000176697.14	ENST00000525950.1	27742325	-	Nme2Cas9_NNNNCC	proposed_dNme2Cas9_activator	10K_rep1	False	False	24	0	0	False
Bdnf	BDNF	ENSG00000176697.14	ENST00000525950.1	27742325	-	Nme2Cas9_NNNNCC	proposed_dNme2Cas9_activator	31K_rep2	False	False	24	0	0	False
Bdnf	BDNF	ENSG00000176697.14	ENST00000525950.1	27742325	-	Nme2Cas9_NNNNCC	proposed_dNme2Cas9_activator	100K_rep3	False	False	24	0	0	False
Bdnf	BDNF	ENSG00000176697.14	ENST00000525950.1	27742325	-	Nme2Cas9_NNNNCC	proposed_dNme2Cas9_activator	100K2_rep4	False	False	24	0	0	False
Becn1	BECN1	ENSG00000126581.8	ENST00000361523.4	40976280	-	Un1Cas12f1_TTTR	HEAL;SminiCRa	10K_rep1	True	True	1	1	1	True
Becn1	BECN1	ENSG00000126581.8	ENST00000361523.4	40976280	-	Un1Cas12f1_TTTR	HEAL;SminiCRa	31K_rep2	True	True	1	1	1	True
Becn1	BECN1	ENSG00000126581.8	ENST00000361523.4	40976280	-	Un1Cas12f1_TTTR	HEAL;SminiCRa	100K_rep3	False	True	1	0	1	False
Becn1	BECN1	ENSG00000126581.8	ENST00000361523.4	40976280	-	Un1Cas12f1_TTTR	HEAL;SminiCRa	100K2_rep4	True	True	1	1	1	True
Becn1	BECN1	ENSG00000126581.8	ENST00000361523.4	40976280	-	SaCas9_NNGRRT	SaCas9_CRISPRa	10K_rep1	True	True	3	2	2	True
Becn1	BECN1	ENSG00000126581.8	ENST00000361523.4	40976280	-	SaCas9_NNGRRT	SaCas9_CRISPRa	31K_rep2	True	True	3	2	2	True
Becn1	BECN1	ENSG00000126581.8	ENST00000361523.4	40976280	-	SaCas9_NNGRRT	SaCas9_CRISPRa	100K_rep3	False	True	3	2	2	True
Becn1	BECN1	ENSG00000126581.8	ENST00000361523.4	40976280	-	SaCas9_NNGRRT	SaCas9_CRISPRa	100K2_rep4	True	True	3	3	3	True
Becn1	BECN1	ENSG00000126581.8	ENST00000361523.4	40976280	-	SpCas9_NGG	SpCas9_CRISPRa	10K_rep1	True	True	44	30	34	True
Becn1	BECN1	ENSG00000126581.8	ENST00000361523.4	40976280	-	SpCas9_NGG	SpCas9_CRISPRa	31K_rep2	True	True	44	35	39	True
Becn1	BECN1	ENSG00000126581.8	ENST00000361523.4	40976280	-	SpCas9_NGG	SpCas9_CRISPRa	100K_rep3	False	True	44	22	25	True
Becn1	BECN1	ENSG00000126581.8	ENST00000361523.4	40976280	-	SpCas9_NGG	SpCas9_CRISPRa	100K2_rep4	True	True	44	41	43	True
Becn1	BECN1	ENSG00000126581.8	ENST00000361523.4	40976280	-	CjCas9_NNNVRYM	MiniCAFE	10K_rep1	True	True	33	17	23	True
Becn1	BECN1	ENSG00000126581.8	ENST00000361523.4	40976280	-	CjCas9_NNNVRYM	MiniCAFE	31K_rep2	True	True	33	22	24	True
Becn1	BECN1	ENSG00000126581.8	ENST00000361523.4	40976280	-	CjCas9_NNNVRYM	MiniCAFE	100K_rep3	False	True	33	16	17	True
Becn1	BECN1	ENSG00000126581.8	ENST00000361523.4	40976280	-	CjCas9_NNNVRYM	MiniCAFE	100K2_rep4	True	True	33	27	29	True
Becn1	BECN1	ENSG00000126581.8	ENST00000361523.4	40976280	-	Nme2Cas9_NNNNCC	proposed_dNme2Cas9_activator	10K_rep1	True	True	44	24	30	True
Becn1	BECN1	ENSG00000126581.8	ENST00000361523.4	40976280	-	Nme2Cas9_NNNNCC	proposed_dNme2Cas9_activator	31K_rep2	True	True	44	29	32	True
Becn1	BECN1	ENSG00000126581.8	ENST00000361523.4	40976280	-	Nme2Cas9_NNNNCC	proposed_dNme2Cas9_activator	100K_rep3	False	True	44	18	24	True
Becn1	BECN1	ENSG00000126581.8	ENST00000361523.4	40976280	-	Nme2Cas9_NNNNCC	proposed_dNme2Cas9_activator	100K2_rep4	True	True	44	37	38	True
Cd36	CD36	ENSG00000135218.13	ENST00000435819.1	79998890	+	Un1Cas12f1_TTTR	HEAL;SminiCRa	10K_rep1	False	False	10	0	0	False
Cd36	CD36	ENSG00000135218.13	ENST00000435819.1	79998890	+	Un1Cas12f1_TTTR	HEAL;SminiCRa	31K_rep2	False	False	10	0	0	False
Cd36	CD36	ENSG00000135218.13	ENST00000435819.1	79998890	+	Un1Cas12f1_TTTR	HEAL;SminiCRa	100K_rep3	False	False	10	0	0	False
Cd36	CD36	ENSG00000135218.13	ENST00000435819.1	79998890	+	Un1Cas12f1_TTTR	HEAL;SminiCRa	100K2_rep4	False	False	10	0	0	False
Cd36	CD36	ENSG00000135218.13	ENST00000435819.1	79998890	+	SaCas9_NNGRRT	SaCas9_CRISPRa	10K_rep1	False	False	6	0	0	False
Cd36	CD36	ENSG00000135218.13	ENST00000435819.1	79998890	+	SaCas9_NNGRRT	SaCas9_CRISPRa	31K_rep2	False	False	6	0	0	False
Cd36	CD36	ENSG00000135218.13	ENST00000435819.1	79998890	+	SaCas9_NNGRRT	SaCas9_CRISPRa	100K_rep3	False	False	6	0	0	False
Cd36	CD36	ENSG00000135218.13	ENST00000435819.1	79998890	+	SaCas9_NNGRRT	SaCas9_CRISPRa	100K2_rep4	False	False	6	0	0	False
Cd36	CD36	ENSG00000135218.13	ENST00000435819.1	79998890	+	SpCas9_NGG	SpCas9_CRISPRa	10K_rep1	False	False	10	0	0	False
Cd36	CD36	ENSG00000135218.13	ENST00000435819.1	79998890	+	SpCas9_NGG	SpCas9_CRISPRa	31K_rep2	False	False	10	0	0	False
Cd36	CD36	ENSG00000135218.13	ENST00000435819.1	79998890	+	SpCas9_NGG	SpCas9_CRISPRa	100K_rep3	False	False	10	0	0	False
Cd36	CD36	ENSG00000135218.13	ENST00000435819.1	79998890	+	SpCas9_NGG	SpCas9_CRISPRa	100K2_rep4	False	False	10	0	0	False
Cd36	CD36	ENSG00000135218.13	ENST00000435819.1	79998890	+	CjCas9_NNNVRYM	MiniCAFE	10K_rep1	False	False	18	0	0	False
Cd36	CD36	ENSG00000135218.13	ENST00000435819.1	79998890	+	CjCas9_NNNVRYM	MiniCAFE	31K_rep2	False	False	18	0	0	False
Cd36	CD36	ENSG00000135218.13	ENST00000435819.1	79998890	+	CjCas9_NNNVRYM	MiniCAFE	100K_rep3	False	False	18	0	0	False
Cd36	CD36	ENSG00000135218.13	ENST00000435819.1	79998890	+	CjCas9_NNNVRYM	MiniCAFE	100K2_rep4	False	False	18	0	0	False
Cd36	CD36	ENSG00000135218.13	ENST00000435819.1	79998890	+	Nme2Cas9_NNNNCC	proposed_dNme2Cas9_activator	10K_rep1	False	False	5	0	0	False
Cd36	CD36	ENSG00000135218.13	ENST00000435819.1	79998890	+	Nme2Cas9_NNNNCC	proposed_dNme2Cas9_activator	31K_rep2	False	False	5	0	0	False
Cd36	CD36	ENSG00000135218.13	ENST00000435819.1	79998890	+	Nme2Cas9_NNNNCC	proposed_dNme2Cas9_activator	100K_rep3	False	False	5	0	0	False
Cd36	CD36	ENSG00000135218.13	ENST00000435819.1	79998890	+	Nme2Cas9_NNNNCC	proposed_dNme2Cas9_activator	100K2_rep4	False	False	5	0	0	False
Csf1	CSF1	ENSG00000184371.9	ENST00000329608.6	110453254	+	Un1Cas12f1_TTTR	HEAL;SminiCRa	10K_rep1	False	True	1	0	0	False
Csf1	CSF1	ENSG00000184371.9	ENST00000329608.6	110453254	+	Un1Cas12f1_TTTR	HEAL;SminiCRa	31K_rep2	False	True	1	0	0	False
Csf1	CSF1	ENSG00000184371.9	ENST00000329608.6	110453254	+	Un1Cas12f1_TTTR	HEAL;SminiCRa	100K_rep3	False	True	1	0	0	False
Csf1	CSF1	ENSG00000184371.9	ENST00000329608.6	110453254	+	Un1Cas12f1_TTTR	HEAL;SminiCRa	100K2_rep4	False	True	1	0	0	False
Csf1	CSF1	ENSG00000184371.9	ENST00000329608.6	110453254	+	SaCas9_NNGRRT	SaCas9_CRISPRa	10K_rep1	False	True	7	1	1	True
Csf1	CSF1	ENSG00000184371.9	ENST00000329608.6	110453254	+	SaCas9_NNGRRT	SaCas9_CRISPRa	31K_rep2	False	True	7	0	1	False
Csf1	CSF1	ENSG00000184371.9	ENST00000329608.6	110453254	+	SaCas9_NNGRRT	SaCas9_CRISPRa	100K_rep3	False	True	7	0	0	False
Csf1	CSF1	ENSG00000184371.9	ENST00000329608.6	110453254	+	SaCas9_NNGRRT	SaCas9_CRISPRa	100K2_rep4	False	True	7	0	0	False
Csf1	CSF1	ENSG00000184371.9	ENST00000329608.6	110453254	+	SpCas9_NGG	SpCas9_CRISPRa	10K_rep1	False	True	59	6	9	True
Csf1	CSF1	ENSG00000184371.9	ENST00000329608.6	110453254	+	SpCas9_NGG	SpCas9_CRISPRa	31K_rep2	False	True	59	3	9	True
Csf1	CSF1	ENSG00000184371.9	ENST00000329608.6	110453254	+	SpCas9_NGG	SpCas9_CRISPRa	100K_rep3	False	True	59	0	1	False
Csf1	CSF1	ENSG00000184371.9	ENST00000329608.6	110453254	+	SpCas9_NGG	SpCas9_CRISPRa	100K2_rep4	False	True	59	0	3	False
Csf1	CSF1	ENSG00000184371.9	ENST00000329608.6	110453254	+	CjCas9_NNNVRYM	MiniCAFE	10K_rep1	False	True	36	2	6	True
Csf1	CSF1	ENSG00000184371.9	ENST00000329608.6	110453254	+	CjCas9_NNNVRYM	MiniCAFE	31K_rep2	False	True	36	1	3	True
Csf1	CSF1	ENSG00000184371.9	ENST00000329608.6	110453254	+	CjCas9_NNNVRYM	MiniCAFE	100K_rep3	False	True	36	0	0	False
Csf1	CSF1	ENSG00000184371.9	ENST00000329608.6	110453254	+	CjCas9_NNNVRYM	MiniCAFE	100K2_rep4	False	True	36	0	2	False
Csf1	CSF1	ENSG00000184371.9	ENST00000329608.6	110453254	+	Nme2Cas9_NNNNCC	proposed_dNme2Cas9_activator	10K_rep1	False	True	41	1	3	True
Csf1	CSF1	ENSG00000184371.9	ENST00000329608.6	110453254	+	Nme2Cas9_NNNNCC	proposed_dNme2Cas9_activator	31K_rep2	False	True	41	0	1	False
Csf1	CSF1	ENSG00000184371.9	ENST00000329608.6	110453254	+	Nme2Cas9_NNNNCC	proposed_dNme2Cas9_activator	100K_rep3	False	True	41	0	0	False
Csf1	CSF1	ENSG00000184371.9	ENST00000329608.6	110453254	+	Nme2Cas9_NNNNCC	proposed_dNme2Cas9_activator	100K2_rep4	False	True	41	0	1	False
Csf1r	CSF1R	ENSG00000182578.9	ENST00000286301.3	149492934	-	Un1Cas12f1_TTTR	HEAL;SminiCRa	10K_rep1	False	True	3	2	2	True
Csf1r	CSF1R	ENSG00000182578.9	ENST00000286301.3	149492934	-	Un1Cas12f1_TTTR	HEAL;SminiCRa	31K_rep2	False	True	3	2	2	True
Csf1r	CSF1R	ENSG00000182578.9	ENST00000286301.3	149492934	-	Un1Cas12f1_TTTR	HEAL;SminiCRa	100K_rep3	False	True	3	2	2	True
Csf1r	CSF1R	ENSG00000182578.9	ENST00000286301.3	149492934	-	Un1Cas12f1_TTTR	HEAL;SminiCRa	100K2_rep4	False	True	3	2	2	True
Csf1r	CSF1R	ENSG00000182578.9	ENST00000286301.3	149492934	-	SaCas9_NNGRRT	SaCas9_CRISPRa	10K_rep1	False	True	3	0	0	False
Csf1r	CSF1R	ENSG00000182578.9	ENST00000286301.3	149492934	-	SaCas9_NNGRRT	SaCas9_CRISPRa	31K_rep2	False	True	3	0	0	False
Csf1r	CSF1R	ENSG00000182578.9	ENST00000286301.3	149492934	-	SaCas9_NNGRRT	SaCas9_CRISPRa	100K_rep3	False	True	3	0	0	False
Csf1r	CSF1R	ENSG00000182578.9	ENST00000286301.3	149492934	-	SaCas9_NNGRRT	SaCas9_CRISPRa	100K2_rep4	False	True	3	0	0	False
Csf1r	CSF1R	ENSG00000182578.9	ENST00000286301.3	149492934	-	SpCas9_NGG	SpCas9_CRISPRa	10K_rep1	False	True	55	18	24	True
Csf1r	CSF1R	ENSG00000182578.9	ENST00000286301.3	149492934	-	SpCas9_NGG	SpCas9_CRISPRa	31K_rep2	False	True	55	21	30	True
Csf1r	CSF1R	ENSG00000182578.9	ENST00000286301.3	149492934	-	SpCas9_NGG	SpCas9_CRISPRa	100K_rep3	False	True	55	17	18	True
Csf1r	CSF1R	ENSG00000182578.9	ENST00000286301.3	149492934	-	SpCas9_NGG	SpCas9_CRISPRa	100K2_rep4	False	True	55	18	24	True
Csf1r	CSF1R	ENSG00000182578.9	ENST00000286301.3	149492934	-	CjCas9_NNNVRYM	MiniCAFE	10K_rep1	False	True	38	18	18	True
Csf1r	CSF1R	ENSG00000182578.9	ENST00000286301.3	149492934	-	CjCas9_NNNVRYM	MiniCAFE	31K_rep2	False	True	38	18	21	True
Csf1r	CSF1R	ENSG00000182578.9	ENST00000286301.3	149492934	-	CjCas9_NNNVRYM	MiniCAFE	100K_rep3	False	True	38	13	18	True
Csf1r	CSF1R	ENSG00000182578.9	ENST00000286301.3	149492934	-	CjCas9_NNNVRYM	MiniCAFE	100K2_rep4	False	True	38	18	18	True
Csf1r	CSF1R	ENSG00000182578.9	ENST00000286301.3	149492934	-	Nme2Cas9_NNNNCC	proposed_dNme2Cas9_activator	10K_rep1	False	True	43	17	18	True
Csf1r	CSF1R	ENSG00000182578.9	ENST00000286301.3	149492934	-	Nme2Cas9_NNNNCC	proposed_dNme2Cas9_activator	31K_rep2	False	True	43	18	20	True
Csf1r	CSF1R	ENSG00000182578.9	ENST00000286301.3	149492934	-	Nme2Cas9_NNNNCC	proposed_dNme2Cas9_activator	100K_rep3	False	True	43	12	18	True
Csf1r	CSF1R	ENSG00000182578.9	ENST00000286301.3	149492934	-	Nme2Cas9_NNNNCC	proposed_dNme2Cas9_activator	100K2_rep4	False	True	43	17	18	True
Ctsb	CTSB	ENSG00000164733.16	ENST00000353047.6	11725737	-	Un1Cas12f1_TTTR	HEAL;SminiCRa	10K_rep1	False	True	0	0	0	False
Ctsb	CTSB	ENSG00000164733.16	ENST00000353047.6	11725737	-	Un1Cas12f1_TTTR	HEAL;SminiCRa	31K_rep2	False	True	0	0	0	False
Ctsb	CTSB	ENSG00000164733.16	ENST00000353047.6	11725737	-	Un1Cas12f1_TTTR	HEAL;SminiCRa	100K_rep3	False	False	0	0	0	False
Ctsb	CTSB	ENSG00000164733.16	ENST00000353047.6	11725737	-	Un1Cas12f1_TTTR	HEAL;SminiCRa	100K2_rep4	True	True	0	0	0	False
Ctsb	CTSB	ENSG00000164733.16	ENST00000353047.6	11725737	-	SaCas9_NNGRRT	SaCas9_CRISPRa	10K_rep1	False	True	5	0	0	False
Ctsb	CTSB	ENSG00000164733.16	ENST00000353047.6	11725737	-	SaCas9_NNGRRT	SaCas9_CRISPRa	31K_rep2	False	True	5	0	0	False
Ctsb	CTSB	ENSG00000164733.16	ENST00000353047.6	11725737	-	SaCas9_NNGRRT	SaCas9_CRISPRa	100K_rep3	False	False	5	0	0	False
Ctsb	CTSB	ENSG00000164733.16	ENST00000353047.6	11725737	-	SaCas9_NNGRRT	SaCas9_CRISPRa	100K2_rep4	True	True	5	1	2	True
Ctsb	CTSB	ENSG00000164733.16	ENST00000353047.6	11725737	-	SpCas9_NGG	SpCas9_CRISPRa	10K_rep1	False	True	38	0	1	False
Ctsb	CTSB	ENSG00000164733.16	ENST00000353047.6	11725737	-	SpCas9_NGG	SpCas9_CRISPRa	31K_rep2	False	True	38	0	0	False
Ctsb	CTSB	ENSG00000164733.16	ENST00000353047.6	11725737	-	SpCas9_NGG	SpCas9_CRISPRa	100K_rep3	False	False	38	0	0	False
Ctsb	CTSB	ENSG00000164733.16	ENST00000353047.6	11725737	-	SpCas9_NGG	SpCas9_CRISPRa	100K2_rep4	True	True	38	27	27	True
Ctsb	CTSB	ENSG00000164733.16	ENST00000353047.6	11725737	-	CjCas9_NNNVRYM	MiniCAFE	10K_rep1	False	True	21	0	0	False
Ctsb	CTSB	ENSG00000164733.16	ENST00000353047.6	11725737	-	CjCas9_NNNVRYM	MiniCAFE	31K_rep2	False	True	21	0	0	False
Ctsb	CTSB	ENSG00000164733.16	ENST00000353047.6	11725737	-	CjCas9_NNNVRYM	MiniCAFE	100K_rep3	False	False	21	0	0	False
Ctsb	CTSB	ENSG00000164733.16	ENST00000353047.6	11725737	-	CjCas9_NNNVRYM	MiniCAFE	100K2_rep4	True	True	21	10	10	True
Ctsb	CTSB	ENSG00000164733.16	ENST00000353047.6	11725737	-	Nme2Cas9_NNNNCC	proposed_dNme2Cas9_activator	10K_rep1	False	True	39	0	0	False
Ctsb	CTSB	ENSG00000164733.16	ENST00000353047.6	11725737	-	Nme2Cas9_NNNNCC	proposed_dNme2Cas9_activator	31K_rep2	False	True	39	0	0	False
Ctsb	CTSB	ENSG00000164733.16	ENST00000353047.6	11725737	-	Nme2Cas9_NNNNCC	proposed_dNme2Cas9_activator	100K_rep3	False	False	39	0	0	False
Ctsb	CTSB	ENSG00000164733.16	ENST00000353047.6	11725737	-	Nme2Cas9_NNNNCC	proposed_dNme2Cas9_activator	100K2_rep4	True	True	39	22	22	True
Ctsd	CTSD	ENSG00000117984.8	ENST00000236671.2	1785221	-	Un1Cas12f1_TTTR	HEAL;SminiCRa	10K_rep1	False	True	3	0	0	False
Ctsd	CTSD	ENSG00000117984.8	ENST00000236671.2	1785221	-	Un1Cas12f1_TTTR	HEAL;SminiCRa	31K_rep2	False	True	3	0	0	False
Ctsd	CTSD	ENSG00000117984.8	ENST00000236671.2	1785221	-	Un1Cas12f1_TTTR	HEAL;SminiCRa	100K_rep3	False	False	3	0	0	False
Ctsd	CTSD	ENSG00000117984.8	ENST00000236671.2	1785221	-	Un1Cas12f1_TTTR	HEAL;SminiCRa	100K2_rep4	True	True	3	0	0	False
Ctsd	CTSD	ENSG00000117984.8	ENST00000236671.2	1785221	-	SaCas9_NNGRRT	SaCas9_CRISPRa	10K_rep1	False	True	3	0	0	False
Ctsd	CTSD	ENSG00000117984.8	ENST00000236671.2	1785221	-	SaCas9_NNGRRT	SaCas9_CRISPRa	31K_rep2	False	True	3	0	0	False
Ctsd	CTSD	ENSG00000117984.8	ENST00000236671.2	1785221	-	SaCas9_NNGRRT	SaCas9_CRISPRa	100K_rep3	False	False	3	0	0	False
Ctsd	CTSD	ENSG00000117984.8	ENST00000236671.2	1785221	-	SaCas9_NNGRRT	SaCas9_CRISPRa	100K2_rep4	True	True	3	1	1	True
Ctsd	CTSD	ENSG00000117984.8	ENST00000236671.2	1785221	-	SpCas9_NGG	SpCas9_CRISPRa	10K_rep1	False	True	25	1	1	True
Ctsd	CTSD	ENSG00000117984.8	ENST00000236671.2	1785221	-	SpCas9_NGG	SpCas9_CRISPRa	31K_rep2	False	True	25	1	4	True
Ctsd	CTSD	ENSG00000117984.8	ENST00000236671.2	1785221	-	SpCas9_NGG	SpCas9_CRISPRa	100K_rep3	False	False	25	0	0	False
Ctsd	CTSD	ENSG00000117984.8	ENST00000236671.2	1785221	-	SpCas9_NGG	SpCas9_CRISPRa	100K2_rep4	True	True	25	15	15	True
Ctsd	CTSD	ENSG00000117984.8	ENST00000236671.2	1785221	-	CjCas9_NNNVRYM	MiniCAFE	10K_rep1	False	True	13	0	0	False
Ctsd	CTSD	ENSG00000117984.8	ENST00000236671.2	1785221	-	CjCas9_NNNVRYM	MiniCAFE	31K_rep2	False	True	13	0	0	False
Ctsd	CTSD	ENSG00000117984.8	ENST00000236671.2	1785221	-	CjCas9_NNNVRYM	MiniCAFE	100K_rep3	False	False	13	0	0	False
Ctsd	CTSD	ENSG00000117984.8	ENST00000236671.2	1785221	-	CjCas9_NNNVRYM	MiniCAFE	100K2_rep4	True	True	13	5	5	True
Ctsd	CTSD	ENSG00000117984.8	ENST00000236671.2	1785221	-	Nme2Cas9_NNNNCC	proposed_dNme2Cas9_activator	10K_rep1	False	True	15	0	0	False
Ctsd	CTSD	ENSG00000117984.8	ENST00000236671.2	1785221	-	Nme2Cas9_NNNNCC	proposed_dNme2Cas9_activator	31K_rep2	False	True	15	0	0	False
Ctsd	CTSD	ENSG00000117984.8	ENST00000236671.2	1785221	-	Nme2Cas9_NNNNCC	proposed_dNme2Cas9_activator	100K_rep3	False	False	15	0	0	False
Ctsd	CTSD	ENSG00000117984.8	ENST00000236671.2	1785221	-	Nme2Cas9_NNNNCC	proposed_dNme2Cas9_activator	100K2_rep4	True	True	15	6	6	True
Cx3cr1	CX3CR1	ENSG00000168329.9	ENST00000541347.1	39322763	-	Un1Cas12f1_TTTR	HEAL;SminiCRa	10K_rep1	False	True	0	0	0	False
Cx3cr1	CX3CR1	ENSG00000168329.9	ENST00000541347.1	39322763	-	Un1Cas12f1_TTTR	HEAL;SminiCRa	31K_rep2	False	False	0	0	0	False
Cx3cr1	CX3CR1	ENSG00000168329.9	ENST00000541347.1	39322763	-	Un1Cas12f1_TTTR	HEAL;SminiCRa	100K_rep3	False	False	0	0	0	False
Cx3cr1	CX3CR1	ENSG00000168329.9	ENST00000541347.1	39322763	-	Un1Cas12f1_TTTR	HEAL;SminiCRa	100K2_rep4	False	True	0	0	0	False
Cx3cr1	CX3CR1	ENSG00000168329.9	ENST00000541347.1	39322763	-	SaCas9_NNGRRT	SaCas9_CRISPRa	10K_rep1	False	True	14	0	2	False
Cx3cr1	CX3CR1	ENSG00000168329.9	ENST00000541347.1	39322763	-	SaCas9_NNGRRT	SaCas9_CRISPRa	31K_rep2	False	False	14	0	0	False
Cx3cr1	CX3CR1	ENSG00000168329.9	ENST00000541347.1	39322763	-	SaCas9_NNGRRT	SaCas9_CRISPRa	100K_rep3	False	False	14	0	0	False
Cx3cr1	CX3CR1	ENSG00000168329.9	ENST00000541347.1	39322763	-	SaCas9_NNGRRT	SaCas9_CRISPRa	100K2_rep4	False	True	14	0	0	False
Cx3cr1	CX3CR1	ENSG00000168329.9	ENST00000541347.1	39322763	-	SpCas9_NGG	SpCas9_CRISPRa	10K_rep1	False	True	67	1	6	True
Cx3cr1	CX3CR1	ENSG00000168329.9	ENST00000541347.1	39322763	-	SpCas9_NGG	SpCas9_CRISPRa	31K_rep2	False	False	67	0	0	False
Cx3cr1	CX3CR1	ENSG00000168329.9	ENST00000541347.1	39322763	-	SpCas9_NGG	SpCas9_CRISPRa	100K_rep3	False	False	67	0	0	False
Cx3cr1	CX3CR1	ENSG00000168329.9	ENST00000541347.1	39322763	-	SpCas9_NGG	SpCas9_CRISPRa	100K2_rep4	False	True	67	0	1	False
Cx3cr1	CX3CR1	ENSG00000168329.9	ENST00000541347.1	39322763	-	CjCas9_NNNVRYM	MiniCAFE	10K_rep1	False	True	46	0	3	False
Cx3cr1	CX3CR1	ENSG00000168329.9	ENST00000541347.1	39322763	-	CjCas9_NNNVRYM	MiniCAFE	31K_rep2	False	False	46	0	0	False
Cx3cr1	CX3CR1	ENSG00000168329.9	ENST00000541347.1	39322763	-	CjCas9_NNNVRYM	MiniCAFE	100K_rep3	False	False	46	0	0	False
Cx3cr1	CX3CR1	ENSG00000168329.9	ENST00000541347.1	39322763	-	CjCas9_NNNVRYM	MiniCAFE	100K2_rep4	False	True	46	0	0	False
Cx3cr1	CX3CR1	ENSG00000168329.9	ENST00000541347.1	39322763	-	Nme2Cas9_NNNNCC	proposed_dNme2Cas9_activator	10K_rep1	False	True	57	1	4	True
Cx3cr1	CX3CR1	ENSG00000168329.9	ENST00000541347.1	39322763	-	Nme2Cas9_NNNNCC	proposed_dNme2Cas9_activator	31K_rep2	False	False	57	0	0	False
Cx3cr1	CX3CR1	ENSG00000168329.9	ENST00000541347.1	39322763	-	Nme2Cas9_NNNNCC	proposed_dNme2Cas9_activator	100K_rep3	False	False	57	0	0	False
Cx3cr1	CX3CR1	ENSG00000168329.9	ENST00000541347.1	39322763	-	Nme2Cas9_NNNNCC	proposed_dNme2Cas9_activator	100K2_rep4	False	True	57	0	0	False
Dnmt3a	DNMT3A	ENSG00000119772.12	ENST00000402667.1	25475179	-	Un1Cas12f1_TTTR	HEAL;SminiCRa	10K_rep1	False	True	1	1	1	True
Dnmt3a	DNMT3A	ENSG00000119772.12	ENST00000402667.1	25475179	-	Un1Cas12f1_TTTR	HEAL;SminiCRa	31K_rep2	False	False	1	0	0	False
Dnmt3a	DNMT3A	ENSG00000119772.12	ENST00000402667.1	25475179	-	Un1Cas12f1_TTTR	HEAL;SminiCRa	100K_rep3	False	True	1	0	1	False
Dnmt3a	DNMT3A	ENSG00000119772.12	ENST00000402667.1	25475179	-	Un1Cas12f1_TTTR	HEAL;SminiCRa	100K2_rep4	True	True	1	0	1	False
Dnmt3a	DNMT3A	ENSG00000119772.12	ENST00000402667.1	25475179	-	SaCas9_NNGRRT	SaCas9_CRISPRa	10K_rep1	False	True	0	0	0	False
Dnmt3a	DNMT3A	ENSG00000119772.12	ENST00000402667.1	25475179	-	SaCas9_NNGRRT	SaCas9_CRISPRa	31K_rep2	False	False	0	0	0	False
Dnmt3a	DNMT3A	ENSG00000119772.12	ENST00000402667.1	25475179	-	SaCas9_NNGRRT	SaCas9_CRISPRa	100K_rep3	False	True	0	0	0	False
Dnmt3a	DNMT3A	ENSG00000119772.12	ENST00000402667.1	25475179	-	SaCas9_NNGRRT	SaCas9_CRISPRa	100K2_rep4	True	True	0	0	0	False
Dnmt3a	DNMT3A	ENSG00000119772.12	ENST00000402667.1	25475179	-	SpCas9_NGG	SpCas9_CRISPRa	10K_rep1	False	True	29	5	12	True
Dnmt3a	DNMT3A	ENSG00000119772.12	ENST00000402667.1	25475179	-	SpCas9_NGG	SpCas9_CRISPRa	31K_rep2	False	False	29	0	0	False
Dnmt3a	DNMT3A	ENSG00000119772.12	ENST00000402667.1	25475179	-	SpCas9_NGG	SpCas9_CRISPRa	100K_rep3	False	True	29	12	12	True
Dnmt3a	DNMT3A	ENSG00000119772.12	ENST00000402667.1	25475179	-	SpCas9_NGG	SpCas9_CRISPRa	100K2_rep4	True	True	29	13	26	True
Dnmt3a	DNMT3A	ENSG00000119772.12	ENST00000402667.1	25475179	-	CjCas9_NNNVRYM	MiniCAFE	10K_rep1	False	True	4	1	1	True
Dnmt3a	DNMT3A	ENSG00000119772.12	ENST00000402667.1	25475179	-	CjCas9_NNNVRYM	MiniCAFE	31K_rep2	False	False	4	0	0	False
Dnmt3a	DNMT3A	ENSG00000119772.12	ENST00000402667.1	25475179	-	CjCas9_NNNVRYM	MiniCAFE	100K_rep3	False	True	4	0	1	False
Dnmt3a	DNMT3A	ENSG00000119772.12	ENST00000402667.1	25475179	-	CjCas9_NNNVRYM	MiniCAFE	100K2_rep4	True	True	4	0	3	False
Dnmt3a	DNMT3A	ENSG00000119772.12	ENST00000402667.1	25475179	-	Nme2Cas9_NNNNCC	proposed_dNme2Cas9_activator	10K_rep1	False	True	9	3	3	True
Dnmt3a	DNMT3A	ENSG00000119772.12	ENST00000402667.1	25475179	-	Nme2Cas9_NNNNCC	proposed_dNme2Cas9_activator	31K_rep2	False	False	9	0	0	False
Dnmt3a	DNMT3A	ENSG00000119772.12	ENST00000402667.1	25475179	-	Nme2Cas9_NNNNCC	proposed_dNme2Cas9_activator	100K_rep3	False	True	9	0	3	False
Dnmt3a	DNMT3A	ENSG00000119772.12	ENST00000402667.1	25475179	-	Nme2Cas9_NNNNCC	proposed_dNme2Cas9_activator	100K2_rep4	True	True	9	0	5	False
Gdnf	GDNF	ENSG00000168621.10	ENST00000326524.2	37839781	-	Un1Cas12f1_TTTR	HEAL;SminiCRa	10K_rep1	True	True	1	1	1	True
Gdnf	GDNF	ENSG00000168621.10	ENST00000326524.2	37839781	-	Un1Cas12f1_TTTR	HEAL;SminiCRa	31K_rep2	True	True	1	1	1	True
Gdnf	GDNF	ENSG00000168621.10	ENST00000326524.2	37839781	-	Un1Cas12f1_TTTR	HEAL;SminiCRa	100K_rep3	True	True	1	1	1	True
Gdnf	GDNF	ENSG00000168621.10	ENST00000326524.2	37839781	-	Un1Cas12f1_TTTR	HEAL;SminiCRa	100K2_rep4	True	True	1	1	1	True
Gdnf	GDNF	ENSG00000168621.10	ENST00000326524.2	37839781	-	SaCas9_NNGRRT	SaCas9_CRISPRa	10K_rep1	True	True	3	0	0	False
Gdnf	GDNF	ENSG00000168621.10	ENST00000326524.2	37839781	-	SaCas9_NNGRRT	SaCas9_CRISPRa	31K_rep2	True	True	3	0	1	False
Gdnf	GDNF	ENSG00000168621.10	ENST00000326524.2	37839781	-	SaCas9_NNGRRT	SaCas9_CRISPRa	100K_rep3	True	True	3	1	1	True
Gdnf	GDNF	ENSG00000168621.10	ENST00000326524.2	37839781	-	SaCas9_NNGRRT	SaCas9_CRISPRa	100K2_rep4	True	True	3	1	1	True
Gdnf	GDNF	ENSG00000168621.10	ENST00000326524.2	37839781	-	SpCas9_NGG	SpCas9_CRISPRa	10K_rep1	True	True	32	3	6	True
Gdnf	GDNF	ENSG00000168621.10	ENST00000326524.2	37839781	-	SpCas9_NGG	SpCas9_CRISPRa	31K_rep2	True	True	32	6	12	True
Gdnf	GDNF	ENSG00000168621.10	ENST00000326524.2	37839781	-	SpCas9_NGG	SpCas9_CRISPRa	100K_rep3	True	True	32	9	12	True
Gdnf	GDNF	ENSG00000168621.10	ENST00000326524.2	37839781	-	SpCas9_NGG	SpCas9_CRISPRa	100K2_rep4	True	True	32	17	22	True
Gdnf	GDNF	ENSG00000168621.10	ENST00000326524.2	37839781	-	CjCas9_NNNVRYM	MiniCAFE	10K_rep1	True	True	25	3	11	True
Gdnf	GDNF	ENSG00000168621.10	ENST00000326524.2	37839781	-	CjCas9_NNNVRYM	MiniCAFE	31K_rep2	True	True	25	11	19	True
Gdnf	GDNF	ENSG00000168621.10	ENST00000326524.2	37839781	-	CjCas9_NNNVRYM	MiniCAFE	100K_rep3	True	True	25	17	20	True
Gdnf	GDNF	ENSG00000168621.10	ENST00000326524.2	37839781	-	CjCas9_NNNVRYM	MiniCAFE	100K2_rep4	True	True	25	21	24	True
Gdnf	GDNF	ENSG00000168621.10	ENST00000326524.2	37839781	-	Nme2Cas9_NNNNCC	proposed_dNme2Cas9_activator	10K_rep1	True	True	24	5	9	True
Gdnf	GDNF	ENSG00000168621.10	ENST00000326524.2	37839781	-	Nme2Cas9_NNNNCC	proposed_dNme2Cas9_activator	31K_rep2	True	True	24	9	13	True
Gdnf	GDNF	ENSG00000168621.10	ENST00000326524.2	37839781	-	Nme2Cas9_NNNNCC	proposed_dNme2Cas9_activator	100K_rep3	True	True	24	13	14	True
Gdnf	GDNF	ENSG00000168621.10	ENST00000326524.2	37839781	-	Nme2Cas9_NNNNCC	proposed_dNme2Cas9_activator	100K2_rep4	True	True	24	18	23	True
Grn	GRN	ENSG00000030582.12	ENST00000053867.3	42422647	+	Un1Cas12f1_TTTR	HEAL;SminiCRa	10K_rep1	True	True	3	1	2	True
Grn	GRN	ENSG00000030582.12	ENST00000053867.3	42422647	+	Un1Cas12f1_TTTR	HEAL;SminiCRa	31K_rep2	True	True	3	2	2	True
Grn	GRN	ENSG00000030582.12	ENST00000053867.3	42422647	+	Un1Cas12f1_TTTR	HEAL;SminiCRa	100K_rep3	True	True	3	1	2	True
Grn	GRN	ENSG00000030582.12	ENST00000053867.3	42422647	+	Un1Cas12f1_TTTR	HEAL;SminiCRa	100K2_rep4	True	True	3	1	1	True
Grn	GRN	ENSG00000030582.12	ENST00000053867.3	42422647	+	SaCas9_NNGRRT	SaCas9_CRISPRa	10K_rep1	True	True	9	6	6	True
Grn	GRN	ENSG00000030582.12	ENST00000053867.3	42422647	+	SaCas9_NNGRRT	SaCas9_CRISPRa	31K_rep2	True	True	9	6	9	True
Grn	GRN	ENSG00000030582.12	ENST00000053867.3	42422647	+	SaCas9_NNGRRT	SaCas9_CRISPRa	100K_rep3	True	True	9	6	6	True
Grn	GRN	ENSG00000030582.12	ENST00000053867.3	42422647	+	SaCas9_NNGRRT	SaCas9_CRISPRa	100K2_rep4	True	True	9	6	6	True
Grn	GRN	ENSG00000030582.12	ENST00000053867.3	42422647	+	SpCas9_NGG	SpCas9_CRISPRa	10K_rep1	True	True	44	35	38	True
Grn	GRN	ENSG00000030582.12	ENST00000053867.3	42422647	+	SpCas9_NGG	SpCas9_CRISPRa	31K_rep2	True	True	44	40	42	True
Grn	GRN	ENSG00000030582.12	ENST00000053867.3	42422647	+	SpCas9_NGG	SpCas9_CRISPRa	100K_rep3	True	True	44	35	38	True
Grn	GRN	ENSG00000030582.12	ENST00000053867.3	42422647	+	SpCas9_NGG	SpCas9_CRISPRa	100K2_rep4	True	True	44	29	35	True
Grn	GRN	ENSG00000030582.12	ENST00000053867.3	42422647	+	CjCas9_NNNVRYM	MiniCAFE	10K_rep1	True	True	49	37	41	True
Grn	GRN	ENSG00000030582.12	ENST00000053867.3	42422647	+	CjCas9_NNNVRYM	MiniCAFE	31K_rep2	True	True	49	41	44	True
Grn	GRN	ENSG00000030582.12	ENST00000053867.3	42422647	+	CjCas9_NNNVRYM	MiniCAFE	100K_rep3	True	True	49	37	41	True
Grn	GRN	ENSG00000030582.12	ENST00000053867.3	42422647	+	CjCas9_NNNVRYM	MiniCAFE	100K2_rep4	True	True	49	36	37	True
Grn	GRN	ENSG00000030582.12	ENST00000053867.3	42422647	+	Nme2Cas9_NNNNCC	proposed_dNme2Cas9_activator	10K_rep1	True	True	38	27	31	True
Grn	GRN	ENSG00000030582.12	ENST00000053867.3	42422647	+	Nme2Cas9_NNNNCC	proposed_dNme2Cas9_activator	31K_rep2	True	True	38	31	35	True
Grn	GRN	ENSG00000030582.12	ENST00000053867.3	42422647	+	Nme2Cas9_NNNNCC	proposed_dNme2Cas9_activator	100K_rep3	True	True	38	27	31	True
Grn	GRN	ENSG00000030582.12	ENST00000053867.3	42422647	+	Nme2Cas9_NNNNCC	proposed_dNme2Cas9_activator	100K2_rep4	True	True	38	26	27	True
Hdac1	HDAC1	ENSG00000116478.7	ENST00000373548.3	32757686	+	Un1Cas12f1_TTTR	HEAL;SminiCRa	10K_rep1	True	True	3	0	0	False
Hdac1	HDAC1	ENSG00000116478.7	ENST00000373548.3	32757686	+	Un1Cas12f1_TTTR	HEAL;SminiCRa	31K_rep2	True	True	3	0	0	False
Hdac1	HDAC1	ENSG00000116478.7	ENST00000373548.3	32757686	+	Un1Cas12f1_TTTR	HEAL;SminiCRa	100K_rep3	True	True	3	0	0	False
Hdac1	HDAC1	ENSG00000116478.7	ENST00000373548.3	32757686	+	Un1Cas12f1_TTTR	HEAL;SminiCRa	100K2_rep4	True	True	3	0	1	False
Hdac1	HDAC1	ENSG00000116478.7	ENST00000373548.3	32757686	+	SaCas9_NNGRRT	SaCas9_CRISPRa	10K_rep1	True	True	5	1	2	True
Hdac1	HDAC1	ENSG00000116478.7	ENST00000373548.3	32757686	+	SaCas9_NNGRRT	SaCas9_CRISPRa	31K_rep2	True	True	5	1	1	True
Hdac1	HDAC1	ENSG00000116478.7	ENST00000373548.3	32757686	+	SaCas9_NNGRRT	SaCas9_CRISPRa	100K_rep3	True	True	5	1	1	True
Hdac1	HDAC1	ENSG00000116478.7	ENST00000373548.3	32757686	+	SaCas9_NNGRRT	SaCas9_CRISPRa	100K2_rep4	True	True	5	1	2	True
Hdac1	HDAC1	ENSG00000116478.7	ENST00000373548.3	32757686	+	SpCas9_NGG	SpCas9_CRISPRa	10K_rep1	True	True	48	32	34	True
Hdac1	HDAC1	ENSG00000116478.7	ENST00000373548.3	32757686	+	SpCas9_NGG	SpCas9_CRISPRa	31K_rep2	True	True	48	28	33	True
Hdac1	HDAC1	ENSG00000116478.7	ENST00000373548.3	32757686	+	SpCas9_NGG	SpCas9_CRISPRa	100K_rep3	True	True	48	31	33	True
Hdac1	HDAC1	ENSG00000116478.7	ENST00000373548.3	32757686	+	SpCas9_NGG	SpCas9_CRISPRa	100K2_rep4	True	True	48	33	35	True
Hdac1	HDAC1	ENSG00000116478.7	ENST00000373548.3	32757686	+	CjCas9_NNNVRYM	MiniCAFE	10K_rep1	True	True	31	14	18	True
Hdac1	HDAC1	ENSG00000116478.7	ENST00000373548.3	32757686	+	CjCas9_NNNVRYM	MiniCAFE	31K_rep2	True	True	31	13	15	True
Hdac1	HDAC1	ENSG00000116478.7	ENST00000373548.3	32757686	+	CjCas9_NNNVRYM	MiniCAFE	100K_rep3	True	True	31	13	17	True
Hdac1	HDAC1	ENSG00000116478.7	ENST00000373548.3	32757686	+	CjCas9_NNNVRYM	MiniCAFE	100K2_rep4	True	True	31	15	21	True
Hdac1	HDAC1	ENSG00000116478.7	ENST00000373548.3	32757686	+	Nme2Cas9_NNNNCC	proposed_dNme2Cas9_activator	10K_rep1	True	True	33	18	21	True
Hdac1	HDAC1	ENSG00000116478.7	ENST00000373548.3	32757686	+	Nme2Cas9_NNNNCC	proposed_dNme2Cas9_activator	31K_rep2	True	True	33	18	19	True
Hdac1	HDAC1	ENSG00000116478.7	ENST00000373548.3	32757686	+	Nme2Cas9_NNNNCC	proposed_dNme2Cas9_activator	100K_rep3	True	True	33	18	20	True
Hdac1	HDAC1	ENSG00000116478.7	ENST00000373548.3	32757686	+	Nme2Cas9_NNNNCC	proposed_dNme2Cas9_activator	100K2_rep4	True	True	33	19	23	True
Hdac2	HDAC2	ENSG00000196591.7	ENST00000519065.1	114292448	-	Un1Cas12f1_TTTR	HEAL;SminiCRa	10K_rep1	True	True	0	0	0	False
Hdac2	HDAC2	ENSG00000196591.7	ENST00000519065.1	114292448	-	Un1Cas12f1_TTTR	HEAL;SminiCRa	31K_rep2	True	True	0	0	0	False
Hdac2	HDAC2	ENSG00000196591.7	ENST00000519065.1	114292448	-	Un1Cas12f1_TTTR	HEAL;SminiCRa	100K_rep3	True	True	0	0	0	False
Hdac2	HDAC2	ENSG00000196591.7	ENST00000519065.1	114292448	-	Un1Cas12f1_TTTR	HEAL;SminiCRa	100K2_rep4	True	True	0	0	0	False
Hdac2	HDAC2	ENSG00000196591.7	ENST00000519065.1	114292448	-	SaCas9_NNGRRT	SaCas9_CRISPRa	10K_rep1	True	True	1	1	1	True
Hdac2	HDAC2	ENSG00000196591.7	ENST00000519065.1	114292448	-	SaCas9_NNGRRT	SaCas9_CRISPRa	31K_rep2	True	True	1	1	1	True
Hdac2	HDAC2	ENSG00000196591.7	ENST00000519065.1	114292448	-	SaCas9_NNGRRT	SaCas9_CRISPRa	100K_rep3	True	True	1	1	1	True
Hdac2	HDAC2	ENSG00000196591.7	ENST00000519065.1	114292448	-	SaCas9_NNGRRT	SaCas9_CRISPRa	100K2_rep4	True	True	1	1	1	True
Hdac2	HDAC2	ENSG00000196591.7	ENST00000519065.1	114292448	-	SpCas9_NGG	SpCas9_CRISPRa	10K_rep1	True	True	24	16	17	True
Hdac2	HDAC2	ENSG00000196591.7	ENST00000519065.1	114292448	-	SpCas9_NGG	SpCas9_CRISPRa	31K_rep2	True	True	24	17	17	True
Hdac2	HDAC2	ENSG00000196591.7	ENST00000519065.1	114292448	-	SpCas9_NGG	SpCas9_CRISPRa	100K_rep3	True	True	24	17	17	True
Hdac2	HDAC2	ENSG00000196591.7	ENST00000519065.1	114292448	-	SpCas9_NGG	SpCas9_CRISPRa	100K2_rep4	True	True	24	17	17	True
Hdac2	HDAC2	ENSG00000196591.7	ENST00000519065.1	114292448	-	CjCas9_NNNVRYM	MiniCAFE	10K_rep1	True	True	11	8	8	True
Hdac2	HDAC2	ENSG00000196591.7	ENST00000519065.1	114292448	-	CjCas9_NNNVRYM	MiniCAFE	31K_rep2	True	True	11	8	8	True
Hdac2	HDAC2	ENSG00000196591.7	ENST00000519065.1	114292448	-	CjCas9_NNNVRYM	MiniCAFE	100K_rep3	True	True	11	8	8	True
Hdac2	HDAC2	ENSG00000196591.7	ENST00000519065.1	114292448	-	CjCas9_NNNVRYM	MiniCAFE	100K2_rep4	True	True	11	8	8	True
Hdac2	HDAC2	ENSG00000196591.7	ENST00000519065.1	114292448	-	Nme2Cas9_NNNNCC	proposed_dNme2Cas9_activator	10K_rep1	True	True	6	4	4	True
Hdac2	HDAC2	ENSG00000196591.7	ENST00000519065.1	114292448	-	Nme2Cas9_NNNNCC	proposed_dNme2Cas9_activator	31K_rep2	True	True	6	4	4	True
Hdac2	HDAC2	ENSG00000196591.7	ENST00000519065.1	114292448	-	Nme2Cas9_NNNNCC	proposed_dNme2Cas9_activator	100K_rep3	True	True	6	4	4	True
Hdac2	HDAC2	ENSG00000196591.7	ENST00000519065.1	114292448	-	Nme2Cas9_NNNNCC	proposed_dNme2Cas9_activator	100K2_rep4	True	True	6	4	4	True
Hexb	HEXB	ENSG00000049860.9	ENST00000261416.7	73980968	+	Un1Cas12f1_TTTR	HEAL;SminiCRa	10K_rep1	False	True	4	2	2	True
Hexb	HEXB	ENSG00000049860.9	ENST00000261416.7	73980968	+	Un1Cas12f1_TTTR	HEAL;SminiCRa	31K_rep2	False	True	4	1	2	True
Hexb	HEXB	ENSG00000049860.9	ENST00000261416.7	73980968	+	Un1Cas12f1_TTTR	HEAL;SminiCRa	100K_rep3	False	True	4	2	2	True
Hexb	HEXB	ENSG00000049860.9	ENST00000261416.7	73980968	+	Un1Cas12f1_TTTR	HEAL;SminiCRa	100K2_rep4	False	True	4	2	2	True
Hexb	HEXB	ENSG00000049860.9	ENST00000261416.7	73980968	+	SaCas9_NNGRRT	SaCas9_CRISPRa	10K_rep1	False	True	6	3	3	True
Hexb	HEXB	ENSG00000049860.9	ENST00000261416.7	73980968	+	SaCas9_NNGRRT	SaCas9_CRISPRa	31K_rep2	False	True	6	3	3	True
Hexb	HEXB	ENSG00000049860.9	ENST00000261416.7	73980968	+	SaCas9_NNGRRT	SaCas9_CRISPRa	100K_rep3	False	True	6	3	3	True
Hexb	HEXB	ENSG00000049860.9	ENST00000261416.7	73980968	+	SaCas9_NNGRRT	SaCas9_CRISPRa	100K2_rep4	False	True	6	3	3	True
Hexb	HEXB	ENSG00000049860.9	ENST00000261416.7	73980968	+	SpCas9_NGG	SpCas9_CRISPRa	10K_rep1	False	True	58	19	21	True
Hexb	HEXB	ENSG00000049860.9	ENST00000261416.7	73980968	+	SpCas9_NGG	SpCas9_CRISPRa	31K_rep2	False	True	58	18	19	True
Hexb	HEXB	ENSG00000049860.9	ENST00000261416.7	73980968	+	SpCas9_NGG	SpCas9_CRISPRa	100K_rep3	False	True	58	19	22	True
Hexb	HEXB	ENSG00000049860.9	ENST00000261416.7	73980968	+	SpCas9_NGG	SpCas9_CRISPRa	100K2_rep4	False	True	58	22	32	True
Hexb	HEXB	ENSG00000049860.9	ENST00000261416.7	73980968	+	CjCas9_NNNVRYM	MiniCAFE	10K_rep1	False	True	40	10	11	True
Hexb	HEXB	ENSG00000049860.9	ENST00000261416.7	73980968	+	CjCas9_NNNVRYM	MiniCAFE	31K_rep2	False	True	40	9	10	True
Hexb	HEXB	ENSG00000049860.9	ENST00000261416.7	73980968	+	CjCas9_NNNVRYM	MiniCAFE	100K_rep3	False	True	40	10	15	True
Hexb	HEXB	ENSG00000049860.9	ENST00000261416.7	73980968	+	CjCas9_NNNVRYM	MiniCAFE	100K2_rep4	False	True	40	15	18	True
Hexb	HEXB	ENSG00000049860.9	ENST00000261416.7	73980968	+	Nme2Cas9_NNNNCC	proposed_dNme2Cas9_activator	10K_rep1	False	True	42	12	13	True
Hexb	HEXB	ENSG00000049860.9	ENST00000261416.7	73980968	+	Nme2Cas9_NNNNCC	proposed_dNme2Cas9_activator	31K_rep2	False	True	42	11	13	True
Hexb	HEXB	ENSG00000049860.9	ENST00000261416.7	73980968	+	Nme2Cas9_NNNNCC	proposed_dNme2Cas9_activator	100K_rep3	False	True	42	13	15	True
Hexb	HEXB	ENSG00000049860.9	ENST00000261416.7	73980968	+	Nme2Cas9_NNNNCC	proposed_dNme2Cas9_activator	100K2_rep4	False	True	42	15	18	True
Igf1	IGF1	ENSG00000017427.11	ENST00000337514.6	102874422	-	Un1Cas12f1_TTTR	HEAL;SminiCRa	10K_rep1	False	False	12	0	0	False
Igf1	IGF1	ENSG00000017427.11	ENST00000337514.6	102874422	-	Un1Cas12f1_TTTR	HEAL;SminiCRa	31K_rep2	False	False	12	0	0	False
Igf1	IGF1	ENSG00000017427.11	ENST00000337514.6	102874422	-	Un1Cas12f1_TTTR	HEAL;SminiCRa	100K_rep3	False	False	12	0	0	False
Igf1	IGF1	ENSG00000017427.11	ENST00000337514.6	102874422	-	Un1Cas12f1_TTTR	HEAL;SminiCRa	100K2_rep4	False	False	12	0	0	False
Igf1	IGF1	ENSG00000017427.11	ENST00000337514.6	102874422	-	SaCas9_NNGRRT	SaCas9_CRISPRa	10K_rep1	False	False	5	0	0	False
Igf1	IGF1	ENSG00000017427.11	ENST00000337514.6	102874422	-	SaCas9_NNGRRT	SaCas9_CRISPRa	31K_rep2	False	False	5	0	0	False
Igf1	IGF1	ENSG00000017427.11	ENST00000337514.6	102874422	-	SaCas9_NNGRRT	SaCas9_CRISPRa	100K_rep3	False	False	5	0	0	False
Igf1	IGF1	ENSG00000017427.11	ENST00000337514.6	102874422	-	SaCas9_NNGRRT	SaCas9_CRISPRa	100K2_rep4	False	False	5	0	0	False
Igf1	IGF1	ENSG00000017427.11	ENST00000337514.6	102874422	-	SpCas9_NGG	SpCas9_CRISPRa	10K_rep1	False	False	19	0	0	False
Igf1	IGF1	ENSG00000017427.11	ENST00000337514.6	102874422	-	SpCas9_NGG	SpCas9_CRISPRa	31K_rep2	False	False	19	0	0	False
Igf1	IGF1	ENSG00000017427.11	ENST00000337514.6	102874422	-	SpCas9_NGG	SpCas9_CRISPRa	100K_rep3	False	False	19	0	0	False
Igf1	IGF1	ENSG00000017427.11	ENST00000337514.6	102874422	-	SpCas9_NGG	SpCas9_CRISPRa	100K2_rep4	False	False	19	0	0	False
Igf1	IGF1	ENSG00000017427.11	ENST00000337514.6	102874422	-	CjCas9_NNNVRYM	MiniCAFE	10K_rep1	False	False	35	0	0	False
Igf1	IGF1	ENSG00000017427.11	ENST00000337514.6	102874422	-	CjCas9_NNNVRYM	MiniCAFE	31K_rep2	False	False	35	0	0	False
Igf1	IGF1	ENSG00000017427.11	ENST00000337514.6	102874422	-	CjCas9_NNNVRYM	MiniCAFE	100K_rep3	False	False	35	0	0	False
Igf1	IGF1	ENSG00000017427.11	ENST00000337514.6	102874422	-	CjCas9_NNNVRYM	MiniCAFE	100K2_rep4	False	False	35	0	0	False
Igf1	IGF1	ENSG00000017427.11	ENST00000337514.6	102874422	-	Nme2Cas9_NNNNCC	proposed_dNme2Cas9_activator	10K_rep1	False	False	17	0	0	False
Igf1	IGF1	ENSG00000017427.11	ENST00000337514.6	102874422	-	Nme2Cas9_NNNNCC	proposed_dNme2Cas9_activator	31K_rep2	False	False	17	0	0	False
Igf1	IGF1	ENSG00000017427.11	ENST00000337514.6	102874422	-	Nme2Cas9_NNNNCC	proposed_dNme2Cas9_activator	100K_rep3	False	False	17	0	0	False
Igf1	IGF1	ENSG00000017427.11	ENST00000337514.6	102874422	-	Nme2Cas9_NNNNCC	proposed_dNme2Cas9_activator	100K2_rep4	False	False	17	0	0	False
Il10	IL10	ENSG00000136634.5	ENST00000423557.1	206945838	-	Un1Cas12f1_TTTR	HEAL;SminiCRa	10K_rep1	False	False	3	0	0	False
Il10	IL10	ENSG00000136634.5	ENST00000423557.1	206945838	-	Un1Cas12f1_TTTR	HEAL;SminiCRa	31K_rep2	False	False	3	0	0	False
Il10	IL10	ENSG00000136634.5	ENST00000423557.1	206945838	-	Un1Cas12f1_TTTR	HEAL;SminiCRa	100K_rep3	False	False	3	0	0	False
Il10	IL10	ENSG00000136634.5	ENST00000423557.1	206945838	-	Un1Cas12f1_TTTR	HEAL;SminiCRa	100K2_rep4	False	False	3	0	0	False
Il10	IL10	ENSG00000136634.5	ENST00000423557.1	206945838	-	SaCas9_NNGRRT	SaCas9_CRISPRa	10K_rep1	False	False	8	0	0	False
Il10	IL10	ENSG00000136634.5	ENST00000423557.1	206945838	-	SaCas9_NNGRRT	SaCas9_CRISPRa	31K_rep2	False	False	8	0	0	False
Il10	IL10	ENSG00000136634.5	ENST00000423557.1	206945838	-	SaCas9_NNGRRT	SaCas9_CRISPRa	100K_rep3	False	False	8	0	0	False
Il10	IL10	ENSG00000136634.5	ENST00000423557.1	206945838	-	SaCas9_NNGRRT	SaCas9_CRISPRa	100K2_rep4	False	False	8	0	0	False
Il10	IL10	ENSG00000136634.5	ENST00000423557.1	206945838	-	SpCas9_NGG	SpCas9_CRISPRa	10K_rep1	False	False	20	0	0	False
Il10	IL10	ENSG00000136634.5	ENST00000423557.1	206945838	-	SpCas9_NGG	SpCas9_CRISPRa	31K_rep2	False	False	20	0	0	False
Il10	IL10	ENSG00000136634.5	ENST00000423557.1	206945838	-	SpCas9_NGG	SpCas9_CRISPRa	100K_rep3	False	False	20	0	0	False
Il10	IL10	ENSG00000136634.5	ENST00000423557.1	206945838	-	SpCas9_NGG	SpCas9_CRISPRa	100K2_rep4	False	False	20	0	0	False
Il10	IL10	ENSG00000136634.5	ENST00000423557.1	206945838	-	CjCas9_NNNVRYM	MiniCAFE	10K_rep1	False	False	27	0	0	False
Il10	IL10	ENSG00000136634.5	ENST00000423557.1	206945838	-	CjCas9_NNNVRYM	MiniCAFE	31K_rep2	False	False	27	0	0	False
Il10	IL10	ENSG00000136634.5	ENST00000423557.1	206945838	-	CjCas9_NNNVRYM	MiniCAFE	100K_rep3	False	False	27	0	0	False
Il10	IL10	ENSG00000136634.5	ENST00000423557.1	206945838	-	CjCas9_NNNVRYM	MiniCAFE	100K2_rep4	False	False	27	0	0	False
Il10	IL10	ENSG00000136634.5	ENST00000423557.1	206945838	-	Nme2Cas9_NNNNCC	proposed_dNme2Cas9_activator	10K_rep1	False	False	17	0	0	False
Il10	IL10	ENSG00000136634.5	ENST00000423557.1	206945838	-	Nme2Cas9_NNNNCC	proposed_dNme2Cas9_activator	31K_rep2	False	False	17	0	0	False
Il10	IL10	ENSG00000136634.5	ENST00000423557.1	206945838	-	Nme2Cas9_NNNNCC	proposed_dNme2Cas9_activator	100K_rep3	False	False	17	0	0	False
Il10	IL10	ENSG00000136634.5	ENST00000423557.1	206945838	-	Nme2Cas9_NNNNCC	proposed_dNme2Cas9_activator	100K2_rep4	False	False	17	0	0	False
Il1b	IL1B	ENSG00000125538.7	ENST00000263341.2	113594479	-	Un1Cas12f1_TTTR	HEAL;SminiCRa	10K_rep1	False	False	10	0	0	False
Il1b	IL1B	ENSG00000125538.7	ENST00000263341.2	113594479	-	Un1Cas12f1_TTTR	HEAL;SminiCRa	31K_rep2	False	False	10	0	0	False
Il1b	IL1B	ENSG00000125538.7	ENST00000263341.2	113594479	-	Un1Cas12f1_TTTR	HEAL;SminiCRa	100K_rep3	False	False	10	0	0	False
Il1b	IL1B	ENSG00000125538.7	ENST00000263341.2	113594479	-	Un1Cas12f1_TTTR	HEAL;SminiCRa	100K2_rep4	False	False	10	0	0	False
Il1b	IL1B	ENSG00000125538.7	ENST00000263341.2	113594479	-	SaCas9_NNGRRT	SaCas9_CRISPRa	10K_rep1	False	False	5	0	0	False
Il1b	IL1B	ENSG00000125538.7	ENST00000263341.2	113594479	-	SaCas9_NNGRRT	SaCas9_CRISPRa	31K_rep2	False	False	5	0	0	False
Il1b	IL1B	ENSG00000125538.7	ENST00000263341.2	113594479	-	SaCas9_NNGRRT	SaCas9_CRISPRa	100K_rep3	False	False	5	0	0	False
Il1b	IL1B	ENSG00000125538.7	ENST00000263341.2	113594479	-	SaCas9_NNGRRT	SaCas9_CRISPRa	100K2_rep4	False	False	5	0	0	False
Il1b	IL1B	ENSG00000125538.7	ENST00000263341.2	113594479	-	SpCas9_NGG	SpCas9_CRISPRa	10K_rep1	False	False	22	0	0	False
Il1b	IL1B	ENSG00000125538.7	ENST00000263341.2	113594479	-	SpCas9_NGG	SpCas9_CRISPRa	31K_rep2	False	False	22	0	0	False
Il1b	IL1B	ENSG00000125538.7	ENST00000263341.2	113594479	-	SpCas9_NGG	SpCas9_CRISPRa	100K_rep3	False	False	22	0	0	False
Il1b	IL1B	ENSG00000125538.7	ENST00000263341.2	113594479	-	SpCas9_NGG	SpCas9_CRISPRa	100K2_rep4	False	False	22	0	0	False
Il1b	IL1B	ENSG00000125538.7	ENST00000263341.2	113594479	-	CjCas9_NNNVRYM	MiniCAFE	10K_rep1	False	False	39	0	0	False
Il1b	IL1B	ENSG00000125538.7	ENST00000263341.2	113594479	-	CjCas9_NNNVRYM	MiniCAFE	31K_rep2	False	False	39	0	0	False
Il1b	IL1B	ENSG00000125538.7	ENST00000263341.2	113594479	-	CjCas9_NNNVRYM	MiniCAFE	100K_rep3	False	False	39	0	0	False
Il1b	IL1B	ENSG00000125538.7	ENST00000263341.2	113594479	-	CjCas9_NNNVRYM	MiniCAFE	100K2_rep4	False	False	39	0	0	False
Il1b	IL1B	ENSG00000125538.7	ENST00000263341.2	113594479	-	Nme2Cas9_NNNNCC	proposed_dNme2Cas9_activator	10K_rep1	False	False	28	0	0	False
Il1b	IL1B	ENSG00000125538.7	ENST00000263341.2	113594479	-	Nme2Cas9_NNNNCC	proposed_dNme2Cas9_activator	31K_rep2	False	False	28	0	0	False
Il1b	IL1B	ENSG00000125538.7	ENST00000263341.2	113594479	-	Nme2Cas9_NNNNCC	proposed_dNme2Cas9_activator	100K_rep3	False	False	28	0	0	False
Il1b	IL1B	ENSG00000125538.7	ENST00000263341.2	113594479	-	Nme2Cas9_NNNNCC	proposed_dNme2Cas9_activator	100K2_rep4	False	False	28	0	0	False
Il1rn	IL1RN	ENSG00000136689.14	ENST00000409930.3	113885137	+	Un1Cas12f1_TTTR	HEAL;SminiCRa	10K_rep1	False	True	4	0	1	False
Il1rn	IL1RN	ENSG00000136689.14	ENST00000409930.3	113885137	+	Un1Cas12f1_TTTR	HEAL;SminiCRa	31K_rep2	False	False	4	0	0	False
Il1rn	IL1RN	ENSG00000136689.14	ENST00000409930.3	113885137	+	Un1Cas12f1_TTTR	HEAL;SminiCRa	100K_rep3	False	False	4	0	0	False
Il1rn	IL1RN	ENSG00000136689.14	ENST00000409930.3	113885137	+	Un1Cas12f1_TTTR	HEAL;SminiCRa	100K2_rep4	False	False	4	0	0	False
Il1rn	IL1RN	ENSG00000136689.14	ENST00000409930.3	113885137	+	SaCas9_NNGRRT	SaCas9_CRISPRa	10K_rep1	False	True	6	0	0	False
Il1rn	IL1RN	ENSG00000136689.14	ENST00000409930.3	113885137	+	SaCas9_NNGRRT	SaCas9_CRISPRa	31K_rep2	False	False	6	0	0	False
Il1rn	IL1RN	ENSG00000136689.14	ENST00000409930.3	113885137	+	SaCas9_NNGRRT	SaCas9_CRISPRa	100K_rep3	False	False	6	0	0	False
Il1rn	IL1RN	ENSG00000136689.14	ENST00000409930.3	113885137	+	SaCas9_NNGRRT	SaCas9_CRISPRa	100K2_rep4	False	False	6	0	0	False
Il1rn	IL1RN	ENSG00000136689.14	ENST00000409930.3	113885137	+	SpCas9_NGG	SpCas9_CRISPRa	10K_rep1	False	True	29	0	0	False
Il1rn	IL1RN	ENSG00000136689.14	ENST00000409930.3	113885137	+	SpCas9_NGG	SpCas9_CRISPRa	31K_rep2	False	False	29	0	0	False
Il1rn	IL1RN	ENSG00000136689.14	ENST00000409930.3	113885137	+	SpCas9_NGG	SpCas9_CRISPRa	100K_rep3	False	False	29	0	0	False
Il1rn	IL1RN	ENSG00000136689.14	ENST00000409930.3	113885137	+	SpCas9_NGG	SpCas9_CRISPRa	100K2_rep4	False	False	29	0	0	False
Il1rn	IL1RN	ENSG00000136689.14	ENST00000409930.3	113885137	+	CjCas9_NNNVRYM	MiniCAFE	10K_rep1	False	True	22	0	0	False
Il1rn	IL1RN	ENSG00000136689.14	ENST00000409930.3	113885137	+	CjCas9_NNNVRYM	MiniCAFE	31K_rep2	False	False	22	0	0	False
Il1rn	IL1RN	ENSG00000136689.14	ENST00000409930.3	113885137	+	CjCas9_NNNVRYM	MiniCAFE	100K_rep3	False	False	22	0	0	False
Il1rn	IL1RN	ENSG00000136689.14	ENST00000409930.3	113885137	+	CjCas9_NNNVRYM	MiniCAFE	100K2_rep4	False	False	22	0	0	False
Il1rn	IL1RN	ENSG00000136689.14	ENST00000409930.3	113885137	+	Nme2Cas9_NNNNCC	proposed_dNme2Cas9_activator	10K_rep1	False	True	25	0	0	False
Il1rn	IL1RN	ENSG00000136689.14	ENST00000409930.3	113885137	+	Nme2Cas9_NNNNCC	proposed_dNme2Cas9_activator	31K_rep2	False	False	25	0	0	False
Il1rn	IL1RN	ENSG00000136689.14	ENST00000409930.3	113885137	+	Nme2Cas9_NNNNCC	proposed_dNme2Cas9_activator	100K_rep3	False	False	25	0	0	False
Il1rn	IL1RN	ENSG00000136689.14	ENST00000409930.3	113885137	+	Nme2Cas9_NNNNCC	proposed_dNme2Cas9_activator	100K2_rep4	False	False	25	0	0	False
Il4ra	IL4R	ENSG00000077238.9	ENST00000395762.2	27325233	+	Un1Cas12f1_TTTR	HEAL;SminiCRa	10K_rep1	True	True	1	0	1	False
Il4ra	IL4R	ENSG00000077238.9	ENST00000395762.2	27325233	+	Un1Cas12f1_TTTR	HEAL;SminiCRa	31K_rep2	False	True	1	0	0	False
Il4ra	IL4R	ENSG00000077238.9	ENST00000395762.2	27325233	+	Un1Cas12f1_TTTR	HEAL;SminiCRa	100K_rep3	True	True	1	1	1	True
Il4ra	IL4R	ENSG00000077238.9	ENST00000395762.2	27325233	+	Un1Cas12f1_TTTR	HEAL;SminiCRa	100K2_rep4	True	True	1	0	1	False
Il4ra	IL4R	ENSG00000077238.9	ENST00000395762.2	27325233	+	SaCas9_NNGRRT	SaCas9_CRISPRa	10K_rep1	True	True	3	3	3	True
Il4ra	IL4R	ENSG00000077238.9	ENST00000395762.2	27325233	+	SaCas9_NNGRRT	SaCas9_CRISPRa	31K_rep2	False	True	3	0	0	False
Il4ra	IL4R	ENSG00000077238.9	ENST00000395762.2	27325233	+	SaCas9_NNGRRT	SaCas9_CRISPRa	100K_rep3	True	True	3	3	3	True
Il4ra	IL4R	ENSG00000077238.9	ENST00000395762.2	27325233	+	SaCas9_NNGRRT	SaCas9_CRISPRa	100K2_rep4	True	True	3	3	3	True
Il4ra	IL4R	ENSG00000077238.9	ENST00000395762.2	27325233	+	SpCas9_NGG	SpCas9_CRISPRa	10K_rep1	True	True	28	21	28	True
Il4ra	IL4R	ENSG00000077238.9	ENST00000395762.2	27325233	+	SpCas9_NGG	SpCas9_CRISPRa	31K_rep2	False	True	28	0	0	False
Il4ra	IL4R	ENSG00000077238.9	ENST00000395762.2	27325233	+	SpCas9_NGG	SpCas9_CRISPRa	100K_rep3	True	True	28	28	28	True
Il4ra	IL4R	ENSG00000077238.9	ENST00000395762.2	27325233	+	SpCas9_NGG	SpCas9_CRISPRa	100K2_rep4	True	True	28	20	28	True
Il4ra	IL4R	ENSG00000077238.9	ENST00000395762.2	27325233	+	CjCas9_NNNVRYM	MiniCAFE	10K_rep1	True	True	20	13	14	True
Il4ra	IL4R	ENSG00000077238.9	ENST00000395762.2	27325233	+	CjCas9_NNNVRYM	MiniCAFE	31K_rep2	False	True	20	0	0	False
Il4ra	IL4R	ENSG00000077238.9	ENST00000395762.2	27325233	+	CjCas9_NNNVRYM	MiniCAFE	100K_rep3	True	True	20	20	20	True
Il4ra	IL4R	ENSG00000077238.9	ENST00000395762.2	27325233	+	CjCas9_NNNVRYM	MiniCAFE	100K2_rep4	True	True	20	13	14	True
Il4ra	IL4R	ENSG00000077238.9	ENST00000395762.2	27325233	+	Nme2Cas9_NNNNCC	proposed_dNme2Cas9_activator	10K_rep1	True	True	25	11	12	True
Il4ra	IL4R	ENSG00000077238.9	ENST00000395762.2	27325233	+	Nme2Cas9_NNNNCC	proposed_dNme2Cas9_activator	31K_rep2	False	True	25	0	0	False
Il4ra	IL4R	ENSG00000077238.9	ENST00000395762.2	27325233	+	Nme2Cas9_NNNNCC	proposed_dNme2Cas9_activator	100K_rep3	True	True	25	25	25	True
Il4ra	IL4R	ENSG00000077238.9	ENST00000395762.2	27325233	+	Nme2Cas9_NNNNCC	proposed_dNme2Cas9_activator	100K2_rep4	True	True	25	11	12	True
Irf8	IRF8	ENSG00000140968.6	ENST00000268638.5	85932408	+	Un1Cas12f1_TTTR	HEAL;SminiCRa	10K_rep1	False	True	2	0	0	False
Irf8	IRF8	ENSG00000140968.6	ENST00000268638.5	85932408	+	Un1Cas12f1_TTTR	HEAL;SminiCRa	31K_rep2	False	False	2	0	0	False
Irf8	IRF8	ENSG00000140968.6	ENST00000268638.5	85932408	+	Un1Cas12f1_TTTR	HEAL;SminiCRa	100K_rep3	False	False	2	0	0	False
Irf8	IRF8	ENSG00000140968.6	ENST00000268638.5	85932408	+	Un1Cas12f1_TTTR	HEAL;SminiCRa	100K2_rep4	False	True	2	0	0	False
Irf8	IRF8	ENSG00000140968.6	ENST00000268638.5	85932408	+	SaCas9_NNGRRT	SaCas9_CRISPRa	10K_rep1	False	True	4	1	1	True
Irf8	IRF8	ENSG00000140968.6	ENST00000268638.5	85932408	+	SaCas9_NNGRRT	SaCas9_CRISPRa	31K_rep2	False	False	4	0	0	False
Irf8	IRF8	ENSG00000140968.6	ENST00000268638.5	85932408	+	SaCas9_NNGRRT	SaCas9_CRISPRa	100K_rep3	False	False	4	0	0	False
Irf8	IRF8	ENSG00000140968.6	ENST00000268638.5	85932408	+	SaCas9_NNGRRT	SaCas9_CRISPRa	100K2_rep4	False	True	4	2	2	True
Irf8	IRF8	ENSG00000140968.6	ENST00000268638.5	85932408	+	SpCas9_NGG	SpCas9_CRISPRa	10K_rep1	False	True	46	4	8	True
Irf8	IRF8	ENSG00000140968.6	ENST00000268638.5	85932408	+	SpCas9_NGG	SpCas9_CRISPRa	31K_rep2	False	False	46	0	0	False
Irf8	IRF8	ENSG00000140968.6	ENST00000268638.5	85932408	+	SpCas9_NGG	SpCas9_CRISPRa	100K_rep3	False	False	46	0	0	False
Irf8	IRF8	ENSG00000140968.6	ENST00000268638.5	85932408	+	SpCas9_NGG	SpCas9_CRISPRa	100K2_rep4	False	True	46	20	20	True
Irf8	IRF8	ENSG00000140968.6	ENST00000268638.5	85932408	+	CjCas9_NNNVRYM	MiniCAFE	10K_rep1	False	True	36	3	6	True
Irf8	IRF8	ENSG00000140968.6	ENST00000268638.5	85932408	+	CjCas9_NNNVRYM	MiniCAFE	31K_rep2	False	False	36	0	0	False
Irf8	IRF8	ENSG00000140968.6	ENST00000268638.5	85932408	+	CjCas9_NNNVRYM	MiniCAFE	100K_rep3	False	False	36	0	0	False
Irf8	IRF8	ENSG00000140968.6	ENST00000268638.5	85932408	+	CjCas9_NNNVRYM	MiniCAFE	100K2_rep4	False	True	36	18	18	True
Irf8	IRF8	ENSG00000140968.6	ENST00000268638.5	85932408	+	Nme2Cas9_NNNNCC	proposed_dNme2Cas9_activator	10K_rep1	False	True	49	2	6	True
Irf8	IRF8	ENSG00000140968.6	ENST00000268638.5	85932408	+	Nme2Cas9_NNNNCC	proposed_dNme2Cas9_activator	31K_rep2	False	False	49	0	0	False
Irf8	IRF8	ENSG00000140968.6	ENST00000268638.5	85932408	+	Nme2Cas9_NNNNCC	proposed_dNme2Cas9_activator	100K_rep3	False	False	49	0	0	False
Irf8	IRF8	ENSG00000140968.6	ENST00000268638.5	85932408	+	Nme2Cas9_NNNNCC	proposed_dNme2Cas9_activator	100K2_rep4	False	True	49	20	20	True
Lamp1	LAMP1	ENSG00000185896.9	ENST00000332556.4	113951555	+	Un1Cas12f1_TTTR	HEAL;SminiCRa	10K_rep1	True	True	1	1	1	True
Lamp1	LAMP1	ENSG00000185896.9	ENST00000332556.4	113951555	+	Un1Cas12f1_TTTR	HEAL;SminiCRa	31K_rep2	True	True	1	1	1	True
Lamp1	LAMP1	ENSG00000185896.9	ENST00000332556.4	113951555	+	Un1Cas12f1_TTTR	HEAL;SminiCRa	100K_rep3	True	True	1	1	1	True
Lamp1	LAMP1	ENSG00000185896.9	ENST00000332556.4	113951555	+	Un1Cas12f1_TTTR	HEAL;SminiCRa	100K2_rep4	True	True	1	1	1	True
Lamp1	LAMP1	ENSG00000185896.9	ENST00000332556.4	113951555	+	SaCas9_NNGRRT	SaCas9_CRISPRa	10K_rep1	True	True	2	2	2	True
Lamp1	LAMP1	ENSG00000185896.9	ENST00000332556.4	113951555	+	SaCas9_NNGRRT	SaCas9_CRISPRa	31K_rep2	True	True	2	2	2	True
Lamp1	LAMP1	ENSG00000185896.9	ENST00000332556.4	113951555	+	SaCas9_NNGRRT	SaCas9_CRISPRa	100K_rep3	True	True	2	2	2	True
Lamp1	LAMP1	ENSG00000185896.9	ENST00000332556.4	113951555	+	SaCas9_NNGRRT	SaCas9_CRISPRa	100K2_rep4	True	True	2	2	2	True
Lamp1	LAMP1	ENSG00000185896.9	ENST00000332556.4	113951555	+	SpCas9_NGG	SpCas9_CRISPRa	10K_rep1	True	True	47	47	47	True
Lamp1	LAMP1	ENSG00000185896.9	ENST00000332556.4	113951555	+	SpCas9_NGG	SpCas9_CRISPRa	31K_rep2	True	True	47	47	47	True
Lamp1	LAMP1	ENSG00000185896.9	ENST00000332556.4	113951555	+	SpCas9_NGG	SpCas9_CRISPRa	100K_rep3	True	True	47	47	47	True
Lamp1	LAMP1	ENSG00000185896.9	ENST00000332556.4	113951555	+	SpCas9_NGG	SpCas9_CRISPRa	100K2_rep4	True	True	47	47	47	True
Lamp1	LAMP1	ENSG00000185896.9	ENST00000332556.4	113951555	+	CjCas9_NNNVRYM	MiniCAFE	10K_rep1	True	True	19	19	19	True
Lamp1	LAMP1	ENSG00000185896.9	ENST00000332556.4	113951555	+	CjCas9_NNNVRYM	MiniCAFE	31K_rep2	True	True	19	19	19	True
Lamp1	LAMP1	ENSG00000185896.9	ENST00000332556.4	113951555	+	CjCas9_NNNVRYM	MiniCAFE	100K_rep3	True	True	19	19	19	True
Lamp1	LAMP1	ENSG00000185896.9	ENST00000332556.4	113951555	+	CjCas9_NNNVRYM	MiniCAFE	100K2_rep4	True	True	19	19	19	True
Lamp1	LAMP1	ENSG00000185896.9	ENST00000332556.4	113951555	+	Nme2Cas9_NNNNCC	proposed_dNme2Cas9_activator	10K_rep1	True	True	28	28	28	True
Lamp1	LAMP1	ENSG00000185896.9	ENST00000332556.4	113951555	+	Nme2Cas9_NNNNCC	proposed_dNme2Cas9_activator	31K_rep2	True	True	28	28	28	True
Lamp1	LAMP1	ENSG00000185896.9	ENST00000332556.4	113951555	+	Nme2Cas9_NNNNCC	proposed_dNme2Cas9_activator	100K_rep3	True	True	28	28	28	True
Lamp1	LAMP1	ENSG00000185896.9	ENST00000332556.4	113951555	+	Nme2Cas9_NNNNCC	proposed_dNme2Cas9_activator	100K2_rep4	True	True	28	28	28	True
Lamp2	LAMP2	ENSG00000005893.11	ENST00000434600.2	119603219	-	Un1Cas12f1_TTTR	HEAL;SminiCRa	10K_rep1	False	True	7	1	1	True
Lamp2	LAMP2	ENSG00000005893.11	ENST00000434600.2	119603219	-	Un1Cas12f1_TTTR	HEAL;SminiCRa	31K_rep2	False	True	7	1	1	True
Lamp2	LAMP2	ENSG00000005893.11	ENST00000434600.2	119603219	-	Un1Cas12f1_TTTR	HEAL;SminiCRa	100K_rep3	False	True	7	1	1	True
Lamp2	LAMP2	ENSG00000005893.11	ENST00000434600.2	119603219	-	Un1Cas12f1_TTTR	HEAL;SminiCRa	100K2_rep4	False	True	7	1	1	True
Lamp2	LAMP2	ENSG00000005893.11	ENST00000434600.2	119603219	-	SaCas9_NNGRRT	SaCas9_CRISPRa	10K_rep1	False	True	3	0	0	False
Lamp2	LAMP2	ENSG00000005893.11	ENST00000434600.2	119603219	-	SaCas9_NNGRRT	SaCas9_CRISPRa	31K_rep2	False	True	3	0	0	False
Lamp2	LAMP2	ENSG00000005893.11	ENST00000434600.2	119603219	-	SaCas9_NNGRRT	SaCas9_CRISPRa	100K_rep3	False	True	3	0	0	False
Lamp2	LAMP2	ENSG00000005893.11	ENST00000434600.2	119603219	-	SaCas9_NNGRRT	SaCas9_CRISPRa	100K2_rep4	False	True	3	0	0	False
Lamp2	LAMP2	ENSG00000005893.11	ENST00000434600.2	119603219	-	SpCas9_NGG	SpCas9_CRISPRa	10K_rep1	False	True	31	3	7	True
Lamp2	LAMP2	ENSG00000005893.11	ENST00000434600.2	119603219	-	SpCas9_NGG	SpCas9_CRISPRa	31K_rep2	False	True	31	7	7	True
Lamp2	LAMP2	ENSG00000005893.11	ENST00000434600.2	119603219	-	SpCas9_NGG	SpCas9_CRISPRa	100K_rep3	False	True	31	3	7	True
Lamp2	LAMP2	ENSG00000005893.11	ENST00000434600.2	119603219	-	SpCas9_NGG	SpCas9_CRISPRa	100K2_rep4	False	True	31	3	7	True
Lamp2	LAMP2	ENSG00000005893.11	ENST00000434600.2	119603219	-	CjCas9_NNNVRYM	MiniCAFE	10K_rep1	False	True	38	3	6	True
Lamp2	LAMP2	ENSG00000005893.11	ENST00000434600.2	119603219	-	CjCas9_NNNVRYM	MiniCAFE	31K_rep2	False	True	38	6	6	True
Lamp2	LAMP2	ENSG00000005893.11	ENST00000434600.2	119603219	-	CjCas9_NNNVRYM	MiniCAFE	100K_rep3	False	True	38	3	6	True
Lamp2	LAMP2	ENSG00000005893.11	ENST00000434600.2	119603219	-	CjCas9_NNNVRYM	MiniCAFE	100K2_rep4	False	True	38	3	6	True
Lamp2	LAMP2	ENSG00000005893.11	ENST00000434600.2	119603219	-	Nme2Cas9_NNNNCC	proposed_dNme2Cas9_activator	10K_rep1	False	True	33	2	2	True
Lamp2	LAMP2	ENSG00000005893.11	ENST00000434600.2	119603219	-	Nme2Cas9_NNNNCC	proposed_dNme2Cas9_activator	31K_rep2	False	True	33	2	2	True
Lamp2	LAMP2	ENSG00000005893.11	ENST00000434600.2	119603219	-	Nme2Cas9_NNNNCC	proposed_dNme2Cas9_activator	100K_rep3	False	True	33	2	2	True
Lamp2	LAMP2	ENSG00000005893.11	ENST00000434600.2	119603219	-	Nme2Cas9_NNNNCC	proposed_dNme2Cas9_activator	100K2_rep4	False	True	33	2	2	True
Lipa	LIPA	ENSG00000107798.13	ENST00000336233.5	91011814	-	Un1Cas12f1_TTTR	HEAL;SminiCRa	10K_rep1	False	True	8	1	1	True
Lipa	LIPA	ENSG00000107798.13	ENST00000336233.5	91011814	-	Un1Cas12f1_TTTR	HEAL;SminiCRa	31K_rep2	False	True	8	0	1	False
Lipa	LIPA	ENSG00000107798.13	ENST00000336233.5	91011814	-	Un1Cas12f1_TTTR	HEAL;SminiCRa	100K_rep3	False	True	8	2	4	True
Lipa	LIPA	ENSG00000107798.13	ENST00000336233.5	91011814	-	Un1Cas12f1_TTTR	HEAL;SminiCRa	100K2_rep4	False	True	8	1	3	True
Lipa	LIPA	ENSG00000107798.13	ENST00000336233.5	91011814	-	SaCas9_NNGRRT	SaCas9_CRISPRa	10K_rep1	False	True	3	0	1	False
Lipa	LIPA	ENSG00000107798.13	ENST00000336233.5	91011814	-	SaCas9_NNGRRT	SaCas9_CRISPRa	31K_rep2	False	True	3	0	0	False
Lipa	LIPA	ENSG00000107798.13	ENST00000336233.5	91011814	-	SaCas9_NNGRRT	SaCas9_CRISPRa	100K_rep3	False	True	3	1	1	True
Lipa	LIPA	ENSG00000107798.13	ENST00000336233.5	91011814	-	SaCas9_NNGRRT	SaCas9_CRISPRa	100K2_rep4	False	True	3	1	1	True
Lipa	LIPA	ENSG00000107798.13	ENST00000336233.5	91011814	-	SpCas9_NGG	SpCas9_CRISPRa	10K_rep1	False	True	16	5	5	True
Lipa	LIPA	ENSG00000107798.13	ENST00000336233.5	91011814	-	SpCas9_NGG	SpCas9_CRISPRa	31K_rep2	False	True	16	1	5	True
Lipa	LIPA	ENSG00000107798.13	ENST00000336233.5	91011814	-	SpCas9_NGG	SpCas9_CRISPRa	100K_rep3	False	True	16	5	6	True
Lipa	LIPA	ENSG00000107798.13	ENST00000336233.5	91011814	-	SpCas9_NGG	SpCas9_CRISPRa	100K2_rep4	False	True	16	5	6	True
Lipa	LIPA	ENSG00000107798.13	ENST00000336233.5	91011814	-	CjCas9_NNNVRYM	MiniCAFE	10K_rep1	False	True	33	5	7	True
Lipa	LIPA	ENSG00000107798.13	ENST00000336233.5	91011814	-	CjCas9_NNNVRYM	MiniCAFE	31K_rep2	False	True	33	3	6	True
Lipa	LIPA	ENSG00000107798.13	ENST00000336233.5	91011814	-	CjCas9_NNNVRYM	MiniCAFE	100K_rep3	False	True	33	7	11	True
Lipa	LIPA	ENSG00000107798.13	ENST00000336233.5	91011814	-	CjCas9_NNNVRYM	MiniCAFE	100K2_rep4	False	True	33	7	8	True
Lipa	LIPA	ENSG00000107798.13	ENST00000336233.5	91011814	-	Nme2Cas9_NNNNCC	proposed_dNme2Cas9_activator	10K_rep1	False	True	15	4	6	True
Lipa	LIPA	ENSG00000107798.13	ENST00000336233.5	91011814	-	Nme2Cas9_NNNNCC	proposed_dNme2Cas9_activator	31K_rep2	False	True	15	3	4	True
Lipa	LIPA	ENSG00000107798.13	ENST00000336233.5	91011814	-	Nme2Cas9_NNNNCC	proposed_dNme2Cas9_activator	100K_rep3	False	True	15	6	9	True
Lipa	LIPA	ENSG00000107798.13	ENST00000336233.5	91011814	-	Nme2Cas9_NNNNCC	proposed_dNme2Cas9_activator	100K2_rep4	False	True	15	6	9	True
Lpl	LPL	ENSG00000175445.10	ENST00000311322.8	19796481	+	Un1Cas12f1_TTTR	HEAL;SminiCRa	10K_rep1	False	False	10	0	0	False
Lpl	LPL	ENSG00000175445.10	ENST00000311322.8	19796481	+	Un1Cas12f1_TTTR	HEAL;SminiCRa	31K_rep2	False	False	10	0	0	False
Lpl	LPL	ENSG00000175445.10	ENST00000311322.8	19796481	+	Un1Cas12f1_TTTR	HEAL;SminiCRa	100K_rep3	False	False	10	0	0	False
Lpl	LPL	ENSG00000175445.10	ENST00000311322.8	19796481	+	Un1Cas12f1_TTTR	HEAL;SminiCRa	100K2_rep4	False	False	10	0	0	False
Lpl	LPL	ENSG00000175445.10	ENST00000311322.8	19796481	+	SaCas9_NNGRRT	SaCas9_CRISPRa	10K_rep1	False	False	10	0	0	False
Lpl	LPL	ENSG00000175445.10	ENST00000311322.8	19796481	+	SaCas9_NNGRRT	SaCas9_CRISPRa	31K_rep2	False	False	10	0	0	False
Lpl	LPL	ENSG00000175445.10	ENST00000311322.8	19796481	+	SaCas9_NNGRRT	SaCas9_CRISPRa	100K_rep3	False	False	10	0	0	False
Lpl	LPL	ENSG00000175445.10	ENST00000311322.8	19796481	+	SaCas9_NNGRRT	SaCas9_CRISPRa	100K2_rep4	False	False	10	0	0	False
Lpl	LPL	ENSG00000175445.10	ENST00000311322.8	19796481	+	SpCas9_NGG	SpCas9_CRISPRa	10K_rep1	False	False	21	0	0	False
Lpl	LPL	ENSG00000175445.10	ENST00000311322.8	19796481	+	SpCas9_NGG	SpCas9_CRISPRa	31K_rep2	False	False	21	0	0	False
Lpl	LPL	ENSG00000175445.10	ENST00000311322.8	19796481	+	SpCas9_NGG	SpCas9_CRISPRa	100K_rep3	False	False	21	0	0	False
Lpl	LPL	ENSG00000175445.10	ENST00000311322.8	19796481	+	SpCas9_NGG	SpCas9_CRISPRa	100K2_rep4	False	False	21	0	0	False
Lpl	LPL	ENSG00000175445.10	ENST00000311322.8	19796481	+	CjCas9_NNNVRYM	MiniCAFE	10K_rep1	False	False	44	0	0	False
Lpl	LPL	ENSG00000175445.10	ENST00000311322.8	19796481	+	CjCas9_NNNVRYM	MiniCAFE	31K_rep2	False	False	44	0	0	False
Lpl	LPL	ENSG00000175445.10	ENST00000311322.8	19796481	+	CjCas9_NNNVRYM	MiniCAFE	100K_rep3	False	False	44	0	0	False
Lpl	LPL	ENSG00000175445.10	ENST00000311322.8	19796481	+	CjCas9_NNNVRYM	MiniCAFE	100K2_rep4	False	False	44	0	0	False
Lpl	LPL	ENSG00000175445.10	ENST00000311322.8	19796481	+	Nme2Cas9_NNNNCC	proposed_dNme2Cas9_activator	10K_rep1	False	False	25	0	0	False
Lpl	LPL	ENSG00000175445.10	ENST00000311322.8	19796481	+	Nme2Cas9_NNNNCC	proposed_dNme2Cas9_activator	31K_rep2	False	False	25	0	0	False
Lpl	LPL	ENSG00000175445.10	ENST00000311322.8	19796481	+	Nme2Cas9_NNNNCC	proposed_dNme2Cas9_activator	100K_rep3	False	False	25	0	0	False
Lpl	LPL	ENSG00000175445.10	ENST00000311322.8	19796481	+	Nme2Cas9_NNNNCC	proposed_dNme2Cas9_activator	100K2_rep4	False	False	25	0	0	False
Map1lc3b	MAP1LC3B	ENSG00000140941.8	ENST00000268607.5	87425405	+	Un1Cas12f1_TTTR	HEAL;SminiCRa	10K_rep1	False	True	5	0	0	False
Map1lc3b	MAP1LC3B	ENSG00000140941.8	ENST00000268607.5	87425405	+	Un1Cas12f1_TTTR	HEAL;SminiCRa	31K_rep2	False	False	5	0	0	False
Map1lc3b	MAP1LC3B	ENSG00000140941.8	ENST00000268607.5	87425405	+	Un1Cas12f1_TTTR	HEAL;SminiCRa	100K_rep3	False	True	5	2	2	True
Map1lc3b	MAP1LC3B	ENSG00000140941.8	ENST00000268607.5	87425405	+	Un1Cas12f1_TTTR	HEAL;SminiCRa	100K2_rep4	False	True	5	2	2	True
Map1lc3b	MAP1LC3B	ENSG00000140941.8	ENST00000268607.5	87425405	+	SaCas9_NNGRRT	SaCas9_CRISPRa	10K_rep1	False	True	5	0	0	False
Map1lc3b	MAP1LC3B	ENSG00000140941.8	ENST00000268607.5	87425405	+	SaCas9_NNGRRT	SaCas9_CRISPRa	31K_rep2	False	False	5	0	0	False
Map1lc3b	MAP1LC3B	ENSG00000140941.8	ENST00000268607.5	87425405	+	SaCas9_NNGRRT	SaCas9_CRISPRa	100K_rep3	False	True	5	0	0	False
Map1lc3b	MAP1LC3B	ENSG00000140941.8	ENST00000268607.5	87425405	+	SaCas9_NNGRRT	SaCas9_CRISPRa	100K2_rep4	False	True	5	0	0	False
Map1lc3b	MAP1LC3B	ENSG00000140941.8	ENST00000268607.5	87425405	+	SpCas9_NGG	SpCas9_CRISPRa	10K_rep1	False	True	38	0	1	False
Map1lc3b	MAP1LC3B	ENSG00000140941.8	ENST00000268607.5	87425405	+	SpCas9_NGG	SpCas9_CRISPRa	31K_rep2	False	False	38	0	0	False
Map1lc3b	MAP1LC3B	ENSG00000140941.8	ENST00000268607.5	87425405	+	SpCas9_NGG	SpCas9_CRISPRa	100K_rep3	False	True	38	9	9	True
Map1lc3b	MAP1LC3B	ENSG00000140941.8	ENST00000268607.5	87425405	+	SpCas9_NGG	SpCas9_CRISPRa	100K2_rep4	False	True	38	9	9	True
Map1lc3b	MAP1LC3B	ENSG00000140941.8	ENST00000268607.5	87425405	+	CjCas9_NNNVRYM	MiniCAFE	10K_rep1	False	True	39	0	0	False
Map1lc3b	MAP1LC3B	ENSG00000140941.8	ENST00000268607.5	87425405	+	CjCas9_NNNVRYM	MiniCAFE	31K_rep2	False	False	39	0	0	False
Map1lc3b	MAP1LC3B	ENSG00000140941.8	ENST00000268607.5	87425405	+	CjCas9_NNNVRYM	MiniCAFE	100K_rep3	False	True	39	8	9	True
Map1lc3b	MAP1LC3B	ENSG00000140941.8	ENST00000268607.5	87425405	+	CjCas9_NNNVRYM	MiniCAFE	100K2_rep4	False	True	39	9	9	True
Map1lc3b	MAP1LC3B	ENSG00000140941.8	ENST00000268607.5	87425405	+	Nme2Cas9_NNNNCC	proposed_dNme2Cas9_activator	10K_rep1	False	True	31	0	1	False
Map1lc3b	MAP1LC3B	ENSG00000140941.8	ENST00000268607.5	87425405	+	Nme2Cas9_NNNNCC	proposed_dNme2Cas9_activator	31K_rep2	False	False	31	0	0	False
Map1lc3b	MAP1LC3B	ENSG00000140941.8	ENST00000268607.5	87425405	+	Nme2Cas9_NNNNCC	proposed_dNme2Cas9_activator	100K_rep3	False	True	31	8	13	True
Map1lc3b	MAP1LC3B	ENSG00000140941.8	ENST00000268607.5	87425405	+	Nme2Cas9_NNNNCC	proposed_dNme2Cas9_activator	100K2_rep4	False	True	31	10	13	True
Mcoln1	MCOLN1	ENSG00000090674.11	ENST00000264079.6	7587511	+	Un1Cas12f1_TTTR	HEAL;SminiCRa	10K_rep1	True	True	3	1	1	True
Mcoln1	MCOLN1	ENSG00000090674.11	ENST00000264079.6	7587511	+	Un1Cas12f1_TTTR	HEAL;SminiCRa	31K_rep2	True	True	3	1	1	True
Mcoln1	MCOLN1	ENSG00000090674.11	ENST00000264079.6	7587511	+	Un1Cas12f1_TTTR	HEAL;SminiCRa	100K_rep3	True	True	3	1	1	True
Mcoln1	MCOLN1	ENSG00000090674.11	ENST00000264079.6	7587511	+	Un1Cas12f1_TTTR	HEAL;SminiCRa	100K2_rep4	True	True	3	1	1	True
Mcoln1	MCOLN1	ENSG00000090674.11	ENST00000264079.6	7587511	+	SaCas9_NNGRRT	SaCas9_CRISPRa	10K_rep1	True	True	7	4	5	True
Mcoln1	MCOLN1	ENSG00000090674.11	ENST00000264079.6	7587511	+	SaCas9_NNGRRT	SaCas9_CRISPRa	31K_rep2	True	True	7	2	2	True
Mcoln1	MCOLN1	ENSG00000090674.11	ENST00000264079.6	7587511	+	SaCas9_NNGRRT	SaCas9_CRISPRa	100K_rep3	True	True	7	2	4	True
Mcoln1	MCOLN1	ENSG00000090674.11	ENST00000264079.6	7587511	+	SaCas9_NNGRRT	SaCas9_CRISPRa	100K2_rep4	True	True	7	5	5	True
Mcoln1	MCOLN1	ENSG00000090674.11	ENST00000264079.6	7587511	+	SpCas9_NGG	SpCas9_CRISPRa	10K_rep1	True	True	45	34	38	True
Mcoln1	MCOLN1	ENSG00000090674.11	ENST00000264079.6	7587511	+	SpCas9_NGG	SpCas9_CRISPRa	31K_rep2	True	True	45	25	28	True
Mcoln1	MCOLN1	ENSG00000090674.11	ENST00000264079.6	7587511	+	SpCas9_NGG	SpCas9_CRISPRa	100K_rep3	True	True	45	26	33	True
Mcoln1	MCOLN1	ENSG00000090674.11	ENST00000264079.6	7587511	+	SpCas9_NGG	SpCas9_CRISPRa	100K2_rep4	True	True	45	37	38	True
Mcoln1	MCOLN1	ENSG00000090674.11	ENST00000264079.6	7587511	+	CjCas9_NNNVRYM	MiniCAFE	10K_rep1	True	True	41	26	34	True
Mcoln1	MCOLN1	ENSG00000090674.11	ENST00000264079.6	7587511	+	CjCas9_NNNVRYM	MiniCAFE	31K_rep2	True	True	41	18	23	True
Mcoln1	MCOLN1	ENSG00000090674.11	ENST00000264079.6	7587511	+	CjCas9_NNNVRYM	MiniCAFE	100K_rep3	True	True	41	22	26	True
Mcoln1	MCOLN1	ENSG00000090674.11	ENST00000264079.6	7587511	+	CjCas9_NNNVRYM	MiniCAFE	100K2_rep4	True	True	41	31	35	True
Mcoln1	MCOLN1	ENSG00000090674.11	ENST00000264079.6	7587511	+	Nme2Cas9_NNNNCC	proposed_dNme2Cas9_activator	10K_rep1	True	True	40	30	35	True
Mcoln1	MCOLN1	ENSG00000090674.11	ENST00000264079.6	7587511	+	Nme2Cas9_NNNNCC	proposed_dNme2Cas9_activator	31K_rep2	True	True	40	20	27	True
Mcoln1	MCOLN1	ENSG00000090674.11	ENST00000264079.6	7587511	+	Nme2Cas9_NNNNCC	proposed_dNme2Cas9_activator	100K_rep3	True	True	40	25	30	True
Mcoln1	MCOLN1	ENSG00000090674.11	ENST00000264079.6	7587511	+	Nme2Cas9_NNNNCC	proposed_dNme2Cas9_activator	100K2_rep4	True	True	40	32	38	True
Megf10	MEGF10	ENSG00000145794.12	ENST00000503335.2	126626522	+	Un1Cas12f1_TTTR	HEAL;SminiCRa	10K_rep1	False	False	1	0	0	False
Megf10	MEGF10	ENSG00000145794.12	ENST00000503335.2	126626522	+	Un1Cas12f1_TTTR	HEAL;SminiCRa	31K_rep2	False	False	1	0	0	False
Megf10	MEGF10	ENSG00000145794.12	ENST00000503335.2	126626522	+	Un1Cas12f1_TTTR	HEAL;SminiCRa	100K_rep3	False	False	1	0	0	False
Megf10	MEGF10	ENSG00000145794.12	ENST00000503335.2	126626522	+	Un1Cas12f1_TTTR	HEAL;SminiCRa	100K2_rep4	False	False	1	0	0	False
Megf10	MEGF10	ENSG00000145794.12	ENST00000503335.2	126626522	+	SaCas9_NNGRRT	SaCas9_CRISPRa	10K_rep1	False	False	11	0	0	False
Megf10	MEGF10	ENSG00000145794.12	ENST00000503335.2	126626522	+	SaCas9_NNGRRT	SaCas9_CRISPRa	31K_rep2	False	False	11	0	0	False
Megf10	MEGF10	ENSG00000145794.12	ENST00000503335.2	126626522	+	SaCas9_NNGRRT	SaCas9_CRISPRa	100K_rep3	False	False	11	0	0	False
Megf10	MEGF10	ENSG00000145794.12	ENST00000503335.2	126626522	+	SaCas9_NNGRRT	SaCas9_CRISPRa	100K2_rep4	False	False	11	0	0	False
Megf10	MEGF10	ENSG00000145794.12	ENST00000503335.2	126626522	+	SpCas9_NGG	SpCas9_CRISPRa	10K_rep1	False	False	50	0	0	False
Megf10	MEGF10	ENSG00000145794.12	ENST00000503335.2	126626522	+	SpCas9_NGG	SpCas9_CRISPRa	31K_rep2	False	False	50	0	0	False
Megf10	MEGF10	ENSG00000145794.12	ENST00000503335.2	126626522	+	SpCas9_NGG	SpCas9_CRISPRa	100K_rep3	False	False	50	0	0	False
Megf10	MEGF10	ENSG00000145794.12	ENST00000503335.2	126626522	+	SpCas9_NGG	SpCas9_CRISPRa	100K2_rep4	False	False	50	0	0	False
Megf10	MEGF10	ENSG00000145794.12	ENST00000503335.2	126626522	+	CjCas9_NNNVRYM	MiniCAFE	10K_rep1	False	False	34	0	0	False
Megf10	MEGF10	ENSG00000145794.12	ENST00000503335.2	126626522	+	CjCas9_NNNVRYM	MiniCAFE	31K_rep2	False	False	34	0	0	False
Megf10	MEGF10	ENSG00000145794.12	ENST00000503335.2	126626522	+	CjCas9_NNNVRYM	MiniCAFE	100K_rep3	False	False	34	0	0	False
Megf10	MEGF10	ENSG00000145794.12	ENST00000503335.2	126626522	+	CjCas9_NNNVRYM	MiniCAFE	100K2_rep4	False	False	34	0	0	False
Megf10	MEGF10	ENSG00000145794.12	ENST00000503335.2	126626522	+	Nme2Cas9_NNNNCC	proposed_dNme2Cas9_activator	10K_rep1	False	False	40	0	0	False
Megf10	MEGF10	ENSG00000145794.12	ENST00000503335.2	126626522	+	Nme2Cas9_NNNNCC	proposed_dNme2Cas9_activator	31K_rep2	False	False	40	0	0	False
Megf10	MEGF10	ENSG00000145794.12	ENST00000503335.2	126626522	+	Nme2Cas9_NNNNCC	proposed_dNme2Cas9_activator	100K_rep3	False	False	40	0	0	False
Megf10	MEGF10	ENSG00000145794.12	ENST00000503335.2	126626522	+	Nme2Cas9_NNNNCC	proposed_dNme2Cas9_activator	100K2_rep4	False	False	40	0	0	False
Mertk	MERTK	ENSG00000153208.12	ENST00000295408.4	112656055	+	Un1Cas12f1_TTTR	HEAL;SminiCRa	10K_rep1	True	True	0	0	0	False
Mertk	MERTK	ENSG00000153208.12	ENST00000295408.4	112656055	+	Un1Cas12f1_TTTR	HEAL;SminiCRa	31K_rep2	True	True	0	0	0	False
Mertk	MERTK	ENSG00000153208.12	ENST00000295408.4	112656055	+	Un1Cas12f1_TTTR	HEAL;SminiCRa	100K_rep3	True	True	0	0	0	False
Mertk	MERTK	ENSG00000153208.12	ENST00000295408.4	112656055	+	Un1Cas12f1_TTTR	HEAL;SminiCRa	100K2_rep4	True	True	0	0	0	False
Mertk	MERTK	ENSG00000153208.12	ENST00000295408.4	112656055	+	SaCas9_NNGRRT	SaCas9_CRISPRa	10K_rep1	True	True	5	5	5	True
Mertk	MERTK	ENSG00000153208.12	ENST00000295408.4	112656055	+	SaCas9_NNGRRT	SaCas9_CRISPRa	31K_rep2	True	True	5	5	5	True
Mertk	MERTK	ENSG00000153208.12	ENST00000295408.4	112656055	+	SaCas9_NNGRRT	SaCas9_CRISPRa	100K_rep3	True	True	5	5	5	True
Mertk	MERTK	ENSG00000153208.12	ENST00000295408.4	112656055	+	SaCas9_NNGRRT	SaCas9_CRISPRa	100K2_rep4	True	True	5	5	5	True
Mertk	MERTK	ENSG00000153208.12	ENST00000295408.4	112656055	+	SpCas9_NGG	SpCas9_CRISPRa	10K_rep1	True	True	43	43	43	True
Mertk	MERTK	ENSG00000153208.12	ENST00000295408.4	112656055	+	SpCas9_NGG	SpCas9_CRISPRa	31K_rep2	True	True	43	43	43	True
Mertk	MERTK	ENSG00000153208.12	ENST00000295408.4	112656055	+	SpCas9_NGG	SpCas9_CRISPRa	100K_rep3	True	True	43	43	43	True
Mertk	MERTK	ENSG00000153208.12	ENST00000295408.4	112656055	+	SpCas9_NGG	SpCas9_CRISPRa	100K2_rep4	True	True	43	43	43	True
Mertk	MERTK	ENSG00000153208.12	ENST00000295408.4	112656055	+	CjCas9_NNNVRYM	MiniCAFE	10K_rep1	True	True	26	26	26	True
Mertk	MERTK	ENSG00000153208.12	ENST00000295408.4	112656055	+	CjCas9_NNNVRYM	MiniCAFE	31K_rep2	True	True	26	26	26	True
Mertk	MERTK	ENSG00000153208.12	ENST00000295408.4	112656055	+	CjCas9_NNNVRYM	MiniCAFE	100K_rep3	True	True	26	26	26	True
Mertk	MERTK	ENSG00000153208.12	ENST00000295408.4	112656055	+	CjCas9_NNNVRYM	MiniCAFE	100K2_rep4	True	True	26	26	26	True
Mertk	MERTK	ENSG00000153208.12	ENST00000295408.4	112656055	+	Nme2Cas9_NNNNCC	proposed_dNme2Cas9_activator	10K_rep1	True	True	47	47	47	True
Mertk	MERTK	ENSG00000153208.12	ENST00000295408.4	112656055	+	Nme2Cas9_NNNNCC	proposed_dNme2Cas9_activator	31K_rep2	True	True	47	47	47	True
Mertk	MERTK	ENSG00000153208.12	ENST00000295408.4	112656055	+	Nme2Cas9_NNNNCC	proposed_dNme2Cas9_activator	100K_rep3	True	True	47	47	47	True
Mertk	MERTK	ENSG00000153208.12	ENST00000295408.4	112656055	+	Nme2Cas9_NNNNCC	proposed_dNme2Cas9_activator	100K2_rep4	True	True	47	47	47	True
Mrc1	MRC1	ENSG00000120586.4	ENST00000239761.3	18098351	+	Un1Cas12f1_TTTR	HEAL;SminiCRa	10K_rep1	False	False	2	0	0	False
Mrc1	MRC1	ENSG00000120586.4	ENST00000239761.3	18098351	+	Un1Cas12f1_TTTR	HEAL;SminiCRa	31K_rep2	False	False	2	0	0	False
Mrc1	MRC1	ENSG00000120586.4	ENST00000239761.3	18098351	+	Un1Cas12f1_TTTR	HEAL;SminiCRa	100K_rep3	False	False	2	0	0	False
Mrc1	MRC1	ENSG00000120586.4	ENST00000239761.3	18098351	+	Un1Cas12f1_TTTR	HEAL;SminiCRa	100K2_rep4	False	False	2	0	0	False
Mrc1	MRC1	ENSG00000120586.4	ENST00000239761.3	18098351	+	SaCas9_NNGRRT	SaCas9_CRISPRa	10K_rep1	False	False	8	0	0	False
Mrc1	MRC1	ENSG00000120586.4	ENST00000239761.3	18098351	+	SaCas9_NNGRRT	SaCas9_CRISPRa	31K_rep2	False	False	8	0	0	False
Mrc1	MRC1	ENSG00000120586.4	ENST00000239761.3	18098351	+	SaCas9_NNGRRT	SaCas9_CRISPRa	100K_rep3	False	False	8	0	0	False
Mrc1	MRC1	ENSG00000120586.4	ENST00000239761.3	18098351	+	SaCas9_NNGRRT	SaCas9_CRISPRa	100K2_rep4	False	False	8	0	0	False
Mrc1	MRC1	ENSG00000120586.4	ENST00000239761.3	18098351	+	SpCas9_NGG	SpCas9_CRISPRa	10K_rep1	False	False	52	0	0	False
Mrc1	MRC1	ENSG00000120586.4	ENST00000239761.3	18098351	+	SpCas9_NGG	SpCas9_CRISPRa	31K_rep2	False	False	52	0	0	False
Mrc1	MRC1	ENSG00000120586.4	ENST00000239761.3	18098351	+	SpCas9_NGG	SpCas9_CRISPRa	100K_rep3	False	False	52	0	0	False
Mrc1	MRC1	ENSG00000120586.4	ENST00000239761.3	18098351	+	SpCas9_NGG	SpCas9_CRISPRa	100K2_rep4	False	False	52	0	0	False
Mrc1	MRC1	ENSG00000120586.4	ENST00000239761.3	18098351	+	CjCas9_NNNVRYM	MiniCAFE	10K_rep1	False	False	41	0	0	False
Mrc1	MRC1	ENSG00000120586.4	ENST00000239761.3	18098351	+	CjCas9_NNNVRYM	MiniCAFE	31K_rep2	False	False	41	0	0	False
Mrc1	MRC1	ENSG00000120586.4	ENST00000239761.3	18098351	+	CjCas9_NNNVRYM	MiniCAFE	100K_rep3	False	False	41	0	0	False
Mrc1	MRC1	ENSG00000120586.4	ENST00000239761.3	18098351	+	CjCas9_NNNVRYM	MiniCAFE	100K2_rep4	False	False	41	0	0	False
Mrc1	MRC1	ENSG00000120586.4	ENST00000239761.3	18098351	+	Nme2Cas9_NNNNCC	proposed_dNme2Cas9_activator	10K_rep1	False	False	49	0	0	False
Mrc1	MRC1	ENSG00000120586.4	ENST00000239761.3	18098351	+	Nme2Cas9_NNNNCC	proposed_dNme2Cas9_activator	31K_rep2	False	False	49	0	0	False
Mrc1	MRC1	ENSG00000120586.4	ENST00000239761.3	18098351	+	Nme2Cas9_NNNNCC	proposed_dNme2Cas9_activator	100K_rep3	False	False	49	0	0	False
Mrc1	MRC1	ENSG00000120586.4	ENST00000239761.3	18098351	+	Nme2Cas9_NNNNCC	proposed_dNme2Cas9_activator	100K2_rep4	False	False	49	0	0	False
Nfkb1	NFKB1	ENSG00000109320.7	ENST00000226574.4	103422485	+	Un1Cas12f1_TTTR	HEAL;SminiCRa	10K_rep1	True	True	0	0	0	False
Nfkb1	NFKB1	ENSG00000109320.7	ENST00000226574.4	103422485	+	Un1Cas12f1_TTTR	HEAL;SminiCRa	31K_rep2	True	True	0	0	0	False
Nfkb1	NFKB1	ENSG00000109320.7	ENST00000226574.4	103422485	+	Un1Cas12f1_TTTR	HEAL;SminiCRa	100K_rep3	True	True	0	0	0	False
Nfkb1	NFKB1	ENSG00000109320.7	ENST00000226574.4	103422485	+	Un1Cas12f1_TTTR	HEAL;SminiCRa	100K2_rep4	True	True	0	0	0	False
Nfkb1	NFKB1	ENSG00000109320.7	ENST00000226574.4	103422485	+	SaCas9_NNGRRT	SaCas9_CRISPRa	10K_rep1	True	True	2	0	0	False
Nfkb1	NFKB1	ENSG00000109320.7	ENST00000226574.4	103422485	+	SaCas9_NNGRRT	SaCas9_CRISPRa	31K_rep2	True	True	2	0	0	False
Nfkb1	NFKB1	ENSG00000109320.7	ENST00000226574.4	103422485	+	SaCas9_NNGRRT	SaCas9_CRISPRa	100K_rep3	True	True	2	2	2	True
Nfkb1	NFKB1	ENSG00000109320.7	ENST00000226574.4	103422485	+	SaCas9_NNGRRT	SaCas9_CRISPRa	100K2_rep4	True	True	2	2	2	True
Nfkb1	NFKB1	ENSG00000109320.7	ENST00000226574.4	103422485	+	SpCas9_NGG	SpCas9_CRISPRa	10K_rep1	True	True	32	3	3	True
Nfkb1	NFKB1	ENSG00000109320.7	ENST00000226574.4	103422485	+	SpCas9_NGG	SpCas9_CRISPRa	31K_rep2	True	True	32	3	3	True
Nfkb1	NFKB1	ENSG00000109320.7	ENST00000226574.4	103422485	+	SpCas9_NGG	SpCas9_CRISPRa	100K_rep3	True	True	32	19	26	True
Nfkb1	NFKB1	ENSG00000109320.7	ENST00000226574.4	103422485	+	SpCas9_NGG	SpCas9_CRISPRa	100K2_rep4	True	True	32	29	30	True
Nfkb1	NFKB1	ENSG00000109320.7	ENST00000226574.4	103422485	+	CjCas9_NNNVRYM	MiniCAFE	10K_rep1	True	True	20	3	3	True
Nfkb1	NFKB1	ENSG00000109320.7	ENST00000226574.4	103422485	+	CjCas9_NNNVRYM	MiniCAFE	31K_rep2	True	True	20	3	3	True
Nfkb1	NFKB1	ENSG00000109320.7	ENST00000226574.4	103422485	+	CjCas9_NNNVRYM	MiniCAFE	100K_rep3	True	True	20	10	14	True
Nfkb1	NFKB1	ENSG00000109320.7	ENST00000226574.4	103422485	+	CjCas9_NNNVRYM	MiniCAFE	100K2_rep4	True	True	20	15	15	True
Nfkb1	NFKB1	ENSG00000109320.7	ENST00000226574.4	103422485	+	Nme2Cas9_NNNNCC	proposed_dNme2Cas9_activator	10K_rep1	True	True	17	3	3	True
Nfkb1	NFKB1	ENSG00000109320.7	ENST00000226574.4	103422485	+	Nme2Cas9_NNNNCC	proposed_dNme2Cas9_activator	31K_rep2	True	True	17	3	3	True
Nfkb1	NFKB1	ENSG00000109320.7	ENST00000226574.4	103422485	+	Nme2Cas9_NNNNCC	proposed_dNme2Cas9_activator	100K_rep3	True	True	17	8	11	True
Nfkb1	NFKB1	ENSG00000109320.7	ENST00000226574.4	103422485	+	Nme2Cas9_NNNNCC	proposed_dNme2Cas9_activator	100K2_rep4	True	True	17	11	11	True
Nr1h3	NR1H3	ENSG00000025434.14	ENST00000467728.1	47279529	+	Un1Cas12f1_TTTR	HEAL;SminiCRa	10K_rep1	False	True	2	0	0	False
Nr1h3	NR1H3	ENSG00000025434.14	ENST00000467728.1	47279529	+	Un1Cas12f1_TTTR	HEAL;SminiCRa	31K_rep2	False	True	2	0	0	False
Nr1h3	NR1H3	ENSG00000025434.14	ENST00000467728.1	47279529	+	Un1Cas12f1_TTTR	HEAL;SminiCRa	100K_rep3	False	True	2	0	0	False
Nr1h3	NR1H3	ENSG00000025434.14	ENST00000467728.1	47279529	+	Un1Cas12f1_TTTR	HEAL;SminiCRa	100K2_rep4	False	True	2	0	0	False
Nr1h3	NR1H3	ENSG00000025434.14	ENST00000467728.1	47279529	+	SaCas9_NNGRRT	SaCas9_CRISPRa	10K_rep1	False	True	8	1	1	True
Nr1h3	NR1H3	ENSG00000025434.14	ENST00000467728.1	47279529	+	SaCas9_NNGRRT	SaCas9_CRISPRa	31K_rep2	False	True	8	1	1	True
Nr1h3	NR1H3	ENSG00000025434.14	ENST00000467728.1	47279529	+	SaCas9_NNGRRT	SaCas9_CRISPRa	100K_rep3	False	True	8	0	1	False
Nr1h3	NR1H3	ENSG00000025434.14	ENST00000467728.1	47279529	+	SaCas9_NNGRRT	SaCas9_CRISPRa	100K2_rep4	False	True	8	1	1	True
Nr1h3	NR1H3	ENSG00000025434.14	ENST00000467728.1	47279529	+	SpCas9_NGG	SpCas9_CRISPRa	10K_rep1	False	True	64	14	14	True
Nr1h3	NR1H3	ENSG00000025434.14	ENST00000467728.1	47279529	+	SpCas9_NGG	SpCas9_CRISPRa	31K_rep2	False	True	64	14	14	True
Nr1h3	NR1H3	ENSG00000025434.14	ENST00000467728.1	47279529	+	SpCas9_NGG	SpCas9_CRISPRa	100K_rep3	False	True	64	6	14	True
Nr1h3	NR1H3	ENSG00000025434.14	ENST00000467728.1	47279529	+	SpCas9_NGG	SpCas9_CRISPRa	100K2_rep4	False	True	64	14	14	True
Nr1h3	NR1H3	ENSG00000025434.14	ENST00000467728.1	47279529	+	CjCas9_NNNVRYM	MiniCAFE	10K_rep1	False	True	28	4	5	True
Nr1h3	NR1H3	ENSG00000025434.14	ENST00000467728.1	47279529	+	CjCas9_NNNVRYM	MiniCAFE	31K_rep2	False	True	28	4	5	True
Nr1h3	NR1H3	ENSG00000025434.14	ENST00000467728.1	47279529	+	CjCas9_NNNVRYM	MiniCAFE	100K_rep3	False	True	28	4	4	True
Nr1h3	NR1H3	ENSG00000025434.14	ENST00000467728.1	47279529	+	CjCas9_NNNVRYM	MiniCAFE	100K2_rep4	False	True	28	5	5	True
Nr1h3	NR1H3	ENSG00000025434.14	ENST00000467728.1	47279529	+	Nme2Cas9_NNNNCC	proposed_dNme2Cas9_activator	10K_rep1	False	True	54	7	12	True
Nr1h3	NR1H3	ENSG00000025434.14	ENST00000467728.1	47279529	+	Nme2Cas9_NNNNCC	proposed_dNme2Cas9_activator	31K_rep2	False	True	54	7	12	True
Nr1h3	NR1H3	ENSG00000025434.14	ENST00000467728.1	47279529	+	Nme2Cas9_NNNNCC	proposed_dNme2Cas9_activator	100K_rep3	False	True	54	6	8	True
Nr1h3	NR1H3	ENSG00000025434.14	ENST00000467728.1	47279529	+	Nme2Cas9_NNNNCC	proposed_dNme2Cas9_activator	100K2_rep4	False	True	54	12	12	True
P2ry12	P2RY12	ENSG00000169313.9	ENST00000302632.3	151102599	-	Un1Cas12f1_TTTR	HEAL;SminiCRa	10K_rep1	False	True	10	3	4	True
P2ry12	P2RY12	ENSG00000169313.9	ENST00000302632.3	151102599	-	Un1Cas12f1_TTTR	HEAL;SminiCRa	31K_rep2	False	True	10	4	4	True
P2ry12	P2RY12	ENSG00000169313.9	ENST00000302632.3	151102599	-	Un1Cas12f1_TTTR	HEAL;SminiCRa	100K_rep3	False	True	10	4	4	True
P2ry12	P2RY12	ENSG00000169313.9	ENST00000302632.3	151102599	-	Un1Cas12f1_TTTR	HEAL;SminiCRa	100K2_rep4	False	True	10	4	5	True
P2ry12	P2RY12	ENSG00000169313.9	ENST00000302632.3	151102599	-	SaCas9_NNGRRT	SaCas9_CRISPRa	10K_rep1	False	True	2	1	1	True
P2ry12	P2RY12	ENSG00000169313.9	ENST00000302632.3	151102599	-	SaCas9_NNGRRT	SaCas9_CRISPRa	31K_rep2	False	True	2	1	1	True
P2ry12	P2RY12	ENSG00000169313.9	ENST00000302632.3	151102599	-	SaCas9_NNGRRT	SaCas9_CRISPRa	100K_rep3	False	True	2	1	1	True
P2ry12	P2RY12	ENSG00000169313.9	ENST00000302632.3	151102599	-	SaCas9_NNGRRT	SaCas9_CRISPRa	100K2_rep4	False	True	2	1	1	True
P2ry12	P2RY12	ENSG00000169313.9	ENST00000302632.3	151102599	-	SpCas9_NGG	SpCas9_CRISPRa	10K_rep1	False	True	18	6	7	True
P2ry12	P2RY12	ENSG00000169313.9	ENST00000302632.3	151102599	-	SpCas9_NGG	SpCas9_CRISPRa	31K_rep2	False	True	18	10	10	True
P2ry12	P2RY12	ENSG00000169313.9	ENST00000302632.3	151102599	-	SpCas9_NGG	SpCas9_CRISPRa	100K_rep3	False	True	18	8	10	True
P2ry12	P2RY12	ENSG00000169313.9	ENST00000302632.3	151102599	-	SpCas9_NGG	SpCas9_CRISPRa	100K2_rep4	False	True	18	10	10	True
P2ry12	P2RY12	ENSG00000169313.9	ENST00000302632.3	151102599	-	CjCas9_NNNVRYM	MiniCAFE	10K_rep1	False	True	35	8	9	True
P2ry12	P2RY12	ENSG00000169313.9	ENST00000302632.3	151102599	-	CjCas9_NNNVRYM	MiniCAFE	31K_rep2	False	True	35	9	10	True
P2ry12	P2RY12	ENSG00000169313.9	ENST00000302632.3	151102599	-	CjCas9_NNNVRYM	MiniCAFE	100K_rep3	False	True	35	8	10	True
P2ry12	P2RY12	ENSG00000169313.9	ENST00000302632.3	151102599	-	CjCas9_NNNVRYM	MiniCAFE	100K2_rep4	False	True	35	10	11	True
P2ry12	P2RY12	ENSG00000169313.9	ENST00000302632.3	151102599	-	Nme2Cas9_NNNNCC	proposed_dNme2Cas9_activator	10K_rep1	False	True	16	5	10	True
P2ry12	P2RY12	ENSG00000169313.9	ENST00000302632.3	151102599	-	Nme2Cas9_NNNNCC	proposed_dNme2Cas9_activator	31K_rep2	False	True	16	10	10	True
P2ry12	P2RY12	ENSG00000169313.9	ENST00000302632.3	151102599	-	Nme2Cas9_NNNNCC	proposed_dNme2Cas9_activator	100K_rep3	False	True	16	10	10	True
P2ry12	P2RY12	ENSG00000169313.9	ENST00000302632.3	151102599	-	Nme2Cas9_NNNNCC	proposed_dNme2Cas9_activator	100K2_rep4	False	True	16	10	10	True
Pparg	PPARG	ENSG00000132170.15	ENST00000397010.2	12328866	+	Un1Cas12f1_TTTR	HEAL;SminiCRa	10K_rep1	False	False	2	0	0	False
Pparg	PPARG	ENSG00000132170.15	ENST00000397010.2	12328866	+	Un1Cas12f1_TTTR	HEAL;SminiCRa	31K_rep2	False	False	2	0	0	False
Pparg	PPARG	ENSG00000132170.15	ENST00000397010.2	12328866	+	Un1Cas12f1_TTTR	HEAL;SminiCRa	100K_rep3	False	False	2	0	0	False
Pparg	PPARG	ENSG00000132170.15	ENST00000397010.2	12328866	+	Un1Cas12f1_TTTR	HEAL;SminiCRa	100K2_rep4	False	False	2	0	0	False
Pparg	PPARG	ENSG00000132170.15	ENST00000397010.2	12328866	+	SaCas9_NNGRRT	SaCas9_CRISPRa	10K_rep1	False	False	7	0	0	False
Pparg	PPARG	ENSG00000132170.15	ENST00000397010.2	12328866	+	SaCas9_NNGRRT	SaCas9_CRISPRa	31K_rep2	False	False	7	0	0	False
Pparg	PPARG	ENSG00000132170.15	ENST00000397010.2	12328866	+	SaCas9_NNGRRT	SaCas9_CRISPRa	100K_rep3	False	False	7	0	0	False
Pparg	PPARG	ENSG00000132170.15	ENST00000397010.2	12328866	+	SaCas9_NNGRRT	SaCas9_CRISPRa	100K2_rep4	False	False	7	0	0	False
Pparg	PPARG	ENSG00000132170.15	ENST00000397010.2	12328866	+	SpCas9_NGG	SpCas9_CRISPRa	10K_rep1	False	False	45	0	0	False
Pparg	PPARG	ENSG00000132170.15	ENST00000397010.2	12328866	+	SpCas9_NGG	SpCas9_CRISPRa	31K_rep2	False	False	45	0	0	False
Pparg	PPARG	ENSG00000132170.15	ENST00000397010.2	12328866	+	SpCas9_NGG	SpCas9_CRISPRa	100K_rep3	False	False	45	0	0	False
Pparg	PPARG	ENSG00000132170.15	ENST00000397010.2	12328866	+	SpCas9_NGG	SpCas9_CRISPRa	100K2_rep4	False	False	45	0	0	False
Pparg	PPARG	ENSG00000132170.15	ENST00000397010.2	12328866	+	CjCas9_NNNVRYM	MiniCAFE	10K_rep1	False	False	35	0	0	False
Pparg	PPARG	ENSG00000132170.15	ENST00000397010.2	12328866	+	CjCas9_NNNVRYM	MiniCAFE	31K_rep2	False	False	35	0	0	False
Pparg	PPARG	ENSG00000132170.15	ENST00000397010.2	12328866	+	CjCas9_NNNVRYM	MiniCAFE	100K_rep3	False	False	35	0	0	False
Pparg	PPARG	ENSG00000132170.15	ENST00000397010.2	12328866	+	CjCas9_NNNVRYM	MiniCAFE	100K2_rep4	False	False	35	0	0	False
Pparg	PPARG	ENSG00000132170.15	ENST00000397010.2	12328866	+	Nme2Cas9_NNNNCC	proposed_dNme2Cas9_activator	10K_rep1	False	False	37	0	0	False
Pparg	PPARG	ENSG00000132170.15	ENST00000397010.2	12328866	+	Nme2Cas9_NNNNCC	proposed_dNme2Cas9_activator	31K_rep2	False	False	37	0	0	False
Pparg	PPARG	ENSG00000132170.15	ENST00000397010.2	12328866	+	Nme2Cas9_NNNNCC	proposed_dNme2Cas9_activator	100K_rep3	False	False	37	0	0	False
Pparg	PPARG	ENSG00000132170.15	ENST00000397010.2	12328866	+	Nme2Cas9_NNNNCC	proposed_dNme2Cas9_activator	100K2_rep4	False	False	37	0	0	False
Sall1	SALL1	ENSG00000103449.7	ENST00000251020.4	51185185	-	Un1Cas12f1_TTTR	HEAL;SminiCRa	10K_rep1	False	False	3	0	0	False
Sall1	SALL1	ENSG00000103449.7	ENST00000251020.4	51185185	-	Un1Cas12f1_TTTR	HEAL;SminiCRa	31K_rep2	False	False	3	0	0	False
Sall1	SALL1	ENSG00000103449.7	ENST00000251020.4	51185185	-	Un1Cas12f1_TTTR	HEAL;SminiCRa	100K_rep3	False	False	3	0	0	False
Sall1	SALL1	ENSG00000103449.7	ENST00000251020.4	51185185	-	Un1Cas12f1_TTTR	HEAL;SminiCRa	100K2_rep4	False	False	3	0	0	False
Sall1	SALL1	ENSG00000103449.7	ENST00000251020.4	51185185	-	SaCas9_NNGRRT	SaCas9_CRISPRa	10K_rep1	False	False	2	0	0	False
Sall1	SALL1	ENSG00000103449.7	ENST00000251020.4	51185185	-	SaCas9_NNGRRT	SaCas9_CRISPRa	31K_rep2	False	False	2	0	0	False
Sall1	SALL1	ENSG00000103449.7	ENST00000251020.4	51185185	-	SaCas9_NNGRRT	SaCas9_CRISPRa	100K_rep3	False	False	2	0	0	False
Sall1	SALL1	ENSG00000103449.7	ENST00000251020.4	51185185	-	SaCas9_NNGRRT	SaCas9_CRISPRa	100K2_rep4	False	False	2	0	0	False
Sall1	SALL1	ENSG00000103449.7	ENST00000251020.4	51185185	-	SpCas9_NGG	SpCas9_CRISPRa	10K_rep1	False	False	24	0	0	False
Sall1	SALL1	ENSG00000103449.7	ENST00000251020.4	51185185	-	SpCas9_NGG	SpCas9_CRISPRa	31K_rep2	False	False	24	0	0	False
Sall1	SALL1	ENSG00000103449.7	ENST00000251020.4	51185185	-	SpCas9_NGG	SpCas9_CRISPRa	100K_rep3	False	False	24	0	0	False
Sall1	SALL1	ENSG00000103449.7	ENST00000251020.4	51185185	-	SpCas9_NGG	SpCas9_CRISPRa	100K2_rep4	False	False	24	0	0	False
Sall1	SALL1	ENSG00000103449.7	ENST00000251020.4	51185185	-	CjCas9_NNNVRYM	MiniCAFE	10K_rep1	False	False	23	0	0	False
Sall1	SALL1	ENSG00000103449.7	ENST00000251020.4	51185185	-	CjCas9_NNNVRYM	MiniCAFE	31K_rep2	False	False	23	0	0	False
Sall1	SALL1	ENSG00000103449.7	ENST00000251020.4	51185185	-	CjCas9_NNNVRYM	MiniCAFE	100K_rep3	False	False	23	0	0	False
Sall1	SALL1	ENSG00000103449.7	ENST00000251020.4	51185185	-	CjCas9_NNNVRYM	MiniCAFE	100K2_rep4	False	False	23	0	0	False
Sall1	SALL1	ENSG00000103449.7	ENST00000251020.4	51185185	-	Nme2Cas9_NNNNCC	proposed_dNme2Cas9_activator	10K_rep1	False	False	23	0	0	False
Sall1	SALL1	ENSG00000103449.7	ENST00000251020.4	51185185	-	Nme2Cas9_NNNNCC	proposed_dNme2Cas9_activator	31K_rep2	False	False	23	0	0	False
Sall1	SALL1	ENSG00000103449.7	ENST00000251020.4	51185185	-	Nme2Cas9_NNNNCC	proposed_dNme2Cas9_activator	100K_rep3	False	False	23	0	0	False
Sall1	SALL1	ENSG00000103449.7	ENST00000251020.4	51185185	-	Nme2Cas9_NNNNCC	proposed_dNme2Cas9_activator	100K2_rep4	False	False	23	0	0	False
Spi1	SPI1	ENSG00000066336.7	ENST00000378538.3	47400126	-	Un1Cas12f1_TTTR	HEAL;SminiCRa	10K_rep1	True	True	4	4	4	True
Spi1	SPI1	ENSG00000066336.7	ENST00000378538.3	47400126	-	Un1Cas12f1_TTTR	HEAL;SminiCRa	31K_rep2	False	True	4	0	1	False
Spi1	SPI1	ENSG00000066336.7	ENST00000378538.3	47400126	-	Un1Cas12f1_TTTR	HEAL;SminiCRa	100K_rep3	True	True	4	4	4	True
Spi1	SPI1	ENSG00000066336.7	ENST00000378538.3	47400126	-	Un1Cas12f1_TTTR	HEAL;SminiCRa	100K2_rep4	True	True	4	4	4	True
Spi1	SPI1	ENSG00000066336.7	ENST00000378538.3	47400126	-	SaCas9_NNGRRT	SaCas9_CRISPRa	10K_rep1	True	True	8	8	8	True
Spi1	SPI1	ENSG00000066336.7	ENST00000378538.3	47400126	-	SaCas9_NNGRRT	SaCas9_CRISPRa	31K_rep2	False	True	8	2	2	True
Spi1	SPI1	ENSG00000066336.7	ENST00000378538.3	47400126	-	SaCas9_NNGRRT	SaCas9_CRISPRa	100K_rep3	True	True	8	8	8	True
Spi1	SPI1	ENSG00000066336.7	ENST00000378538.3	47400126	-	SaCas9_NNGRRT	SaCas9_CRISPRa	100K2_rep4	True	True	8	8	8	True
Spi1	SPI1	ENSG00000066336.7	ENST00000378538.3	47400126	-	SpCas9_NGG	SpCas9_CRISPRa	10K_rep1	True	True	67	66	67	True
Spi1	SPI1	ENSG00000066336.7	ENST00000378538.3	47400126	-	SpCas9_NGG	SpCas9_CRISPRa	31K_rep2	False	True	67	23	27	True
Spi1	SPI1	ENSG00000066336.7	ENST00000378538.3	47400126	-	SpCas9_NGG	SpCas9_CRISPRa	100K_rep3	True	True	67	67	67	True
Spi1	SPI1	ENSG00000066336.7	ENST00000378538.3	47400126	-	SpCas9_NGG	SpCas9_CRISPRa	100K2_rep4	True	True	67	63	67	True
Spi1	SPI1	ENSG00000066336.7	ENST00000378538.3	47400126	-	CjCas9_NNNVRYM	MiniCAFE	10K_rep1	True	True	45	42	45	True
Spi1	SPI1	ENSG00000066336.7	ENST00000378538.3	47400126	-	CjCas9_NNNVRYM	MiniCAFE	31K_rep2	False	True	45	13	13	True
Spi1	SPI1	ENSG00000066336.7	ENST00000378538.3	47400126	-	CjCas9_NNNVRYM	MiniCAFE	100K_rep3	True	True	45	45	45	True
Spi1	SPI1	ENSG00000066336.7	ENST00000378538.3	47400126	-	CjCas9_NNNVRYM	MiniCAFE	100K2_rep4	True	True	45	40	45	True
Spi1	SPI1	ENSG00000066336.7	ENST00000378538.3	47400126	-	Nme2Cas9_NNNNCC	proposed_dNme2Cas9_activator	10K_rep1	True	True	59	56	59	True
Spi1	SPI1	ENSG00000066336.7	ENST00000378538.3	47400126	-	Nme2Cas9_NNNNCC	proposed_dNme2Cas9_activator	31K_rep2	False	True	59	12	14	True
Spi1	SPI1	ENSG00000066336.7	ENST00000378538.3	47400126	-	Nme2Cas9_NNNNCC	proposed_dNme2Cas9_activator	100K_rep3	True	True	59	59	59	True
Spi1	SPI1	ENSG00000066336.7	ENST00000378538.3	47400126	-	Nme2Cas9_NNNNCC	proposed_dNme2Cas9_activator	100K2_rep4	True	True	59	54	59	True
Sqstm1	SQSTM1	ENSG00000161011.15	ENST00000389805.4	179247758	+	Un1Cas12f1_TTTR	HEAL;SminiCRa	10K_rep1	False	False	0	0	0	False
Sqstm1	SQSTM1	ENSG00000161011.15	ENST00000389805.4	179247758	+	Un1Cas12f1_TTTR	HEAL;SminiCRa	31K_rep2	False	True	0	0	0	False
Sqstm1	SQSTM1	ENSG00000161011.15	ENST00000389805.4	179247758	+	Un1Cas12f1_TTTR	HEAL;SminiCRa	100K_rep3	False	False	0	0	0	False
Sqstm1	SQSTM1	ENSG00000161011.15	ENST00000389805.4	179247758	+	Un1Cas12f1_TTTR	HEAL;SminiCRa	100K2_rep4	False	False	0	0	0	False
Sqstm1	SQSTM1	ENSG00000161011.15	ENST00000389805.4	179247758	+	SaCas9_NNGRRT	SaCas9_CRISPRa	10K_rep1	False	False	5	0	0	False
Sqstm1	SQSTM1	ENSG00000161011.15	ENST00000389805.4	179247758	+	SaCas9_NNGRRT	SaCas9_CRISPRa	31K_rep2	False	True	5	0	1	False
Sqstm1	SQSTM1	ENSG00000161011.15	ENST00000389805.4	179247758	+	SaCas9_NNGRRT	SaCas9_CRISPRa	100K_rep3	False	False	5	0	0	False
Sqstm1	SQSTM1	ENSG00000161011.15	ENST00000389805.4	179247758	+	SaCas9_NNGRRT	SaCas9_CRISPRa	100K2_rep4	False	False	5	0	0	False
Sqstm1	SQSTM1	ENSG00000161011.15	ENST00000389805.4	179247758	+	SpCas9_NGG	SpCas9_CRISPRa	10K_rep1	False	False	66	0	0	False
Sqstm1	SQSTM1	ENSG00000161011.15	ENST00000389805.4	179247758	+	SpCas9_NGG	SpCas9_CRISPRa	31K_rep2	False	True	66	0	3	False
Sqstm1	SQSTM1	ENSG00000161011.15	ENST00000389805.4	179247758	+	SpCas9_NGG	SpCas9_CRISPRa	100K_rep3	False	False	66	0	0	False
Sqstm1	SQSTM1	ENSG00000161011.15	ENST00000389805.4	179247758	+	SpCas9_NGG	SpCas9_CRISPRa	100K2_rep4	False	False	66	0	0	False
Sqstm1	SQSTM1	ENSG00000161011.15	ENST00000389805.4	179247758	+	CjCas9_NNNVRYM	MiniCAFE	10K_rep1	False	False	42	0	0	False
Sqstm1	SQSTM1	ENSG00000161011.15	ENST00000389805.4	179247758	+	CjCas9_NNNVRYM	MiniCAFE	31K_rep2	False	True	42	0	0	False
Sqstm1	SQSTM1	ENSG00000161011.15	ENST00000389805.4	179247758	+	CjCas9_NNNVRYM	MiniCAFE	100K_rep3	False	False	42	0	0	False
Sqstm1	SQSTM1	ENSG00000161011.15	ENST00000389805.4	179247758	+	CjCas9_NNNVRYM	MiniCAFE	100K2_rep4	False	False	42	0	0	False
Sqstm1	SQSTM1	ENSG00000161011.15	ENST00000389805.4	179247758	+	Nme2Cas9_NNNNCC	proposed_dNme2Cas9_activator	10K_rep1	False	False	42	0	0	False
Sqstm1	SQSTM1	ENSG00000161011.15	ENST00000389805.4	179247758	+	Nme2Cas9_NNNNCC	proposed_dNme2Cas9_activator	31K_rep2	False	True	42	0	1	False
Sqstm1	SQSTM1	ENSG00000161011.15	ENST00000389805.4	179247758	+	Nme2Cas9_NNNNCC	proposed_dNme2Cas9_activator	100K_rep3	False	False	42	0	0	False
Sqstm1	SQSTM1	ENSG00000161011.15	ENST00000389805.4	179247758	+	Nme2Cas9_NNNNCC	proposed_dNme2Cas9_activator	100K2_rep4	False	False	42	0	0	False
Tet2	TET2	ENSG00000168769.8	ENST00000540549.1	106067449	+	Un1Cas12f1_TTTR	HEAL;SminiCRa	10K_rep1	False	True	4	0	0	False
Tet2	TET2	ENSG00000168769.8	ENST00000540549.1	106067449	+	Un1Cas12f1_TTTR	HEAL;SminiCRa	31K_rep2	False	False	4	0	0	False
Tet2	TET2	ENSG00000168769.8	ENST00000540549.1	106067449	+	Un1Cas12f1_TTTR	HEAL;SminiCRa	100K_rep3	False	False	4	0	0	False
Tet2	TET2	ENSG00000168769.8	ENST00000540549.1	106067449	+	Un1Cas12f1_TTTR	HEAL;SminiCRa	100K2_rep4	False	False	4	0	0	False
Tet2	TET2	ENSG00000168769.8	ENST00000540549.1	106067449	+	SaCas9_NNGRRT	SaCas9_CRISPRa	10K_rep1	False	True	5	0	1	False
Tet2	TET2	ENSG00000168769.8	ENST00000540549.1	106067449	+	SaCas9_NNGRRT	SaCas9_CRISPRa	31K_rep2	False	False	5	0	0	False
Tet2	TET2	ENSG00000168769.8	ENST00000540549.1	106067449	+	SaCas9_NNGRRT	SaCas9_CRISPRa	100K_rep3	False	False	5	0	0	False
Tet2	TET2	ENSG00000168769.8	ENST00000540549.1	106067449	+	SaCas9_NNGRRT	SaCas9_CRISPRa	100K2_rep4	False	False	5	0	0	False
Tet2	TET2	ENSG00000168769.8	ENST00000540549.1	106067449	+	SpCas9_NGG	SpCas9_CRISPRa	10K_rep1	False	True	45	4	9	True
Tet2	TET2	ENSG00000168769.8	ENST00000540549.1	106067449	+	SpCas9_NGG	SpCas9_CRISPRa	31K_rep2	False	False	45	0	0	False
Tet2	TET2	ENSG00000168769.8	ENST00000540549.1	106067449	+	SpCas9_NGG	SpCas9_CRISPRa	100K_rep3	False	False	45	0	0	False
Tet2	TET2	ENSG00000168769.8	ENST00000540549.1	106067449	+	SpCas9_NGG	SpCas9_CRISPRa	100K2_rep4	False	False	45	0	0	False
Tet2	TET2	ENSG00000168769.8	ENST00000540549.1	106067449	+	CjCas9_NNNVRYM	MiniCAFE	10K_rep1	False	True	26	4	5	True
Tet2	TET2	ENSG00000168769.8	ENST00000540549.1	106067449	+	CjCas9_NNNVRYM	MiniCAFE	31K_rep2	False	False	26	0	0	False
Tet2	TET2	ENSG00000168769.8	ENST00000540549.1	106067449	+	CjCas9_NNNVRYM	MiniCAFE	100K_rep3	False	False	26	0	0	False
Tet2	TET2	ENSG00000168769.8	ENST00000540549.1	106067449	+	CjCas9_NNNVRYM	MiniCAFE	100K2_rep4	False	False	26	0	0	False
Tet2	TET2	ENSG00000168769.8	ENST00000540549.1	106067449	+	Nme2Cas9_NNNNCC	proposed_dNme2Cas9_activator	10K_rep1	False	True	33	6	8	True
Tet2	TET2	ENSG00000168769.8	ENST00000540549.1	106067449	+	Nme2Cas9_NNNNCC	proposed_dNme2Cas9_activator	31K_rep2	False	False	33	0	0	False
Tet2	TET2	ENSG00000168769.8	ENST00000540549.1	106067449	+	Nme2Cas9_NNNNCC	proposed_dNme2Cas9_activator	100K_rep3	False	False	33	0	0	False
Tet2	TET2	ENSG00000168769.8	ENST00000540549.1	106067449	+	Nme2Cas9_NNNNCC	proposed_dNme2Cas9_activator	100K2_rep4	False	False	33	0	0	False
Tfe3	TFE3	ENSG00000068323.12	ENST00000315869.7	48901011	-	Un1Cas12f1_TTTR	HEAL;SminiCRa	10K_rep1	True	True	3	3	3	True
Tfe3	TFE3	ENSG00000068323.12	ENST00000315869.7	48901011	-	Un1Cas12f1_TTTR	HEAL;SminiCRa	31K_rep2	True	True	3	3	3	True
Tfe3	TFE3	ENSG00000068323.12	ENST00000315869.7	48901011	-	Un1Cas12f1_TTTR	HEAL;SminiCRa	100K_rep3	True	True	3	3	3	True
Tfe3	TFE3	ENSG00000068323.12	ENST00000315869.7	48901011	-	Un1Cas12f1_TTTR	HEAL;SminiCRa	100K2_rep4	True	True	3	3	3	True
Tfe3	TFE3	ENSG00000068323.12	ENST00000315869.7	48901011	-	SaCas9_NNGRRT	SaCas9_CRISPRa	10K_rep1	True	True	6	6	6	True
Tfe3	TFE3	ENSG00000068323.12	ENST00000315869.7	48901011	-	SaCas9_NNGRRT	SaCas9_CRISPRa	31K_rep2	True	True	6	6	6	True
Tfe3	TFE3	ENSG00000068323.12	ENST00000315869.7	48901011	-	SaCas9_NNGRRT	SaCas9_CRISPRa	100K_rep3	True	True	6	6	6	True
Tfe3	TFE3	ENSG00000068323.12	ENST00000315869.7	48901011	-	SaCas9_NNGRRT	SaCas9_CRISPRa	100K2_rep4	True	True	6	6	6	True
Tfe3	TFE3	ENSG00000068323.12	ENST00000315869.7	48901011	-	SpCas9_NGG	SpCas9_CRISPRa	10K_rep1	True	True	51	51	51	True
Tfe3	TFE3	ENSG00000068323.12	ENST00000315869.7	48901011	-	SpCas9_NGG	SpCas9_CRISPRa	31K_rep2	True	True	51	51	51	True
Tfe3	TFE3	ENSG00000068323.12	ENST00000315869.7	48901011	-	SpCas9_NGG	SpCas9_CRISPRa	100K_rep3	True	True	51	51	51	True
Tfe3	TFE3	ENSG00000068323.12	ENST00000315869.7	48901011	-	SpCas9_NGG	SpCas9_CRISPRa	100K2_rep4	True	True	51	51	51	True
Tfe3	TFE3	ENSG00000068323.12	ENST00000315869.7	48901011	-	CjCas9_NNNVRYM	MiniCAFE	10K_rep1	True	True	42	42	42	True
Tfe3	TFE3	ENSG00000068323.12	ENST00000315869.7	48901011	-	CjCas9_NNNVRYM	MiniCAFE	31K_rep2	True	True	42	42	42	True
Tfe3	TFE3	ENSG00000068323.12	ENST00000315869.7	48901011	-	CjCas9_NNNVRYM	MiniCAFE	100K_rep3	True	True	42	42	42	True
Tfe3	TFE3	ENSG00000068323.12	ENST00000315869.7	48901011	-	CjCas9_NNNVRYM	MiniCAFE	100K2_rep4	True	True	42	42	42	True
Tfe3	TFE3	ENSG00000068323.12	ENST00000315869.7	48901011	-	Nme2Cas9_NNNNCC	proposed_dNme2Cas9_activator	10K_rep1	True	True	43	43	43	True
Tfe3	TFE3	ENSG00000068323.12	ENST00000315869.7	48901011	-	Nme2Cas9_NNNNCC	proposed_dNme2Cas9_activator	31K_rep2	True	True	43	43	43	True
Tfe3	TFE3	ENSG00000068323.12	ENST00000315869.7	48901011	-	Nme2Cas9_NNNNCC	proposed_dNme2Cas9_activator	100K_rep3	True	True	43	43	43	True
Tfe3	TFE3	ENSG00000068323.12	ENST00000315869.7	48901011	-	Nme2Cas9_NNNNCC	proposed_dNme2Cas9_activator	100K2_rep4	True	True	43	43	43	True
Tfeb	TFEB	ENSG00000112561.13	ENST00000403298.4	41703996	-	Un1Cas12f1_TTTR	HEAL;SminiCRa	10K_rep1	False	False	4	0	0	False
Tfeb	TFEB	ENSG00000112561.13	ENST00000403298.4	41703996	-	Un1Cas12f1_TTTR	HEAL;SminiCRa	31K_rep2	False	False	4	0	0	False
Tfeb	TFEB	ENSG00000112561.13	ENST00000403298.4	41703996	-	Un1Cas12f1_TTTR	HEAL;SminiCRa	100K_rep3	False	False	4	0	0	False
Tfeb	TFEB	ENSG00000112561.13	ENST00000403298.4	41703996	-	Un1Cas12f1_TTTR	HEAL;SminiCRa	100K2_rep4	False	False	4	0	0	False
Tfeb	TFEB	ENSG00000112561.13	ENST00000403298.4	41703996	-	SaCas9_NNGRRT	SaCas9_CRISPRa	10K_rep1	False	False	9	0	0	False
Tfeb	TFEB	ENSG00000112561.13	ENST00000403298.4	41703996	-	SaCas9_NNGRRT	SaCas9_CRISPRa	31K_rep2	False	False	9	0	0	False
Tfeb	TFEB	ENSG00000112561.13	ENST00000403298.4	41703996	-	SaCas9_NNGRRT	SaCas9_CRISPRa	100K_rep3	False	False	9	0	0	False
Tfeb	TFEB	ENSG00000112561.13	ENST00000403298.4	41703996	-	SaCas9_NNGRRT	SaCas9_CRISPRa	100K2_rep4	False	False	9	0	0	False
Tfeb	TFEB	ENSG00000112561.13	ENST00000403298.4	41703996	-	SpCas9_NGG	SpCas9_CRISPRa	10K_rep1	False	False	60	0	0	False
Tfeb	TFEB	ENSG00000112561.13	ENST00000403298.4	41703996	-	SpCas9_NGG	SpCas9_CRISPRa	31K_rep2	False	False	60	0	0	False
Tfeb	TFEB	ENSG00000112561.13	ENST00000403298.4	41703996	-	SpCas9_NGG	SpCas9_CRISPRa	100K_rep3	False	False	60	0	0	False
Tfeb	TFEB	ENSG00000112561.13	ENST00000403298.4	41703996	-	SpCas9_NGG	SpCas9_CRISPRa	100K2_rep4	False	False	60	0	0	False
Tfeb	TFEB	ENSG00000112561.13	ENST00000403298.4	41703996	-	CjCas9_NNNVRYM	MiniCAFE	10K_rep1	False	False	43	0	0	False
Tfeb	TFEB	ENSG00000112561.13	ENST00000403298.4	41703996	-	CjCas9_NNNVRYM	MiniCAFE	31K_rep2	False	False	43	0	0	False
Tfeb	TFEB	ENSG00000112561.13	ENST00000403298.4	41703996	-	CjCas9_NNNVRYM	MiniCAFE	100K_rep3	False	False	43	0	0	False
Tfeb	TFEB	ENSG00000112561.13	ENST00000403298.4	41703996	-	CjCas9_NNNVRYM	MiniCAFE	100K2_rep4	False	False	43	0	0	False
Tfeb	TFEB	ENSG00000112561.13	ENST00000403298.4	41703996	-	Nme2Cas9_NNNNCC	proposed_dNme2Cas9_activator	10K_rep1	False	False	50	0	0	False
Tfeb	TFEB	ENSG00000112561.13	ENST00000403298.4	41703996	-	Nme2Cas9_NNNNCC	proposed_dNme2Cas9_activator	31K_rep2	False	False	50	0	0	False
Tfeb	TFEB	ENSG00000112561.13	ENST00000403298.4	41703996	-	Nme2Cas9_NNNNCC	proposed_dNme2Cas9_activator	100K_rep3	False	False	50	0	0	False
Tfeb	TFEB	ENSG00000112561.13	ENST00000403298.4	41703996	-	Nme2Cas9_NNNNCC	proposed_dNme2Cas9_activator	100K2_rep4	False	False	50	0	0	False
Tgfb1	TGFB1	ENSG00000105329.5	ENST00000221930.5	41859815	-	Un1Cas12f1_TTTR	HEAL;SminiCRa	10K_rep1	True	True	0	0	0	False
Tgfb1	TGFB1	ENSG00000105329.5	ENST00000221930.5	41859815	-	Un1Cas12f1_TTTR	HEAL;SminiCRa	31K_rep2	True	True	0	0	0	False
Tgfb1	TGFB1	ENSG00000105329.5	ENST00000221930.5	41859815	-	Un1Cas12f1_TTTR	HEAL;SminiCRa	100K_rep3	True	True	0	0	0	False
Tgfb1	TGFB1	ENSG00000105329.5	ENST00000221930.5	41859815	-	Un1Cas12f1_TTTR	HEAL;SminiCRa	100K2_rep4	True	True	0	0	0	False
Tgfb1	TGFB1	ENSG00000105329.5	ENST00000221930.5	41859815	-	SaCas9_NNGRRT	SaCas9_CRISPRa	10K_rep1	True	True	5	2	2	True
Tgfb1	TGFB1	ENSG00000105329.5	ENST00000221930.5	41859815	-	SaCas9_NNGRRT	SaCas9_CRISPRa	31K_rep2	True	True	5	2	2	True
Tgfb1	TGFB1	ENSG00000105329.5	ENST00000221930.5	41859815	-	SaCas9_NNGRRT	SaCas9_CRISPRa	100K_rep3	True	True	5	4	4	True
Tgfb1	TGFB1	ENSG00000105329.5	ENST00000221930.5	41859815	-	SaCas9_NNGRRT	SaCas9_CRISPRa	100K2_rep4	True	True	5	2	2	True
Tgfb1	TGFB1	ENSG00000105329.5	ENST00000221930.5	41859815	-	SpCas9_NGG	SpCas9_CRISPRa	10K_rep1	True	True	45	25	30	True
Tgfb1	TGFB1	ENSG00000105329.5	ENST00000221930.5	41859815	-	SpCas9_NGG	SpCas9_CRISPRa	31K_rep2	True	True	45	25	30	True
Tgfb1	TGFB1	ENSG00000105329.5	ENST00000221930.5	41859815	-	SpCas9_NGG	SpCas9_CRISPRa	100K_rep3	True	True	45	36	40	True
Tgfb1	TGFB1	ENSG00000105329.5	ENST00000221930.5	41859815	-	SpCas9_NGG	SpCas9_CRISPRa	100K2_rep4	True	True	45	25	30	True
Tgfb1	TGFB1	ENSG00000105329.5	ENST00000221930.5	41859815	-	CjCas9_NNNVRYM	MiniCAFE	10K_rep1	True	True	22	12	18	True
Tgfb1	TGFB1	ENSG00000105329.5	ENST00000221930.5	41859815	-	CjCas9_NNNVRYM	MiniCAFE	31K_rep2	True	True	22	13	19	True
Tgfb1	TGFB1	ENSG00000105329.5	ENST00000221930.5	41859815	-	CjCas9_NNNVRYM	MiniCAFE	100K_rep3	True	True	22	19	21	True
Tgfb1	TGFB1	ENSG00000105329.5	ENST00000221930.5	41859815	-	CjCas9_NNNVRYM	MiniCAFE	100K2_rep4	True	True	22	12	19	True
Tgfb1	TGFB1	ENSG00000105329.5	ENST00000221930.5	41859815	-	Nme2Cas9_NNNNCC	proposed_dNme2Cas9_activator	10K_rep1	True	True	22	6	12	True
Tgfb1	TGFB1	ENSG00000105329.5	ENST00000221930.5	41859815	-	Nme2Cas9_NNNNCC	proposed_dNme2Cas9_activator	31K_rep2	True	True	22	6	13	True
Tgfb1	TGFB1	ENSG00000105329.5	ENST00000221930.5	41859815	-	Nme2Cas9_NNNNCC	proposed_dNme2Cas9_activator	100K_rep3	True	True	22	13	17	True
Tgfb1	TGFB1	ENSG00000105329.5	ENST00000221930.5	41859815	-	Nme2Cas9_NNNNCC	proposed_dNme2Cas9_activator	100K2_rep4	True	True	22	6	13	True
Tmem119	TMEM119	ENSG00000183160.8	ENST00000392806.3	108991899	-	Un1Cas12f1_TTTR	HEAL;SminiCRa	10K_rep1	False	False	1	0	0	False
Tmem119	TMEM119	ENSG00000183160.8	ENST00000392806.3	108991899	-	Un1Cas12f1_TTTR	HEAL;SminiCRa	31K_rep2	False	False	1	0	0	False
Tmem119	TMEM119	ENSG00000183160.8	ENST00000392806.3	108991899	-	Un1Cas12f1_TTTR	HEAL;SminiCRa	100K_rep3	False	False	1	0	0	False
Tmem119	TMEM119	ENSG00000183160.8	ENST00000392806.3	108991899	-	Un1Cas12f1_TTTR	HEAL;SminiCRa	100K2_rep4	False	False	1	0	0	False
Tmem119	TMEM119	ENSG00000183160.8	ENST00000392806.3	108991899	-	SaCas9_NNGRRT	SaCas9_CRISPRa	10K_rep1	False	False	7	0	0	False
Tmem119	TMEM119	ENSG00000183160.8	ENST00000392806.3	108991899	-	SaCas9_NNGRRT	SaCas9_CRISPRa	31K_rep2	False	False	7	0	0	False
Tmem119	TMEM119	ENSG00000183160.8	ENST00000392806.3	108991899	-	SaCas9_NNGRRT	SaCas9_CRISPRa	100K_rep3	False	False	7	0	0	False
Tmem119	TMEM119	ENSG00000183160.8	ENST00000392806.3	108991899	-	SaCas9_NNGRRT	SaCas9_CRISPRa	100K2_rep4	False	False	7	0	0	False
Tmem119	TMEM119	ENSG00000183160.8	ENST00000392806.3	108991899	-	SpCas9_NGG	SpCas9_CRISPRa	10K_rep1	False	False	56	0	0	False
Tmem119	TMEM119	ENSG00000183160.8	ENST00000392806.3	108991899	-	SpCas9_NGG	SpCas9_CRISPRa	31K_rep2	False	False	56	0	0	False
Tmem119	TMEM119	ENSG00000183160.8	ENST00000392806.3	108991899	-	SpCas9_NGG	SpCas9_CRISPRa	100K_rep3	False	False	56	0	0	False
Tmem119	TMEM119	ENSG00000183160.8	ENST00000392806.3	108991899	-	SpCas9_NGG	SpCas9_CRISPRa	100K2_rep4	False	False	56	0	0	False
Tmem119	TMEM119	ENSG00000183160.8	ENST00000392806.3	108991899	-	CjCas9_NNNVRYM	MiniCAFE	10K_rep1	False	False	38	0	0	False
Tmem119	TMEM119	ENSG00000183160.8	ENST00000392806.3	108991899	-	CjCas9_NNNVRYM	MiniCAFE	31K_rep2	False	False	38	0	0	False
Tmem119	TMEM119	ENSG00000183160.8	ENST00000392806.3	108991899	-	CjCas9_NNNVRYM	MiniCAFE	100K_rep3	False	False	38	0	0	False
Tmem119	TMEM119	ENSG00000183160.8	ENST00000392806.3	108991899	-	CjCas9_NNNVRYM	MiniCAFE	100K2_rep4	False	False	38	0	0	False
Tmem119	TMEM119	ENSG00000183160.8	ENST00000392806.3	108991899	-	Nme2Cas9_NNNNCC	proposed_dNme2Cas9_activator	10K_rep1	False	False	59	0	0	False
Tmem119	TMEM119	ENSG00000183160.8	ENST00000392806.3	108991899	-	Nme2Cas9_NNNNCC	proposed_dNme2Cas9_activator	31K_rep2	False	False	59	0	0	False
Tmem119	TMEM119	ENSG00000183160.8	ENST00000392806.3	108991899	-	Nme2Cas9_NNNNCC	proposed_dNme2Cas9_activator	100K_rep3	False	False	59	0	0	False
Tmem119	TMEM119	ENSG00000183160.8	ENST00000392806.3	108991899	-	Nme2Cas9_NNNNCC	proposed_dNme2Cas9_activator	100K2_rep4	False	False	59	0	0	False
Tnf	TNF	ENSG00000232810.3	ENST00000449264.2	31543343	+	Un1Cas12f1_TTTR	HEAL;SminiCRa	10K_rep1	False	True	4	0	0	False
Tnf	TNF	ENSG00000232810.3	ENST00000449264.2	31543343	+	Un1Cas12f1_TTTR	HEAL;SminiCRa	31K_rep2	False	True	4	0	0	False
Tnf	TNF	ENSG00000232810.3	ENST00000449264.2	31543343	+	Un1Cas12f1_TTTR	HEAL;SminiCRa	100K_rep3	False	True	4	0	0	False
Tnf	TNF	ENSG00000232810.3	ENST00000449264.2	31543343	+	Un1Cas12f1_TTTR	HEAL;SminiCRa	100K2_rep4	False	True	4	0	0	False
Tnf	TNF	ENSG00000232810.3	ENST00000449264.2	31543343	+	SaCas9_NNGRRT	SaCas9_CRISPRa	10K_rep1	False	True	9	2	2	True
Tnf	TNF	ENSG00000232810.3	ENST00000449264.2	31543343	+	SaCas9_NNGRRT	SaCas9_CRISPRa	31K_rep2	False	True	9	2	2	True
Tnf	TNF	ENSG00000232810.3	ENST00000449264.2	31543343	+	SaCas9_NNGRRT	SaCas9_CRISPRa	100K_rep3	False	True	9	1	2	True
Tnf	TNF	ENSG00000232810.3	ENST00000449264.2	31543343	+	SaCas9_NNGRRT	SaCas9_CRISPRa	100K2_rep4	False	True	9	2	2	True
Tnf	TNF	ENSG00000232810.3	ENST00000449264.2	31543343	+	SpCas9_NGG	SpCas9_CRISPRa	10K_rep1	False	True	62	12	16	True
Tnf	TNF	ENSG00000232810.3	ENST00000449264.2	31543343	+	SpCas9_NGG	SpCas9_CRISPRa	31K_rep2	False	True	62	12	15	True
Tnf	TNF	ENSG00000232810.3	ENST00000449264.2	31543343	+	SpCas9_NGG	SpCas9_CRISPRa	100K_rep3	False	True	62	4	8	True
Tnf	TNF	ENSG00000232810.3	ENST00000449264.2	31543343	+	SpCas9_NGG	SpCas9_CRISPRa	100K2_rep4	False	True	62	12	18	True
Tnf	TNF	ENSG00000232810.3	ENST00000449264.2	31543343	+	CjCas9_NNNVRYM	MiniCAFE	10K_rep1	False	True	44	7	9	True
Tnf	TNF	ENSG00000232810.3	ENST00000449264.2	31543343	+	CjCas9_NNNVRYM	MiniCAFE	31K_rep2	False	True	44	6	8	True
Tnf	TNF	ENSG00000232810.3	ENST00000449264.2	31543343	+	CjCas9_NNNVRYM	MiniCAFE	100K_rep3	False	True	44	1	5	True
Tnf	TNF	ENSG00000232810.3	ENST00000449264.2	31543343	+	CjCas9_NNNVRYM	MiniCAFE	100K2_rep4	False	True	44	7	9	True
Tnf	TNF	ENSG00000232810.3	ENST00000449264.2	31543343	+	Nme2Cas9_NNNNCC	proposed_dNme2Cas9_activator	10K_rep1	False	True	71	15	20	True
Tnf	TNF	ENSG00000232810.3	ENST00000449264.2	31543343	+	Nme2Cas9_NNNNCC	proposed_dNme2Cas9_activator	31K_rep2	False	True	71	13	20	True
Tnf	TNF	ENSG00000232810.3	ENST00000449264.2	31543343	+	Nme2Cas9_NNNNCC	proposed_dNme2Cas9_activator	100K_rep3	False	True	71	6	11	True
Tnf	TNF	ENSG00000232810.3	ENST00000449264.2	31543343	+	Nme2Cas9_NNNNCC	proposed_dNme2Cas9_activator	100K2_rep4	False	True	71	16	20	True
Trem2	TREM2	ENSG00000095970.12	ENST00000373113.3	41130913	-	Un1Cas12f1_TTTR	HEAL;SminiCRa	10K_rep1	False	True	1	0	0	False
Trem2	TREM2	ENSG00000095970.12	ENST00000373113.3	41130913	-	Un1Cas12f1_TTTR	HEAL;SminiCRa	31K_rep2	True	True	1	0	0	False
Trem2	TREM2	ENSG00000095970.12	ENST00000373113.3	41130913	-	Un1Cas12f1_TTTR	HEAL;SminiCRa	100K_rep3	False	False	1	0	0	False
Trem2	TREM2	ENSG00000095970.12	ENST00000373113.3	41130913	-	Un1Cas12f1_TTTR	HEAL;SminiCRa	100K2_rep4	False	True	1	0	0	False
Trem2	TREM2	ENSG00000095970.12	ENST00000373113.3	41130913	-	SaCas9_NNGRRT	SaCas9_CRISPRa	10K_rep1	False	True	7	0	0	False
Trem2	TREM2	ENSG00000095970.12	ENST00000373113.3	41130913	-	SaCas9_NNGRRT	SaCas9_CRISPRa	31K_rep2	True	True	7	1	2	True
Trem2	TREM2	ENSG00000095970.12	ENST00000373113.3	41130913	-	SaCas9_NNGRRT	SaCas9_CRISPRa	100K_rep3	False	False	7	0	0	False
Trem2	TREM2	ENSG00000095970.12	ENST00000373113.3	41130913	-	SaCas9_NNGRRT	SaCas9_CRISPRa	100K2_rep4	False	True	7	1	1	True
Trem2	TREM2	ENSG00000095970.12	ENST00000373113.3	41130913	-	SpCas9_NGG	SpCas9_CRISPRa	10K_rep1	False	True	49	5	6	True
Trem2	TREM2	ENSG00000095970.12	ENST00000373113.3	41130913	-	SpCas9_NGG	SpCas9_CRISPRa	31K_rep2	True	True	49	25	31	True
Trem2	TREM2	ENSG00000095970.12	ENST00000373113.3	41130913	-	SpCas9_NGG	SpCas9_CRISPRa	100K_rep3	False	False	49	0	0	False
Trem2	TREM2	ENSG00000095970.12	ENST00000373113.3	41130913	-	SpCas9_NGG	SpCas9_CRISPRa	100K2_rep4	False	True	49	14	18	True
Trem2	TREM2	ENSG00000095970.12	ENST00000373113.3	41130913	-	CjCas9_NNNVRYM	MiniCAFE	10K_rep1	False	True	44	0	3	False
Trem2	TREM2	ENSG00000095970.12	ENST00000373113.3	41130913	-	CjCas9_NNNVRYM	MiniCAFE	31K_rep2	True	True	44	19	22	True
Trem2	TREM2	ENSG00000095970.12	ENST00000373113.3	41130913	-	CjCas9_NNNVRYM	MiniCAFE	100K_rep3	False	False	44	0	0	False
Trem2	TREM2	ENSG00000095970.12	ENST00000373113.3	41130913	-	CjCas9_NNNVRYM	MiniCAFE	100K2_rep4	False	True	44	11	11	True
Trem2	TREM2	ENSG00000095970.12	ENST00000373113.3	41130913	-	Nme2Cas9_NNNNCC	proposed_dNme2Cas9_activator	10K_rep1	False	True	53	0	2	False
Trem2	TREM2	ENSG00000095970.12	ENST00000373113.3	41130913	-	Nme2Cas9_NNNNCC	proposed_dNme2Cas9_activator	31K_rep2	True	True	53	27	28	True
Trem2	TREM2	ENSG00000095970.12	ENST00000373113.3	41130913	-	Nme2Cas9_NNNNCC	proposed_dNme2Cas9_activator	100K_rep3	False	False	53	0	0	False
Trem2	TREM2	ENSG00000095970.12	ENST00000373113.3	41130913	-	Nme2Cas9_NNNNCC	proposed_dNme2Cas9_activator	100K2_rep4	False	True	53	14	15	True
Tyrobp	TYROBP	ENSG00000011600.7	ENST00000424586.3	36399196	-	Un1Cas12f1_TTTR	HEAL;SminiCRa	10K_rep1	False	True	3	2	3	True
Tyrobp	TYROBP	ENSG00000011600.7	ENST00000424586.3	36399196	-	Un1Cas12f1_TTTR	HEAL;SminiCRa	31K_rep2	False	True	3	0	0	False
Tyrobp	TYROBP	ENSG00000011600.7	ENST00000424586.3	36399196	-	Un1Cas12f1_TTTR	HEAL;SminiCRa	100K_rep3	False	True	3	0	0	False
Tyrobp	TYROBP	ENSG00000011600.7	ENST00000424586.3	36399196	-	Un1Cas12f1_TTTR	HEAL;SminiCRa	100K2_rep4	True	True	3	3	3	True
Tyrobp	TYROBP	ENSG00000011600.7	ENST00000424586.3	36399196	-	SaCas9_NNGRRT	SaCas9_CRISPRa	10K_rep1	False	True	9	5	5	True
Tyrobp	TYROBP	ENSG00000011600.7	ENST00000424586.3	36399196	-	SaCas9_NNGRRT	SaCas9_CRISPRa	31K_rep2	False	True	9	2	2	True
Tyrobp	TYROBP	ENSG00000011600.7	ENST00000424586.3	36399196	-	SaCas9_NNGRRT	SaCas9_CRISPRa	100K_rep3	False	True	9	2	2	True
Tyrobp	TYROBP	ENSG00000011600.7	ENST00000424586.3	36399196	-	SaCas9_NNGRRT	SaCas9_CRISPRa	100K2_rep4	True	True	9	5	5	True
Tyrobp	TYROBP	ENSG00000011600.7	ENST00000424586.3	36399196	-	SpCas9_NGG	SpCas9_CRISPRa	10K_rep1	False	True	55	27	28	True
Tyrobp	TYROBP	ENSG00000011600.7	ENST00000424586.3	36399196	-	SpCas9_NGG	SpCas9_CRISPRa	31K_rep2	False	True	55	9	9	True
Tyrobp	TYROBP	ENSG00000011600.7	ENST00000424586.3	36399196	-	SpCas9_NGG	SpCas9_CRISPRa	100K_rep3	False	True	55	6	9	True
Tyrobp	TYROBP	ENSG00000011600.7	ENST00000424586.3	36399196	-	SpCas9_NGG	SpCas9_CRISPRa	100K2_rep4	True	True	55	28	30	True
Tyrobp	TYROBP	ENSG00000011600.7	ENST00000424586.3	36399196	-	CjCas9_NNNVRYM	MiniCAFE	10K_rep1	False	True	44	19	23	True
Tyrobp	TYROBP	ENSG00000011600.7	ENST00000424586.3	36399196	-	CjCas9_NNNVRYM	MiniCAFE	31K_rep2	False	True	44	6	7	True
Tyrobp	TYROBP	ENSG00000011600.7	ENST00000424586.3	36399196	-	CjCas9_NNNVRYM	MiniCAFE	100K_rep3	False	True	44	4	6	True
Tyrobp	TYROBP	ENSG00000011600.7	ENST00000424586.3	36399196	-	CjCas9_NNNVRYM	MiniCAFE	100K2_rep4	True	True	44	20	25	True
Tyrobp	TYROBP	ENSG00000011600.7	ENST00000424586.3	36399196	-	Nme2Cas9_NNNNCC	proposed_dNme2Cas9_activator	10K_rep1	False	True	47	22	28	True
Tyrobp	TYROBP	ENSG00000011600.7	ENST00000424586.3	36399196	-	Nme2Cas9_NNNNCC	proposed_dNme2Cas9_activator	31K_rep2	False	True	47	7	10	True
Tyrobp	TYROBP	ENSG00000011600.7	ENST00000424586.3	36399196	-	Nme2Cas9_NNNNCC	proposed_dNme2Cas9_activator	100K_rep3	False	True	47	5	9	True
Tyrobp	TYROBP	ENSG00000011600.7	ENST00000424586.3	36399196	-	Nme2Cas9_NNNNCC	proposed_dNme2Cas9_activator	100K2_rep4	True	True	47	25	31	True
Vegfa	VEGFA	ENSG00000112715.16	ENST00000372067.3	43737949	+	Un1Cas12f1_TTTR	HEAL;SminiCRa	10K_rep1	True	True	0	0	0	False
Vegfa	VEGFA	ENSG00000112715.16	ENST00000372067.3	43737949	+	Un1Cas12f1_TTTR	HEAL;SminiCRa	31K_rep2	False	True	0	0	0	False
Vegfa	VEGFA	ENSG00000112715.16	ENST00000372067.3	43737949	+	Un1Cas12f1_TTTR	HEAL;SminiCRa	100K_rep3	True	True	0	0	0	False
Vegfa	VEGFA	ENSG00000112715.16	ENST00000372067.3	43737949	+	Un1Cas12f1_TTTR	HEAL;SminiCRa	100K2_rep4	True	True	0	0	0	False
Vegfa	VEGFA	ENSG00000112715.16	ENST00000372067.3	43737949	+	SaCas9_NNGRRT	SaCas9_CRISPRa	10K_rep1	True	True	3	3	3	True
Vegfa	VEGFA	ENSG00000112715.16	ENST00000372067.3	43737949	+	SaCas9_NNGRRT	SaCas9_CRISPRa	31K_rep2	False	True	3	1	1	True
Vegfa	VEGFA	ENSG00000112715.16	ENST00000372067.3	43737949	+	SaCas9_NNGRRT	SaCas9_CRISPRa	100K_rep3	True	True	3	1	1	True
Vegfa	VEGFA	ENSG00000112715.16	ENST00000372067.3	43737949	+	SaCas9_NNGRRT	SaCas9_CRISPRa	100K2_rep4	True	True	3	1	2	True
Vegfa	VEGFA	ENSG00000112715.16	ENST00000372067.3	43737949	+	SpCas9_NGG	SpCas9_CRISPRa	10K_rep1	True	True	41	36	40	True
Vegfa	VEGFA	ENSG00000112715.16	ENST00000372067.3	43737949	+	SpCas9_NGG	SpCas9_CRISPRa	31K_rep2	False	True	41	22	24	True
Vegfa	VEGFA	ENSG00000112715.16	ENST00000372067.3	43737949	+	SpCas9_NGG	SpCas9_CRISPRa	100K_rep3	True	True	41	18	22	True
Vegfa	VEGFA	ENSG00000112715.16	ENST00000372067.3	43737949	+	SpCas9_NGG	SpCas9_CRISPRa	100K2_rep4	True	True	41	21	27	True
Vegfa	VEGFA	ENSG00000112715.16	ENST00000372067.3	43737949	+	CjCas9_NNNVRYM	MiniCAFE	10K_rep1	True	True	26	25	26	True
Vegfa	VEGFA	ENSG00000112715.16	ENST00000372067.3	43737949	+	CjCas9_NNNVRYM	MiniCAFE	31K_rep2	False	True	26	12	19	True
Vegfa	VEGFA	ENSG00000112715.16	ENST00000372067.3	43737949	+	CjCas9_NNNVRYM	MiniCAFE	100K_rep3	True	True	26	13	16	True
Vegfa	VEGFA	ENSG00000112715.16	ENST00000372067.3	43737949	+	CjCas9_NNNVRYM	MiniCAFE	100K2_rep4	True	True	26	16	17	True
Vegfa	VEGFA	ENSG00000112715.16	ENST00000372067.3	43737949	+	Nme2Cas9_NNNNCC	proposed_dNme2Cas9_activator	10K_rep1	True	True	37	37	37	True
Vegfa	VEGFA	ENSG00000112715.16	ENST00000372067.3	43737949	+	Nme2Cas9_NNNNCC	proposed_dNme2Cas9_activator	31K_rep2	False	True	37	8	20	True
Vegfa	VEGFA	ENSG00000112715.16	ENST00000372067.3	43737949	+	Nme2Cas9_NNNNCC	proposed_dNme2Cas9_activator	100K_rep3	True	True	37	13	21	True
Vegfa	VEGFA	ENSG00000112715.16	ENST00000372067.3	43737949	+	Nme2Cas9_NNNNCC	proposed_dNme2Cas9_activator	100K2_rep4	True	True	37	21	23	True
