id	source_chrom	source_start	source_end	label	mapped_chrom	mapped_start	mapped_end	status
BL000001	chr10	0	3135400	High Signal Region				unmapped
BL000002	chr10	3218900	3276600	Low Mappability	chr10	3168900	3226600	mapped
BL000003	chr10	3576900	3627700	Low Mappability	chr10	3526900	3577700	mapped
BL000004	chr10	4191100	4197600	Low Mappability	chr10	4141100	4147600	mapped
BL000005	chr10	4613500	4615400	High Signal Region	chr10	4563500	4565400	mapped
BL000006	chr10	4761300	4763900	High Signal Region	chr10	4711300	4713900	mapped
BL000007	chr10	5080800	5096600	Low Mappability	chr10	5030800	5046600	mapped
BL000008	chr10	5580100	5586600	Low Mappability	chr10	5530100	5536600	mapped
BL000009	chr10	6281200	6286700	High Signal Region	chr10	6231200	6236700	mapped
BL000010	chr10	6740200	6742100	High Signal Region	chr10	6690200	6692100	mapped
BL000011	chr10	7396300	7429800	High Signal Region	chr10	7346300	7379800	mapped
BL000012	chr10	7633600	7636600	Low Mappability	chr10	7509364	7512364	mapped
BL000013	chr10	7889700	7897500	High Signal Region	chr10	7765464	7773264	mapped
BL000014	chr10	8144900	8153000	High Signal Region	chr10	8020664	8028764	mapped
BL000015	chr10	8264000	8269200	High Signal Region	chr10	8139764	8144964	mapped
BL000016	chr10	8382400	8404400	High Signal Region	chr10	8258164	8280164	mapped
BL000017	chr10	8599200	8606400	Low Mappability	chr10	8474964	8482164	mapped
BL000018	chr10	10012200	10033400	High Signal Region	chr10	9887944	9909144	mapped
BL000019	chr10	10566900	10593500	High Signal Region	chr10	10442644	10469244	mapped
BL000020	chr10	11218400	11224800	Low Mappability	chr10	11094144	11100544	mapped
BL000021	chr10	11351800	11406300	Low Mappability	chr10	11227544	11282044	mapped
BL000022	chr10	11491200	11493100	High Signal Region	chr10	11366944	11368844	mapped
BL000023	chr10	11612300	11642500	High Signal Region	chr10	11488044	11518244	mapped
BL000024	chr10	11692500	11701300	Low Mappability	chr10	11568244	11577044	mapped
BL000025	chr10	12266500	12273000	High Signal Region	chr10	12142244	12148744	mapped
BL000026	chr10	12385800	12396000	High Signal Region	chr10	12261544	12271744	mapped
BL000027	chr10	13401200	13403100	High Signal Region	chr10	13276944	13278844	mapped
BL000028	chr10	14559900	14577100	High Signal Region	chr10	14435644	14452844	mapped
BL000029	chr10	14646300	14664500	Low Mappability	chr10	14522044	14540244	mapped
BL000030	chr10	14923800	14928300	High Signal Region	chr10	14799544	14804044	mapped
BL000031	chr10	15047600	15083100	High Signal Region	chr10	14923344	14958848	mapped
BL000032	chr10	15528600	15534200	High Signal Region	chr10	15404348	15409948	mapped
BL000033	chr10	15567000	15641800	High Signal Region	chr10	15442748	15517548	mapped
BL000034	chr10	16967500	16971600	High Signal Region	chr10	16843248	16847348	mapped
BL000035	chr10	17499600	17501700	High Signal Region	chr10	17375348	17377448	mapped
BL000036	chr10	18555500	18558100	High Signal Region	chr10	18431248	18433848	mapped
BL000037	chr10	19427600	19429100	High Signal Region	chr10	19303348	19304848	mapped
BL000038	chr10	19538800	19546100	Low Mappability	chr10	19414548	19421848	mapped
BL000039	chr10	19772200	19801600	High Signal Region	chr10	19647948	19677348	mapped
BL000040	chr10	20458900	20460800	High Signal Region	chr10	20334646	20336546	mapped
BL000041	chr10	21208600	21216600	Low Mappability	chr10	21084499	21092499	mapped
BL000042	chr10	21278500	21313500	High Signal Region	chr10	21154399	21189399	mapped
BL000043	chr10	21642200	21649600	Low Mappability	chr10	21518099	21525499	mapped
BL000044	chr10	21727800	21736400	Low Mappability	chr10	21603699	21612299	mapped
BL000045	chr10	22031300	22063500	High Signal Region	chr10	21907199	21939399	mapped
BL000046	chr10	22127200	22164500	High Signal Region	chr10	22003099	22040399	mapped
BL000047	chr10	22186700	22290500	High Signal Region	chr10	22062599	22166399	mapped
BL000048	chr10	22369100	22472300	High Signal Region	chr10	22244999	22348199	mapped
BL000049	chr10	22683100	22690600	Low Mappability	chr10	22558999	22566499	mapped
BL000050	chr10	22935900	22941800	High Signal Region	chr10	22811799	22817699	mapped
BL000051	chr10	24687500	24691700	Low Mappability	chr10	24563398	24567598	mapped
BL000052	chr10	25091400	25106900	Low Mappability	chr10	24967298	24982798	mapped
BL000053	chr10	25622900	25629400	Low Mappability	chr10	25498798	25505298	mapped
BL000054	chr10	25968400	25973400	Low Mappability	chr10	25844298	25849298	mapped
BL000055	chr10	26641500	26662800	Low Mappability	chr10	26517496	26538796	mapped
BL000056	chr10	27403200	27407600	High Signal Region	chr10	27279196	27283596	mapped
BL000057	chr10	27904000	27909500	High Signal Region	chr10	27779996	27785496	mapped
BL000058	chr10	28908500	28940600	High Signal Region	chr10	28784496	28816596	mapped
BL000059	chr10	29243900	29249600	High Signal Region	chr10	29119896	29125596	mapped
BL000060	chr10	29924300	29930700	Low Mappability	chr10	29800296	29806696	mapped
BL000061	chr10	29954000	29971900	High Signal Region	chr10	29829996	29847896	mapped
BL000062	chr10	30553000	30577100	High Signal Region	chr10	30428996	30453096	mapped
BL000063	chr10	31054900	31095900	Low Mappability	chr10	30930896	30971896	mapped
BL000064	chr10	31406500	31411100	High Signal Region	chr10	31282496	31287096	mapped
BL000065	chr10	31750000	31757100	Low Mappability	chr10	31625996	31633096	mapped
BL000066	chr10	31878400	31885800	High Signal Region	chr10	31754396	31761796	mapped
BL000067	chr10	31980100	32000400	Low Mappability	chr10	31856096	31876396	mapped
BL000068	chr10	32039700	32045000	High Signal Region	chr10	31915696	31920996	mapped
BL000069	chr10	32176100	32182400	High Signal Region	chr10	32052096	32058396	mapped
BL000070	chr10	32499200	32529900	High Signal Region	chr10	32375196	32405896	mapped
BL000071	chr10	32816400	32857200	High Signal Region	chr10	32692396	32733196	mapped
BL000072	chr10	33315300	33319800	High Signal Region	chr10	33191296	33195796	mapped
BL000073	chr10	33492300	33508900	High Signal Region	chr10	33368296	33384896	mapped
BL000074	chr10	33886600	33901100	Low Mappability	chr10	33762596	33777096	mapped
BL000075	chr10	34739400	34749100	Low Mappability	chr10	34615396	34625096	mapped
BL000076	chr10	35669300	35725500	High Signal Region	chr10	35545296	35601496	mapped
BL000077	chr10	36130200	36135500	High Signal Region	chr10	36006196	36011496	mapped
BL000078	chr10	36160700	36166700	High Signal Region	chr10	36036696	36042696	mapped
BL000079	chr10	36594500	36597500	Low Mappability	chr10	36470496	36473496	mapped
BL000080	chr10	36942200	36948800	Low Mappability	chr10	36818196	36824796	mapped
BL000081	chr10	37186500	37189300	High Signal Region	chr10	37062496	37065296	mapped
BL000082	chr10	37799700	37821400	High Signal Region	chr10	37675696	37697396	mapped
BL000083	chr10	37964600	37970100	High Signal Region	chr10	37840596	37846096	mapped
BL000084	chr10	38590100	38606100	High Signal Region	chr10	38466096	38482096	mapped
BL000085	chr10	38637900	38644200	High Signal Region	chr10	38513896	38520196	mapped
BL000086	chr10	38729400	38782700	High Signal Region	chr10	38605396	38658696	mapped
BL000087	chr10	38933500	38956500	High Signal Region	chr10	38809496	38832496	mapped
BL000088	chr10	39126700	39129400	High Signal Region	chr10	39002696	39005396	mapped
BL000089	chr10	39760700	39764700	High Signal Region	chr10	39636696	39640696	mapped
BL000090	chr10	41185700	41195800	High Signal Region	chr10	41061696	41071796	mapped
BL000091	chr10	41840500	41859100	Low Mappability	chr10	41716496	41735096	mapped
BL000092	chr10	43769400	43773800	High Signal Region	chr10	43645396	43649796	mapped
BL000093	chr10	44206300	44254100	High Signal Region	chr10	44082296	44130096	mapped
BL000094	chr10	45515000	45588000	Low Mappability	chr10	45391096	45464096	mapped
BL000095	chr10	45624800	45628400	High Signal Region	chr10	45500896	45504496	mapped
BL000096	chr10	46136500	46139300	High Signal Region	chr10	46012596	46015396	mapped
BL000097	chr10	46468300	46472100	High Signal Region	chr10	46344396	46348196	mapped
BL000098	chr10	46500500	46538800	High Signal Region	chr10	46376596	46414896	mapped
BL000099	chr10	46789300	46812500	High Signal Region	chr10	46665396	46688596	mapped
BL000100	chr10	46966700	47009000	High Signal Region	chr10	46842796	46885096	mapped
BL000101	chr10	47048600	47074700	Low Mappability	chr10	46924696	46950796	mapped
BL000102	chr10	47663600	47683500	High Signal Region	chr10	47539696	47559596	mapped
BL000103	chr10	47743600	47758500	High Signal Region	chr10	47619696	47634596	mapped
BL000104	chr10	47875400	47881600	High Signal Region	chr10	47751496	47757696	mapped
BL000105	chr10	48032400	48058800	High Signal Region	chr10	47908496	47934896	mapped
BL000106	chr10	48677400	48682800	High Signal Region	chr10	48553496	48558896	mapped
BL000107	chr10	49823500	49842200	High Signal Region	chr10	49699596	49718296	mapped
BL000108	chr10	50029200	50035300	High Signal Region	chr10	49905296	49911396	mapped
BL000109	chr10	50109900	50115500	High Signal Region	chr10	49985996	49991596	mapped
BL000110	chr10	50178500	50184800	High Signal Region	chr10	50054596	50060896	mapped
BL000111	chr10	50253700	50296500	High Signal Region	chr10	50129796	50172596	mapped
BL000112	chr10	50333400	50335300	High Signal Region	chr10	50209496	50211396	mapped
BL000113	chr10	50524000	50553900	High Signal Region	chr10	50400096	50429996	mapped
BL000114	chr10	51126200	51132900	High Signal Region	chr10	51002296	51008996	mapped
BL000115	chr10	51436800	51448000	High Signal Region	chr10	51312896	51324096	mapped
BL000116	chr10	51470300	51474900	High Signal Region	chr10	51346396	51350996	mapped
BL000117	chr10	51882900	51888000	Low Mappability	chr10	51758996	51764096	mapped
BL000118	chr10	52052600	52059000	Low Mappability	chr10	51928696	51935096	mapped
BL000119	chr10	52089600	52148500	High Signal Region	chr10	51965696	52024596	mapped
BL000120	chr10	52522600	52599800	High Signal Region	chr10	52398696	52475896	mapped
BL000121	chr10	53073900	53081100	High Signal Region	chr10	52949996	52957196	mapped
BL000122	chr10	53569600	53576000	Low Mappability	chr10	53445696	53452096	mapped
BL000123	chr10	54216200	54222900	High Signal Region	chr10	54092296	54098996	mapped
BL000124	chr10	54588800	54619900	Low Mappability	chr10	54464896	54495996	mapped
BL000125	chr10	55080400	55090500	High Signal Region	chr10	54956496	54966596	mapped
BL000126	chr10	55654500	55659600	High Signal Region	chr10	55530596	55535696	mapped
BL000127	chr10	55715600	55751000	High Signal Region	chr10	55591696	55627096	mapped
BL000128	chr10	55841700	55847900	High Signal Region	chr10	55717796	55723996	mapped
BL000129	chr10	56250200	56293900	High Signal Region	chr10	56126296	56169996	mapped
BL000130	chr10	56701000	56728000	High Signal Region	chr10	56577096	56604096	mapped
BL000131	chr10	56894100	56897300	High Signal Region	chr10	56770196	56773396	mapped
BL000132	chr10	57099200	57153200	High Signal Region	chr10	56975296	57029296	mapped
BL000133	chr10	57239100	57245400	High Signal Region	chr10	57115196	57121496	mapped
BL000134	chr10	57326900	57333900	High Signal Region	chr10	57202996	57209996	mapped
BL000135	chr10	57434000	57456500	High Signal Region	chr10	57310096	57332596	mapped
BL000136	chr10	57678600	57684900	High Signal Region	chr10	57554696	57560996	mapped
BL000137	chr10	57862800	58240900	High Signal Region				unmapped
BL000138	chr10	58566200	58570900	High Signal Region	chr10	58402022	58406722	mapped
BL000139	chr10	59381400	59396800	Low Mappability	chr10	59217222	59232622	mapped
BL000140	chr10	59850500	59922300	Low Mappability	chr10	59686322	59758122	mapped
BL000141	chr10	60444900	60446800	High Signal Region	chr10	60280679	60282579	mapped
BL000142	chr10	60546600	60553100	Low Mappability	chr10	60382379	60388879	mapped
BL000143	chr10	61373100	61375000	High Signal Region	chr10	61208879	61210779	mapped
BL000144	chr10	63103900	63111200	Low Mappability	chr10	62939679	62946979	mapped
BL000145	chr10	63508800	63519000	High Signal Region	chr10	63344579	63354779	mapped
BL000146	chr10	63833800	63835000	High Signal Region	chr10	63669579	63670779	mapped
BL000147	chr10	64418600	64420000	High Signal Region	chr10	64254379	64255779	mapped
BL000148	chr10	65166300	65172600	High Signal Region	chr10	65002079	65008379	mapped
BL000149	chr10	65450400	65477700	High Signal Region	chr10	65286179	65313479	mapped
BL000150	chr10	65638900	65670200	High Signal Region	chr10	65474679	65505979	mapped
BL000151	chr10	65938900	65956300	Low Mappability	chr10	65774679	65792079	mapped
BL000152	chr10	66422900	66431000	High Signal Region	chr10	66258679	66266779	mapped
BL000153	chr10	66662400	66678300	High Signal Region	chr10	66498179	66514079	mapped
BL000154	chr10	69030100	69065800	High Signal Region	chr10	68865930	68901630	mapped
BL000155	chr10	70657500	70668500	High Signal Region	chr10	70493330	70504330	mapped
BL000156	chr10	70785400	70798600	Low Mappability	chr10	70621230	70634430	mapped
BL000157	chr10	71012700	71019200	Low Mappability	chr10	70848530	70855030	mapped
BL000158	chr10	71111600	71114200	Low Mappability	chr10	70947430	70950030	mapped
BL000159	chr10	71510600	71637800	High Signal Region	chr10	71346430	71473630	mapped
BL000160	chr10	71691300	71698600	Low Mappability	chr10	71527130	71534430	mapped
BL000161	chr10	72292400	72314300	High Signal Region	chr10	72128230	72150130	mapped
BL000162	chr10	72359200	72360700	High Signal Region	chr10	72195030	72196530	mapped
BL000163	chr10	72493500	72499200	High Signal Region	chr10	72329332	72335032	mapped
BL000164	chr10	72590700	72591900	High Signal Region	chr10	72426532	72427732	mapped
BL000165	chr10	72690900	72709500	High Signal Region	chr10	72526732	72545332	mapped
BL000166	chr10	73378200	73380100	High Signal Region	chr10	73214032	73215932	mapped
BL000167	chr10	73576400	73601900	High Signal Region	chr10	73412232	73437732	mapped
BL000168	chr10	74433300	74439500	High Signal Region	chr10	74269132	74275332	mapped
BL000169	chr10	74655700	74672200	High Signal Region	chr10	74491532	74508032	mapped
BL000170	chr10	74715300	74746600	High Signal Region	chr10	74551132	74582432	mapped
BL000171	chr10	74857500	74888000	High Signal Region	chr10	74693332	74723832	mapped
BL000172	chr10	76835100	76852400	High Signal Region	chr10	76670934	76688234	mapped
BL000173	chr10	77950600	77979500	Low Mappability	chr10	77786434	77815334	mapped
BL000174	chr10	78008300	78028800	Low Mappability	chr10	77844134	77864634	mapped
BL000175	chr10	78637000	78696000	High Signal Region	chr10	78472834	78531834	mapped
BL000176	chr10	78731500	78735800	High Signal Region	chr10	78567334	78571634	mapped
BL000177	chr10	78803500	78823100	Low Mappability	chr10	78639334	78658934	mapped
BL000178	chr10	79207800	79259400	High Signal Region	chr10	79043634	79095234	mapped
BL000179	chr10	79314000	79354000	Low Mappability	chr10	79149834	79189834	mapped
BL000180	chr10	80102300	80116000	High Signal Region	chr10	79938134	79951834	mapped
BL000181	chr10	80928600	80996300	Low Mappability	chr10	80764434	80832134	mapped
BL000182	chr10	81167600	81199400	High Signal Region	chr10	81003434	81035234	mapped
BL000183	chr10	81600900	81997900	High Signal Region	chr10	81436734	81833734	mapped
BL000184	chr10	82517500	82538800	High Signal Region	chr10	82353334	82374634	mapped
BL000185	chr10	82571100	82575200	High Signal Region	chr10	82406934	82411034	mapped
BL000186	chr10	82939800	82956300	High Signal Region	chr10	82775634	82792134	mapped
BL000187	chr10	83386600	83392400	Low Mappability	chr10	83222464	83228264	mapped
BL000188	chr10	83670800	83678100	Low Mappability	chr10	83506664	83513964	mapped
BL000189	chr10	83768200	83792700	Low Mappability	chr10	83604064	83628564	mapped
BL000190	chr10	84155900	84180800	Low Mappability	chr10	83991764	84016664	mapped
BL000191	chr10	84436900	84473700	Low Mappability	chr10	84272764	84309564	mapped
BL000192	chr10	84744500	84750100	Low Mappability	chr10	84580364	84585964	mapped
BL000193	chr10	85413200	85419700	Low Mappability	chr10	85249064	85255564	mapped
BL000194	chr10	85696600	85732800	High Signal Region	chr10	85532464	85568664	mapped
BL000195	chr10	85840200	85872500	High Signal Region	chr10	85676064	85708364	mapped
BL000196	chr10	86561700	86565700	High Signal Region	chr10	86397564	86401564	mapped
BL000197	chr10	88628700	88658500	Low Mappability	chr10	88464562	88494362	mapped
BL000198	chr10	88963900	88968200	Low Mappability	chr10	88799762	88804062	mapped
BL000199	chr10	89398700	89400100	High Signal Region	chr10	89234562	89235962	mapped
BL000200	chr10	89949700	89964500	High Signal Region	chr10	89785562	89800362	mapped
BL000201	chr10	90249000	90255300	High Signal Region	chr10	90084862	90091162	mapped
BL000202	chr10	90324500	90329800	Low Mappability	chr10	90160362	90165662	mapped
BL000203	chr10	90471200	90474200	Low Mappability	chr10	90307062	90310062	mapped
BL000204	chr10	91252200	91256900	High Signal Region	chr10	91088062	91092762	mapped
BL000205	chr10	91928900	91944500	High Signal Region	chr10	91764762	91780362	mapped
BL000206	chr10	92909200	92915800	High Signal Region	chr10	92745062	92751662	mapped
BL000207	chr10	94362500	94369300	Low Mappability	chr10	94198362	94205162	mapped
BL000208	chr10	94591500	94610000	High Signal Region	chr10	94427362	94445862	mapped
BL000209	chr10	94871200	94873100	High Signal Region	chr10	94707062	94708962	mapped
BL000210	chr10	96068700	96078800	High Signal Region	chr10	95904562	95914662	mapped
BL000211	chr10	96157200	96162600	Low Mappability	chr10	95993062	95998462	mapped
BL000212	chr10	96192400	96199800	Low Mappability	chr10	96028262	96035662	mapped
BL000213	chr10	97320500	97329700	High Signal Region	chr10	97156362	97165562	mapped
BL000214	chr10	97525500	97534200	Low Mappability	chr10	97361362	97370062	mapped
BL000215	chr10	97755000	97761200	High Signal Region	chr10	97590862	97597062	mapped
BL000216	chr10	97896600	97920300	High Signal Region	chr10	97732462	97756162	mapped
BL000217	chr10	98337800	98343700	High Signal Region	chr10	98173662	98179562	mapped
BL000218	chr10	98433100	98444100	High Signal Region	chr10	98268962	98279962	mapped
BL000219	chr10	100310500	100395900	High Signal Region	chr10	100146362	100231762	mapped
BL000220	chr10	102667700	102669600	High Signal Region	chr10	102503561	102505461	mapped
BL000221	chr10	102859800	102861500	High Signal Region	chr10	102695661	102697361	mapped
BL000222	chr10	103500200	103519100	High Signal Region	chr10	103336061	103354961	mapped
BL000223	chr10	103547000	103548600	High Signal Region	chr10	103382861	103384461	mapped
BL000224	chr10	103569600	103575200	High Signal Region	chr10	103405461	103411061	mapped
BL000225	chr10	103600400	103684400	High Signal Region	chr10	103436261	103520261	mapped
BL000226	chr10	103936700	103942500	High Signal Region	chr10	103772561	103778361	mapped
BL000227	chr10	104380700	104382300	High Signal Region	chr10	104216561	104218161	mapped
BL000228	chr10	104493600	104499800	High Signal Region	chr10	104329461	104335661	mapped
BL000229	chr10	104539700	104562500	Low Mappability	chr10	104375561	104398361	mapped
BL000230	chr10	104748100	104771500	High Signal Region	chr10	104583961	104607361	mapped
BL000231	chr10	104819400	104862500	Low Mappability	chr10	104655261	104698361	mapped
BL000232	chr10	104966900	105001700	Low Mappability	chr10	104802761	104837561	mapped
BL000233	chr10	105177000	105181900	Low Mappability	chr10	105012861	105017761	mapped
BL000234	chr10	105672500	105678000	Low Mappability	chr10	105508361	105513861	mapped
BL000235	chr10	106166900	106235700	High Signal Region	chr10	106002761	106071561	mapped
BL000236	chr10	106382800	106403000	High Signal Region	chr10	106218661	106238861	mapped
BL000237	chr10	106427100	106453600	High Signal Region	chr10	106262961	106289461	mapped
BL000238	chr10	106529600	106535200	Low Mappability	chr10	106365461	106371061	mapped
BL000239	chr10	107125500	107136900	Low Mappability	chr10	106961361	106972761	mapped
BL000240	chr10	107551800	107560700	High Signal Region	chr10	107387661	107396561	mapped
BL000241	chr10	107845300	107863900	High Signal Region	chr10	107681161	107699761	mapped
BL000242	chr10	107978900	108006700	Low Mappability	chr10	107814761	107842561	mapped
BL000243	chr10	109212600	109216800	High Signal Region	chr10	109048461	109052661	mapped
BL000244	chr10	109315100	109322400	Low Mappability	chr10	109150961	109158261	mapped
BL000245	chr10	109941600	109948000	High Signal Region	chr10	109777461	109783861	mapped
BL000246	chr10	110104900	110111300	Low Mappability	chr10	109940761	109947161	mapped
BL000247	chr10	110504500	110516000	High Signal Region	chr10	110340361	110351861	mapped
BL000248	chr10	110667700	110700900	Low Mappability	chr10	110503561	110536761	mapped
BL000249	chr10	111217500	111219000	High Signal Region	chr10	111053361	111054861	mapped
BL000250	chr10	112013700	112021700	High Signal Region	chr10	111849605	111857605	mapped
BL000251	chr10	112053500	112058400	Low Mappability	chr10	111889405	111894305	mapped
BL000252	chr10	112540600	112542100	High Signal Region	chr10	112376505	112378005	mapped
BL000253	chr10	112587000	112611100	High Signal Region	chr10	112422905	112447005	mapped
BL000254	chr10	112682400	112722100	Low Mappability	chr10	112518305	112558005	mapped
BL000255	chr10	113722600	113729800	Low Mappability	chr10	113558505	113565705	mapped
BL000256	chr10	114167300	114174900	High Signal Region	chr10	114003205	114010805	mapped
BL000257	chr10	114736400	114738300	High Signal Region	chr10	114572305	114574205	mapped
BL000258	chr10	114860600	114866900	High Signal Region	chr10	114696505	114702805	mapped
BL000259	chr10	115641300	115643100	High Signal Region	chr10	115477205	115479005	mapped
BL000260	chr10	116606200	116613400	Low Mappability	chr10	116442105	116449305	mapped
BL000261	chr10	116762000	116764200	High Signal Region	chr10	116597905	116600105	mapped
BL000262	chr10	116878000	116879900	High Signal Region	chr10	116713905	116715805	mapped
BL000263	chr10	117476200	117491000	High Signal Region	chr10	117312105	117326905	mapped
BL000264	chr10	118014300	118033200	High Signal Region	chr10	117850205	117869105	mapped
BL000265	chr10	118054000	118076600	High Signal Region	chr10	117889905	117912505	mapped
BL000266	chr10	118199900	118279700	Low Mappability	chr10	118035805	118115605	mapped
BL000267	chr10	118910200	118917100	High Signal Region	chr10	118746105	118753005	mapped
BL000268	chr10	118937400	118953000	Low Mappability	chr10	118773305	118788905	mapped
BL000269	chr10	119698800	119701600	Low Mappability	chr10	119534705	119537505	mapped
BL000270	chr10	120974800	120977500	High Signal Region	chr10	120810705	120813405	mapped
BL000271	chr10	121136000	121143400	Low Mappability	chr10	120971905	120979305	mapped
BL000272	chr10	121164700	121169300	Low Mappability	chr10	121000605	121005205	mapped
BL000273	chr10	121566100	121580200	High Signal Region	chr10	121402005	121416105	mapped
BL000274	chr10	121707800	121713500	High Signal Region	chr10	121543705	121549405	mapped
BL000275	chr10	121762300	121769400	High Signal Region	chr10	121598205	121605305	mapped
BL000276	chr10	122141100	122166000	High Signal Region	chr10	121977005	122001905	mapped
BL000277	chr10	122346900	122371300	Low Mappability	chr10	122182805	122207205	mapped
BL000278	chr10	122632400	122638000	High Signal Region	chr10	122468305	122473905	mapped
BL000279	chr10	122832900	122839300	High Signal Region	chr10	122668805	122675205	mapped
BL000280	chr10	123792900	123797100	High Signal Region	chr10	123628805	123633005	mapped
BL000281	chr10	124412900	124433300	High Signal Region	chr10	124248805	124269205	mapped
BL000282	chr10	124576300	124583500	Low Mappability	chr10	124412205	124419405	mapped
BL000283	chr10	124605700	124611000	Low Mappability	chr10	124441605	124446905	mapped
BL000284	chr10	124680500	124686200	Low Mappability	chr10	124516405	124522105	mapped
BL000285	chr10	124760500	124788800	High Signal Region	chr10	124596405	124624705	mapped
BL000286	chr10	125819500	125825700	High Signal Region	chr10	125655369	125661569	mapped
BL000287	chr10	125869000	125871400	High Signal Region	chr10	125704869	125707269	mapped
BL000288	chr10	126262200	126291600	Low Mappability	chr10	126098069	126127469	mapped
BL000289	chr10	127779500	127797900	High Signal Region	chr10	127615369	127633769	mapped
BL000290	chr10	129189500	129217200	High Signal Region	chr10	129025369	129053069	mapped
BL000291	chr10	129388700	129419600	Low Mappability	chr10	129224569	129255469	mapped
BL000292	chr10	129443000	129454800	High Signal Region	chr10	129278869	129290669	mapped
BL000293	chr10	129734500	129736400	High Signal Region	chr10	129570369	129572269	mapped
BL000294	chr10	129925300	129940600	Low Mappability	chr10	129761169	129776469	mapped
BL000295	chr10	130039500	130052900	High Signal Region	chr10	129875369	129888769	mapped
BL000296	chr10	130396900	130408000	High Signal Region	chr10	130232769	130243869	mapped
BL000297	chr10	130542000	130694900	High Signal Region				unmapped
BL000298	chr11	0	3201000	High Signal Region				unmapped
BL000299	chr11	5167600	5182600	High Signal Region	chr11	5117600	5132600	mapped
BL000300	chr11	5361500	5365400	Low Mappability	chr11	5311500	5315400	mapped
BL000301	chr11	5552700	5558200	Low Mappability	chr11	5502700	5508200	mapped
BL000302	chr11	6141300	6148700	Low Mappability	chr11	6091300	6098700	mapped
BL000303	chr11	7489400	7492300	High Signal Region	chr11	7439400	7442300	mapped
BL000304	chr11	7752300	7774500	Low Mappability				unmapped
BL000305	chr11	8058600	8083100	Low Mappability	chr11	8008600	8033100	mapped
BL000306	chr11	8354900	8370700	High Signal Region	chr11	8304900	8320700	mapped
BL000307	chr11	8907200	8936100	Low Mappability	chr11	8857200	8886100	mapped
BL000308	chr11	9707900	9715100	Low Mappability	chr11	9657900	9665100	mapped
BL000309	chr11	9807600	9814200	Low Mappability	chr11	9757600	9764200	mapped
BL000310	chr11	10252000	10266800	High Signal Region	chr11	10202000	10216800	mapped
BL000311	chr11	10760200	10770800	Low Mappability	chr11	10710200	10720800	mapped
BL000312	chr11	11287200	11295100	High Signal Region	chr11	11237200	11245100	mapped
BL000313	chr11	12129400	12163100	High Signal Region	chr11	12079400	12113100	mapped
BL000314	chr11	12507200	12512700	Low Mappability	chr11	12457200	12462700	mapped
BL000315	chr11	12561900	12569100	Low Mappability	chr11	12511900	12519100	mapped
BL000316	chr11	12750500	12802700	High Signal Region	chr11	12700500	12752700	mapped
BL000317	chr11	12856200	12863700	High Signal Region	chr11	12806200	12813700	mapped
BL000318	chr11	12953900	12960700	Low Mappability	chr11	12903900	12910700	mapped
BL000319	chr11	14896500	14922100	High Signal Region	chr11	14846500	14872100	mapped
BL000320	chr11	15227600	15235000	Low Mappability	chr11	15177600	15185000	mapped
BL000321	chr11	16022400	16029000	High Signal Region	chr11	15972400	15979000	mapped
BL000322	chr11	16326500	16331700	High Signal Region	chr11	16276500	16281700	mapped
BL000323	chr11	16418200	16419600	High Signal Region	chr11	16368200	16369600	mapped
BL000324	chr11	16567100	16573100	High Signal Region	chr11	16517100	16523100	mapped
BL000325	chr11	17401400	17407800	High Signal Region	chr11	17351400	17357800	mapped
BL000326	chr11	18330900	18342700	High Signal Region	chr11	18280900	18292700	mapped
BL000327	chr11	18773800	18780100	High Signal Region	chr11	18723800	18730100	mapped
BL000328	chr11	19566100	19570600	Low Mappability	chr11	19516100	19520600	mapped
BL000329	chr11	19788600	19809400	Low Mappability	chr11	19738600	19759400	mapped
BL000330	chr11	20310000	20312000	High Signal Region	chr11	20260000	20262000	mapped
BL000331	chr11	20377900	20380400	High Signal Region	chr11	20327900	20330400	mapped
BL000332	chr11	22322000	22340700	Low Mappability	chr11	22272000	22290700	mapped
BL000333	chr11	22395200	22432900	Low Mappability	chr11	22345200	22382900	mapped
BL000334	chr11	22534700	22537000	Low Mappability	chr11	22484700	22487000	mapped
BL000335	chr11	23218500	23258100	Low Mappability	chr11	23168500	23208100	mapped
BL000336	chr11	23522600	23552900	High Signal Region	chr11	23472600	23502900	mapped
BL000337	chr11	24527400	24529500	Low Mappability	chr11	24477400	24479500	mapped
BL000338	chr11	25196800	25217300	High Signal Region	chr11	25146800	25167300	mapped
BL000339	chr11	25796400	25802200	Low Mappability	chr11	25746400	25752200	mapped
BL000340	chr11	26898500	26900500	High Signal Region	chr11	26848500	26850500	mapped
BL000341	chr11	27525200	27541400	High Signal Region	chr11	27475200	27491400	mapped
BL000342	chr11	28097200	28104500	Low Mappability	chr11	28047200	28054500	mapped
BL000343	chr11	29064100	29129900	Low Mappability	chr11	29014100	29079900	mapped
BL000344	chr11	29259900	29291300	High Signal Region	chr11	29209900	29241300	mapped
BL000345	chr11	29586000	29592400	Low Mappability	chr11	29536000	29542400	mapped
BL000346	chr11	30511100	30535400	High Signal Region	chr11	30461100	30485400	mapped
BL000347	chr11	31343800	31345700	Low Mappability	chr11	31293800	31295700	mapped
BL000348	chr11	33062300	33068800	Low Mappability	chr11	33012300	33018800	mapped
BL000349	chr11	34541000	34683100	High Signal Region				unmapped
BL000350	chr11	37482400	37484900	High Signal Region	chr11	37373227	37375727	mapped
BL000351	chr11	40230800	40248400	High Signal Region	chr11	40121627	40139227	mapped
BL000352	chr11	40625500	40640300	Low Mappability	chr11	40516327	40531127	mapped
BL000353	chr11	40796600	40860600	High Signal Region	chr11	40687427	40751427	mapped
BL000354	chr11	40887700	40915600	High Signal Region	chr11	40778527	40806427	mapped
BL000355	chr11	41631700	41633600	High Signal Region	chr11	41522527	41524427	mapped
BL000356	chr11	43237300	43239300	Low Mappability	chr11	43128127	43130127	mapped
BL000357	chr11	43286400	43329800	High Signal Region	chr11	43177227	43220627	mapped
BL000358	chr11	43454800	43462300	Low Mappability	chr11	43345627	43353127	mapped
BL000359	chr11	43659700	43682100	Low Mappability	chr11	43550527	43572927	mapped
BL000360	chr11	45584200	45655700	Low Mappability	chr11	45475027	45546527	mapped
BL000361	chr11	46412300	46415000	Low Mappability	chr11	46303127	46305827	mapped
BL000362	chr11	46492800	46514400	Low Mappability	chr11	46383627	46405227	mapped
BL000363	chr11	47847500	47860600	High Signal Region	chr11	47738327	47751427	mapped
BL000364	chr11	48451800	48536100	High Signal Region	chr11	48342627	48426927	mapped
BL000365	chr11	48929800	49060400	Low Mappability	chr11	48820627	48951227	mapped
BL000366	chr11	50445100	50469600	High Signal Region	chr11	50335927	50360427	mapped
BL000367	chr11	51437600	51456700	High Signal Region	chr11	51328427	51347527	mapped
BL000368	chr11	51664900	51690400	Low Mappability	chr11	51555727	51581227	mapped
BL000369	chr11	54135500	54141600	High Signal Region	chr11	54026326	54032426	mapped
BL000370	chr11	54576500	54583300	Low Mappability	chr11	54467326	54474126	mapped
BL000371	chr11	55240500	55248100	Low Mappability	chr11	55131326	55138926	mapped
BL000372	chr11	56588500	56594500	High Signal Region	chr11	56479326	56485326	mapped
BL000373	chr11	57301700	57303600	High Signal Region	chr11	57192526	57194426	mapped
BL000374	chr11	60558900	60699000	Low Mappability	chr11	60449726	60589826	mapped
BL000375	chr11	61407400	61427800	Low Mappability	chr11	61298226	61318626	mapped
BL000376	chr11	61593700	61596500	Low Mappability	chr11	61484526	61487326	mapped
BL000377	chr11	62879300	62901500	High Signal Region	chr11	62770126	62792326	mapped
BL000378	chr11	63467600	63475000	Low Mappability	chr11	63358426	63365826	mapped
BL000379	chr11	64568100	64574200	High Signal Region	chr11	64458926	64465026	mapped
BL000380	chr11	64681700	64683600	Low Mappability	chr11	64572526	64574426	mapped
BL000381	chr11	64791900	64827100	Low Mappability	chr11	64682726	64717926	mapped
BL000382	chr11	65451700	65458800	Low Mappability	chr11	65342526	65349626	mapped
BL000383	chr11	66629900	66634100	High Signal Region	chr11	66520726	66524926	mapped
BL000384	chr11	66947700	66958600	Low Mappability	chr11	66838526	66849426	mapped
BL000385	chr11	67866400	67872800	Low Mappability	chr11	67757226	67763626	mapped
BL000386	chr11	70155800	70162400	Low Mappability	chr11	70046626	70053226	mapped
BL000387	chr11	71505700	71512100	Low Mappability	chr11	71396526	71402926	mapped
BL000388	chr11	71875200	71881700	Low Mappability	chr11	71766026	71772526	mapped
BL000389	chr11	73436900	73439100	Low Mappability	chr11	73327726	73329926	mapped
BL000390	chr11	74128800	74136200	Low Mappability	chr11	74019626	74027026	mapped
BL000391	chr11	74199900	74226800	Low Mappability	chr11	74090726	74117626	mapped
BL000392	chr11	74301700	74319600	High Signal Region	chr11	74192526	74210426	mapped
BL000393	chr11	74540000	74548400	Low Mappability	chr11	74430826	74439226	mapped
BL000394	chr11	74884300	74899000	Low Mappability	chr11	74775126	74789826	mapped
BL000395	chr11	76828100	76868600	Low Mappability	chr11	76718926	76759426	mapped
BL000396	chr11	77255000	77257100	Low Mappability	chr11	77145826	77147926	mapped
BL000397	chr11	79845100	79847300	Low Mappability	chr11	79735926	79738126	mapped
BL000398	chr11	79872400	79877100	Low Mappability	chr11	79763226	79767926	mapped
BL000399	chr11	79917300	79920800	Low Mappability	chr11	79808126	79811626	mapped
BL000400	chr11	81545400	81552800	Low Mappability	chr11	81436226	81443626	mapped
BL000401	chr11	82123300	82144400	High Signal Region	chr11	82014126	82035226	mapped
BL000402	chr11	82333900	82338400	Low Mappability	chr11	82224726	82229226	mapped
BL000403	chr11	83050300	83093600	High Signal Region	chr11	82941126	82984426	mapped
BL000404	chr11	83126000	83172300	Low Mappability	chr11	83016826	83063126	mapped
BL000405	chr11	85046500	85067800	High Signal Region	chr11	84937326	84958626	mapped
BL000406	chr11	85285400	85292700	High Signal Region	chr11	85176226	85183526	mapped
BL000407	chr11	88910900	88917600	Low Mappability	chr11	88801726	88808426	mapped
BL000408	chr11	88965900	88971900	High Signal Region	chr11	88856726	88862726	mapped
BL000409	chr11	89080800	89101300	High Signal Region	chr11	88971626	88992126	mapped
BL000410	chr11	90504000	90510500	High Signal Region	chr11	90394826	90401326	mapped
BL000411	chr11	90829400	90835000	Low Mappability	chr11	90720226	90725826	mapped
BL000412	chr11	90901700	90908400	Low Mappability	chr11	90792526	90799226	mapped
BL000413	chr11	90958500	91026800	Low Mappability	chr11	90849326	90917626	mapped
BL000414	chr11	91047200	91049300	Low Mappability	chr11	90938026	90940126	mapped
BL000415	chr11	92099000	92108200	High Signal Region	chr11	91989826	91999026	mapped
BL000416	chr11	93409300	93428900	High Signal Region	chr11	93300126	93319726	mapped
BL000417	chr11	94622900	94629900	Low Mappability	chr11	94513726	94520726	mapped
BL000418	chr11	96065000	96093900	High Signal Region	chr11	95955826	95984726	mapped
BL000419	chr11	98586900	98673900	Low Mappability	chr11	98477726	98564726	mapped
BL000420	chr11	99712600	99717300	High Signal Region	chr11	99603426	99608126	mapped
BL000421	chr11	100662800	100669700	Low Mappability	chr11	100553626	100560526	mapped
BL000422	chr11	101731800	101741400	High Signal Region	chr11	101622626	101632226	mapped
BL000423	chr11	102992300	103049900	Low Mappability	chr11	102883126	102940726	mapped
BL000424	chr11	104239000	104242600	Low Mappability	chr11	104129826	104133426	mapped
BL000425	chr11	106028100	106037400	High Signal Region	chr11	105918926	105928226	mapped
BL000426	chr11	106254800	106297600	High Signal Region	chr11	106145626	106188426	mapped
BL000427	chr11	106943500	106950100	Low Mappability	chr11	106834326	106840926	mapped
BL000428	chr11	107188200	107200400	High Signal Region	chr11	107079026	107091226	mapped
BL000429	chr11	107281300	107283200	High Signal Region	chr11	107172126	107174026	mapped
BL000430	chr11	108377600	108404500	Low Mappability	chr11	108268426	108295326	mapped
BL000431	chr11	108649800	108655400	Low Mappability	chr11	108540626	108546226	mapped
BL000432	chr11	109010700	109024400	High Signal Region	chr11	108901526	108915226	mapped
BL000433	chr11	109998500	110024600	Low Mappability	chr11	109889326	109915426	mapped
BL000434	chr11	110421300	110423200	High Signal Region	chr11	110312126	110314026	mapped
BL000435	chr11	111182400	111189800	Low Mappability	chr11	111073226	111080626	mapped
BL000436	chr11	111215500	111234900	Low Mappability	chr11	111106326	111125726	mapped
BL000437	chr11	111353300	111360000	Low Mappability	chr11	111244126	111250826	mapped
BL000438	chr11	111855400	111857100	High Signal Region	chr11	111746226	111747926	mapped
BL000439	chr11	112010600	112016400	High Signal Region	chr11	111901426	111907226	mapped
BL000440	chr11	114456300	114462800	Low Mappability	chr11	114347126	114353626	mapped
BL000441	chr11	115014300	115046900	Low Mappability	chr11	114905126	114937726	mapped
BL000442	chr11	115611200	115665700	High Signal Region	chr11	115502026	115556526	mapped
BL000443	chr11	115754800	115766900	Low Mappability	chr11	115645626	115657726	mapped
BL000444	chr11	116389300	116395200	Low Mappability	chr11	116280126	116286026	mapped
BL000445	chr11	116742700	116792800	Low Mappability	chr11	116633526	116683626	mapped
BL000446	chr11	117499800	117505100	Low Mappability	chr11	117390626	117395926	mapped
BL000447	chr11	119299800	119340300	Low Mappability	chr11	119190626	119231126	mapped
BL000448	chr11	120305300	120357300	Low Mappability	chr11	120196126	120248126	mapped
BL000449	chr11	120515100	120644700	High Signal Region	chr11	120405926	120535526	mapped
BL000450	chr11	121069800	121075100	High Signal Region	chr11	120960626	120965926	mapped
BL000451	chr11	121203000	121207500	Low Mappability	chr11	121093826	121098326	mapped
BL000452	chr11	121396100	121422700	Low Mappability	chr11	121286926	121313526	mapped
BL000453	chr11	121611900	121614000	Low Mappability	chr11	121502726	121504826	mapped
BL000454	chr11	121981400	122082500	High Signal Region				unmapped
BL000455	chr12	0	3070900	High Signal Region				unmapped
BL000456	chr12	3102800	3111000	High Signal Region	chr12	3152800	3161000	mapped
BL000457	chr12	4110500	4112400	High Signal Region	chr12	4160500	4162400	mapped
BL000458	chr12	4218500	4235300	High Signal Region	chr12	4268500	4285300	mapped
BL000459	chr12	4751600	4790100	High Signal Region	chr12	4801600	4840100	mapped
BL000460	chr12	5050300	5065400	High Signal Region	chr12	5100300	5115400	mapped
BL000461	chr12	6514000	6525100	High Signal Region	chr12	6564000	6575100	mapped
BL000462	chr12	6606500	6612600	High Signal Region	chr12	6656500	6662600	mapped
BL000463	chr12	7447300	7449900	High Signal Region	chr12	7497300	7499900	mapped
BL000464	chr12	7801900	7808600	High Signal Region	chr12	7851900	7858600	mapped
BL000465	chr12	7925300	7939600	High Signal Region	chr12	7975300	7989600	mapped
BL000466	chr12	8572000	8640600	High Signal Region	chr12	8622000	8690600	mapped
BL000467	chr12	10693000	10704200	High Signal Region	chr12	10743000	10754200	mapped
BL000468	chr12	10961300	11004600	High Signal Region	chr12	11011300	11054600	mapped
BL000469	chr12	11187600	11194100	High Signal Region	chr12	11237601	11244101	mapped
BL000470	chr12	11642900	11658000	High Signal Region	chr12	11692901	11708001	mapped
BL000471	chr12	12092500	12097600	High Signal Region	chr12	12142501	12147601	mapped
BL000472	chr12	14844600	14848200	High Signal Region	chr12	14894601	14898201	mapped
BL000473	chr12	15026600	15032400	High Signal Region	chr12	15076601	15082401	mapped
BL000474	chr12	15252700	15259600	High Signal Region	chr12	15302701	15309601	mapped
BL000475	chr12	15866100	15871800	High Signal Region	chr12	15916101	15921801	mapped
BL000476	chr12	16746900	16748800	High Signal Region	chr12	16796901	16798801	mapped
BL000477	chr12	17116400	17129400	High Signal Region	chr12	17166401	17179401	mapped
BL000478	chr12	17243500	17248500	High Signal Region	chr12	17293501	17298501	mapped
BL000479	chr12	18340700	18354800	High Signal Region	chr12	18390701	18404801	mapped
BL000480	chr12	18856500	18909700	High Signal Region	chr12	18906501	18959701	mapped
BL000481	chr12	19312600	19413500	High Signal Region	chr12	19362601	19463501	mapped
BL000482	chr12	19442600	19590100	High Signal Region	chr12	19492601	19640101	mapped
BL000483	chr12	19627700	19633600	High Signal Region	chr12	19677701	19683601	mapped
BL000484	chr12	19777500	19781600	High Signal Region	chr12	19827501	19831601	mapped
BL000485	chr12	19879300	19901200	High Signal Region	chr12	19929301	19951201	mapped
BL000486	chr12	19931800	19948600	High Signal Region	chr12	19981801	19998601	mapped
BL000487	chr12	20031900	20205100	High Signal Region	chr12	20081901	20255101	mapped
BL000488	chr12	20225600	20298300	High Signal Region	chr12	20275601	20348301	mapped
BL000489	chr12	21914300	21916000	Low Mappability	chr12	21964301	21966001	mapped
BL000490	chr12	21972100	21987900	High Signal Region	chr12	22022101	22037901	mapped
BL000491	chr12	22021600	22680500	Low Mappability	chr12	22071601	22730501	mapped
BL000492	chr12	22896100	22902300	High Signal Region	chr12	22946101	22952301	mapped
BL000493	chr12	23140700	23225200	High Signal Region	chr12	23190701	23275201	mapped
BL000494	chr12	23283500	24030600	High Signal Region	chr12	23333501	24080601	mapped
BL000495	chr12	24295300	24365100	Low Mappability	chr12	24345301	24415101	mapped
BL000496	chr12	24692300	24727100	High Signal Region	chr12	24742299	24777099	mapped
BL000497	chr12	25591800	25595300	Low Mappability	chr12	25641799	25645299	mapped
BL000498	chr12	25840400	25842100	High Signal Region	chr12	25890399	25892099	mapped
BL000499	chr12	27556800	27592000	High Signal Region	chr12	27606799	27641999	mapped
BL000500	chr12	28491400	28494000	High Signal Region	chr12	28541399	28543999	mapped
BL000501	chr12	28954800	28964000	High Signal Region	chr12	29004799	29013999	mapped
BL000502	chr12	29379500	29400800	High Signal Region	chr12	29429499	29450799	mapped
BL000503	chr12	30965100	31016300	High Signal Region	chr12	31015099	31066299	mapped
BL000504	chr12	32020400	32032500	Low Mappability	chr12	32070399	32082499	mapped
BL000505	chr12	32217700	32219200	High Signal Region	chr12	32267699	32269199	mapped
BL000506	chr12	33388100	33410100	Low Mappability	chr12	33438099	33460099	mapped
BL000507	chr12	33748900	33771800	High Signal Region	chr12	33798899	33821799	mapped
BL000508	chr12	33869500	33880600	High Signal Region	chr12	33919499	33930599	mapped
BL000509	chr12	34056800	34074100	High Signal Region	chr12	34106799	34124099	mapped
BL000510	chr12	34128700	34139700	High Signal Region	chr12	34178699	34189699	mapped
BL000511	chr12	34623000	34629000	Low Mappability	chr12	34672999	34678999	mapped
BL000512	chr12	35783900	35814400	High Signal Region	chr12	35833899	35864399	mapped
BL000513	chr12	36099400	36107200	High Signal Region	chr12	36149399	36157199	mapped
BL000514	chr12	36679100	36700200	Low Mappability	chr12	36729099	36750199	mapped
BL000515	chr12	36952200	36957900	High Signal Region	chr12	37002199	37007899	mapped
BL000516	chr12	38746900	38749300	High Signal Region	chr12	38796899	38799299	mapped
BL000517	chr12	41363500	41385500	High Signal Region	chr12	41413499	41435499	mapped
BL000518	chr12	41502600	41516100	High Signal Region	chr12	41552599	41566099	mapped
BL000519	chr12	41860000	41870200	High Signal Region	chr12	41906783	41916983	mapped
BL000520	chr12	42124500	42126300	High Signal Region	chr12	42171283	42173083	mapped
BL000521	chr12	42437900	42443400	High Signal Region	chr12	42484683	42490183	mapped
BL000522	chr12	42666800	42690800	High Signal Region	chr12	42713583	42737583	mapped
BL000523	chr12	43335600	43349300	High Signal Region	chr12	43382383	43396083	mapped
BL000524	chr12	43659100	43675300	High Signal Region	chr12	43705883	43722083	mapped
BL000525	chr12	43953900	43986900	High Signal Region	chr12	44000683	44033683	mapped
BL000526	chr12	44064500	44070600	High Signal Region	chr12	44111283	44117383	mapped
BL000527	chr12	44765600	44795900	Low Mappability	chr12	44812383	44842683	mapped
BL000528	chr12	45768700	45773700	High Signal Region	chr12	45815483	45820483	mapped
BL000529	chr12	45949200	45962200	High Signal Region	chr12	45995983	46008983	mapped
BL000530	chr12	46707000	46709200	High Signal Region	chr12	46753783	46755983	mapped
BL000531	chr12	47027300	47039300	High Signal Region	chr12	47074083	47086083	mapped
BL000532	chr12	47280500	47286800	High Signal Region	chr12	47327283	47333583	mapped
BL000533	chr12	47328600	47331300	High Signal Region	chr12	47375383	47378083	mapped
BL000534	chr12	47646800	47648300	High Signal Region	chr12	47693583	47695083	mapped
BL000535	chr12	47833000	47834900	High Signal Region	chr12	47879783	47881683	mapped
BL000536	chr12	47995600	47997600	High Signal Region	chr12	48042383	48044383	mapped
BL000537	chr12	48842900	48849500	High Signal Region	chr12	48889683	48896283	mapped
BL000538	chr12	49124800	49155700	High Signal Region	chr12	49171583	49202483	mapped
BL000539	chr12	49245200	49272100	High Signal Region	chr12	49291983	49318883	mapped
BL000540	chr12	49606200	49612000	High Signal Region	chr12	49652983	49658783	mapped
BL000541	chr12	50784600	50789900	High Signal Region	chr12	50831383	50836683	mapped
BL000542	chr12	51486000	51492000	High Signal Region	chr12	51532783	51538783	mapped
BL000543	chr12	52157900	52176400	High Signal Region	chr12	52204683	52223183	mapped
BL000544	chr12	52200400	52223200	High Signal Region	chr12	52247183	52269983	mapped
BL000545	chr12	52579600	52581200	High Signal Region	chr12	52626383	52627983	mapped
BL000546	chr12	52730000	52735400	Low Mappability	chr12	52776783	52782183	mapped
BL000547	chr12	52906200	52952300	High Signal Region	chr12	52952983	52999083	mapped
BL000548	chr12	54358500	54369200	High Signal Region	chr12	54405286	54415986	mapped
BL000549	chr12	54705400	54743600	High Signal Region	chr12	54752185	54790385	mapped
BL000550	chr12	55079600	55267300	Low Mappability	chr12	55126385	55314085	mapped
BL000551	chr12	56104100	56110600	Low Mappability	chr12	56150885	56157385	mapped
BL000552	chr12	56423700	56425000	High Signal Region	chr12	56470485	56471785	mapped
BL000553	chr12	56747800	56752200	High Signal Region	chr12	56794585	56798985	mapped
BL000554	chr12	56911000	56914000	High Signal Region	chr12	56957785	56960785	mapped
BL000555	chr12	58294800	58339800	High Signal Region	chr12	58341586	58386586	mapped
BL000556	chr12	58659000	58692900	High Signal Region	chr12	58705786	58739686	mapped
BL000557	chr12	58858800	58867600	High Signal Region	chr12	58905586	58914386	mapped
BL000558	chr12	59034800	59039300	Low Mappability	chr12	59081586	59086086	mapped
BL000559	chr12	59112800	59124700	High Signal Region	chr12	59159586	59171486	mapped
BL000560	chr12	59270000	59276700	High Signal Region	chr12	59316786	59323486	mapped
BL000561	chr12	59297800	59323200	High Signal Region	chr12	59344586	59369986	mapped
BL000562	chr12	59601000	59605800	High Signal Region	chr12	59647786	59652586	mapped
BL000563	chr12	60069500	60084400	High Signal Region	chr12	60116286	60131186	mapped
BL000564	chr12	60501200	60506200	High Signal Region	chr12	60547986	60552986	mapped
BL000565	chr12	61044200	61045300	High Signal Region	chr12	61090986	61092086	mapped
BL000566	chr12	61289100	61293700	High Signal Region	chr12	61335886	61340486	mapped
BL000567	chr12	61892600	61896100	High Signal Region	chr12	61939386	61942886	mapped
BL000568	chr12	61964500	61971300	High Signal Region	chr12	62011286	62018086	mapped
BL000569	chr12	62035300	62090200	High Signal Region	chr12	62082086	62136986	mapped
BL000570	chr12	62959800	62999500	High Signal Region	chr12	63006586	63046286	mapped
BL000571	chr12	63041800	63048200	High Signal Region	chr12	63088586	63094986	mapped
BL000572	chr12	63289500	63322400	High Signal Region	chr12	63336286	63369186	mapped
BL000573	chr12	63728400	63745100	High Signal Region	chr12	63775174	63791874	mapped
BL000574	chr12	63838200	63840100	High Signal Region	chr12	63884974	63886874	mapped
BL000575	chr12	65260100	65292400	High Signal Region	chr12	65306874	65339174	mapped
BL000576	chr12	65784500	65808300	High Signal Region	chr12	65831274	65855074	mapped
BL000577	chr12	66103800	66127200	High Signal Region	chr12	66150574	66173974	mapped
BL000578	chr12	67058200	67060800	High Signal Region	chr12	67104974	67107574	mapped
BL000579	chr12	67433500	67459300	High Signal Region	chr12	67480274	67506074	mapped
BL000580	chr12	67519200	67571500	High Signal Region	chr12	67565974	67618274	mapped
BL000581	chr12	67828900	67836600	High Signal Region	chr12	67875674	67883374	mapped
BL000582	chr12	68696500	68711800	High Signal Region	chr12	68743274	68758574	mapped
BL000583	chr12	68745100	68750600	Low Mappability	chr12	68791874	68797374	mapped
BL000584	chr12	69059900	69061300	High Signal Region	chr12	69106674	69108074	mapped
BL000585	chr12	69653100	69657800	High Signal Region	chr12	69699874	69704574	mapped
BL000586	chr12	70641800	70668400	Low Mappability	chr12	70688574	70715174	mapped
BL000587	chr12	71077100	71093600	Low Mappability	chr12	71123874	71140374	mapped
BL000588	chr12	71589600	71596000	High Signal Region	chr12	71636374	71642774	mapped
BL000589	chr12	72203000	72209300	High Signal Region	chr12	72249774	72256074	mapped
BL000590	chr12	72634700	72641300	High Signal Region	chr12	72681474	72688074	mapped
BL000591	chr12	74620800	74642100	High Signal Region	chr12	74667574	74688874	mapped
BL000592	chr12	74775800	74778200	High Signal Region	chr12	74822574	74824974	mapped
BL000593	chr12	74803000	74805400	High Signal Region	chr12	74849774	74852174	mapped
BL000594	chr12	74857200	74862700	High Signal Region	chr12	74903974	74909474	mapped
BL000595	chr12	75241800	75248400	High Signal Region	chr12	75288574	75295174	mapped
BL000596	chr12	77160700	77166000	High Signal Region	chr12	77207474	77212774	mapped
BL000597	chr12	77383500	77411300	High Signal Region	chr12	77430274	77458074	mapped
BL000598	chr12	77547200	77553900	High Signal Region	chr12	77593974	77600674	mapped
BL000599	chr12	78260000	78373200	High Signal Region	chr12	78306774	78419974	mapped
BL000600	chr12	78462400	78468500	High Signal Region	chr12	78509174	78515274	mapped
BL000601	chr12	80417200	80449700	High Signal Region	chr12	80463974	80496474	mapped
BL000602	chr12	80894500	80916600	High Signal Region	chr12	80941274	80963374	mapped
BL000603	chr12	81550400	81555100	High Signal Region	chr12	81597174	81601874	mapped
BL000604	chr12	81985400	82064000	Low Mappability	chr12	82032174	82110774	mapped
BL000605	chr12	83093000	83094900	High Signal Region	chr12	83139774	83141674	mapped
BL000606	chr12	85401000	85408600	High Signal Region	chr12	85447774	85455374	mapped
BL000607	chr12	87585600	87771500	Low Mappability				unmapped
BL000608	chr12	87802800	88006400	High Signal Region	chr12	87769570	87973170	mapped
BL000609	chr12	88119800	88169700	Low Mappability	chr12	88086570	88136470	mapped
BL000610	chr12	88229600	88312400	High Signal Region	chr12	88196370	88279170	mapped
BL000611	chr12	88493200	88516700	Low Mappability	chr12	88459970	88483470	mapped
BL000612	chr12	91221400	91256000	High Signal Region	chr12	91188174	91222774	mapped
BL000613	chr12	91439200	91475500	High Signal Region	chr12	91405974	91442274	mapped
BL000614	chr12	92393800	92395800	Low Mappability	chr12	92360574	92362574	mapped
BL000615	chr12	92839700	92892700	High Signal Region	chr12	92806474	92859474	mapped
BL000616	chr12	93233800	93265600	High Signal Region	chr12	93200574	93232374	mapped
BL000617	chr12	93564200	93590500	High Signal Region	chr12	93530974	93557274	mapped
BL000618	chr12	93915400	93951600	High Signal Region	chr12	93882174	93918374	mapped
BL000619	chr12	94268500	94273900	High Signal Region	chr12	94235274	94240674	mapped
BL000620	chr12	94550200	94556100	High Signal Region	chr12	94516974	94522874	mapped
BL000621	chr12	94694300	94713700	High Signal Region	chr12	94661074	94680474	mapped
BL000622	chr12	95976100	96021400	High Signal Region	chr12	95942874	95988174	mapped
BL000623	chr12	97038100	97062700	High Signal Region	chr12	97004874	97029474	mapped
BL000624	chr12	97616600	97622400	High Signal Region	chr12	97582859	97588659	mapped
BL000625	chr12	98173700	98176600	High Signal Region	chr12	98139959	98142859	mapped
BL000626	chr12	99644200	99649400	High Signal Region	chr12	99610459	99615659	mapped
BL000627	chr12	100490600	100492300	High Signal Region	chr12	100456859	100458559	mapped
BL000628	chr12	100766900	100825300	High Signal Region	chr12	100733159	100791559	mapped
BL000629	chr12	101427900	101453500	High Signal Region	chr12	101394159	101419759	mapped
BL000630	chr12	101839700	101849500	High Signal Region	chr12	101805959	101815759	mapped
BL000631	chr12	102892000	102893900	High Signal Region	chr12	102858259	102860159	mapped
BL000632	chr12	103458100	103472900	High Signal Region	chr12	103424359	103439159	mapped
BL000633	chr12	103776900	103813700	High Signal Region	chr12	103743159	103779959	mapped
BL000634	chr12	105300300	105307000	High Signal Region	chr12	105266559	105273259	mapped
BL000635	chr12	105435200	105437100	High Signal Region	chr12	105401459	105403359	mapped
BL000636	chr12	105523800	105525700	High Signal Region	chr12	105490059	105491959	mapped
BL000637	chr12	105628200	105631400	High Signal Region	chr12	105594459	105597659	mapped
BL000638	chr12	108078800	108084400	High Signal Region	chr12	108045059	108050659	mapped
BL000639	chr12	109901900	109909200	Low Mappability	chr12	109868334	109875634	mapped
BL000640	chr12	110011800	110013700	High Signal Region	chr12	109978234	109980134	mapped
BL000641	chr12	111388200	111417100	High Signal Region	chr12	111354634	111383534	mapped
BL000642	chr12	112542200	112548700	High Signal Region	chr12	112508634	112515134	mapped
BL000643	chr12	112775700	112830900	Low Mappability				unmapped
BL000644	chr12	113423500	113461500	High Signal Region	chr12	113387120	113425120	mapped
BL000645	chr12	114584600	114597100	High Signal Region	chr12	114548220	114560720	mapped
BL000646	chr12	114941500	114943900	High Signal Region	chr12	114905120	114907520	mapped
BL000647	chr12	115725800	115748700	High Signal Region	chr12	115689420	115712320	mapped
BL000648	chr12	116796500	116853000	High Signal Region	chr12	116760120	116816620	mapped
BL000649	chr12	118341100	118358400	High Signal Region	chr12	118304835	118322135	mapped
BL000650	chr12	118794900	118797400	High Signal Region	chr12	118758635	118761135	mapped
BL000651	chr12	119013600	119018100	High Signal Region	chr12	118977335	118981835	mapped
BL000652	chr12	119554500	119598100	High Signal Region	chr12	119518235	119561835	mapped
BL000653	chr12	119659100	119670900	High Signal Region	chr12	119622835	119634635	mapped
BL000654	chr12	120023800	120129000	High Signal Region				unmapped
BL000655	chr13	0	3038200	High Signal Region				unmapped
BL000656	chr13	3350900	3378900	High Signal Region	chr13	3400900	3428900	mapped
BL000657	chr13	3404500	3438200	High Signal Region	chr13	3454500	3488200	mapped
BL000658	chr13	3901100	3903100	Low Mappability	chr13	3951100	3953100	mapped
BL000659	chr13	4762900	4770300	High Signal Region	chr13	4812899	4820299	mapped
BL000660	chr13	5171400	5178400	High Signal Region	chr13	5221399	5228399	mapped
BL000661	chr13	7601300	7604100	High Signal Region	chr13	7651336	7654136	mapped
BL000662	chr13	7806100	7810900	High Signal Region	chr13	7856136	7860936	mapped
BL000663	chr13	7893500	7899700	High Signal Region	chr13	7943536	7949736	mapped
BL000664	chr13	9828900	9855900	High Signal Region	chr13	9878936	9905936	mapped
BL000665	chr13	10174800	10181100	Low Mappability	chr13	10224836	10231136	mapped
BL000666	chr13	12684400	13073000	High Signal Region	chr13	12699289	13247585	mapped
BL000667	chr13	13752100	13774000	High Signal Region	chr13	13926685	13948585	mapped
BL000668	chr13	13859900	13907900	High Signal Region	chr13	14034485	14082485	mapped
BL000669	chr13	13981000	13983000	High Signal Region	chr13	14155585	14157585	mapped
BL000670	chr13	14690600	14777500	Low Mappability	chr13	14865185	14952085	mapped
BL000671	chr13	18932700	18963600	Low Mappability	chr13	19116870	19147770	mapped
BL000672	chr13	21753300	21847200	Low Mappability	chr13	21937470	22031370	mapped
BL000673	chr13	23620800	23647900	Low Mappability	chr13	23804783	23831883	mapped
BL000674	chr13	25006900	25051500	High Signal Region	chr13	25190883	25235483	mapped
BL000675	chr13	26440600	26448200	High Signal Region	chr13	26624583	26632183	mapped
BL000676	chr13	27164600	27169100	High Signal Region	chr13	27348583	27353083	mapped
BL000677	chr13	27875800	27888500	High Signal Region	chr13	28059783	28072483	mapped
BL000678	chr13	29880700	29886800	Low Mappability	chr13	30064683	30070783	mapped
BL000679	chr13	32889400	32895200	High Signal Region	chr13	33073383	33079183	mapped
BL000680	chr13	33280200	33319400	High Signal Region	chr13	33464183	33503383	mapped
BL000681	chr13	33350500	33491800	High Signal Region	chr13	33534483	33675783	mapped
BL000682	chr13	35687400	35695700	High Signal Region	chr13	35871383	35879683	mapped
BL000683	chr13	36794200	36797400	High Signal Region	chr13	36978174	36981374	mapped
BL000684	chr13	37036700	37043900	High Signal Region	chr13	37220674	37227874	mapped
BL000685	chr13	38633900	38659300	Low Mappability	chr13	38817876	38843276	mapped
BL000686	chr13	42435800	42437700	High Signal Region	chr13	42589276	42591176	mapped
BL000687	chr13	44868600	44870900	High Signal Region	chr13	45022076	45024376	mapped
BL000688	chr13	46316600	46324000	High Signal Region	chr13	46470076	46477476	mapped
BL000689	chr13	50633400	50741800	High Signal Region	chr13	50787436	50895836	mapped
BL000690	chr13	53269000	53270900	High Signal Region	chr13	53423036	53424936	mapped
BL000691	chr13	60675600	60682600	High Signal Region	chr13	60823414	60830414	mapped
BL000692	chr13	62291600	62346800	Low Mappability	chr13	62439414	62494614	mapped
BL000693	chr13	62409800	62426300	High Signal Region	chr13	62557614	62574114	mapped
BL000694	chr13	63142500	63184600	High Signal Region	chr13	63290314	63332414	mapped
BL000695	chr13	64878100	64885300	High Signal Region	chr13	65025914	65033114	mapped
BL000696	chr13	65352900	66254300	Low Mappability	chr13	65500714	66402114	mapped
BL000697	chr13	71381400	71387500	High Signal Region	chr13	71529519	71535619	mapped
BL000698	chr13	74521500	74565200	High Signal Region	chr13	74669619	74713319	mapped
BL000699	chr13	74684000	74712200	High Signal Region	chr13	74832119	74860319	mapped
BL000700	chr13	76472300	76501300	High Signal Region	chr13	76620419	76649419	mapped
BL000701	chr13	77304000	77305900	High Signal Region	chr13	77452119	77454019	mapped
BL000702	chr13	77430600	77440000	High Signal Region	chr13	77578719	77588119	mapped
BL000703	chr13	79563400	79570800	High Signal Region	chr13	79711519	79718919	mapped
BL000704	chr13	80276300	80279400	High Signal Region	chr13	80424419	80427519	mapped
BL000705	chr13	80489100	80491400	High Signal Region	chr13	80637219	80639519	mapped
BL000706	chr13	83419000	83444300	High Signal Region	chr13	83567119	83592419	mapped
BL000707	chr13	85125800	85145900	High Signal Region	chr13	85273919	85294019	mapped
BL000708	chr13	86149500	86190600	High Signal Region	chr13	86297619	86338719	mapped
BL000709	chr13	86502700	86511700	High Signal Region	chr13	86650819	86659819	mapped
BL000710	chr13	88324900	88345400	High Signal Region	chr13	88473019	88493519	mapped
BL000711	chr13	92599100	92625400	Low Mappability	chr13	92735608	92761908	mapped
BL000712	chr13	93279200	93294800	High Signal Region	chr13	93415708	93431308	mapped
BL000713	chr13	93650100	93651500	High Signal Region	chr13	93786608	93788008	mapped
BL000714	chr13	93940300	93955300	High Signal Region	chr13	94076808	94091808	mapped
BL000715	chr13	94016300	94020800	High Signal Region	chr13	94152808	94157308	mapped
BL000716	chr13	97189600	97206100	High Signal Region	chr13	97326108	97342608	mapped
BL000717	chr13	98418200	98420500	Low Mappability	chr13	98554708	98557008	mapped
BL000718	chr13	99774000	99792100	High Signal Region	chr13	99910508	99928608	mapped
BL000719	chr13	102381900	102387900	High Signal Region	chr13	102518408	102524408	mapped
BL000720	chr13	105123500	105128600	Low Mappability	chr13	105260008	105265108	mapped
BL000721	chr13	107839000	107860300	Low Mappability	chr13	107975535	107996835	mapped
BL000722	chr13	110602100	110615800	High Signal Region	chr13	110738634	110752334	mapped
BL000723	chr13	110729600	110745400	High Signal Region	chr13	110866134	110881934	mapped
BL000724	chr13	111187700	111189500	High Signal Region	chr13	111324234	111326034	mapped
BL000725	chr13	111499700	111515900	Low Mappability	chr13	111636234	111652434	mapped
BL000726	chr13	112577200	112595200	High Signal Region	chr13	112713734	112731734	mapped
BL000727	chr13	113171200	113173100	High Signal Region	chr13	113307734	113309634	mapped
BL000728	chr13	113272600	113310700	High Signal Region	chr13	113409134	113447234	mapped
BL000729	chr13	115498200	115504200	High Signal Region	chr13	115634736	115640736	mapped
BL000730	chr13	115741300	115743200	Low Mappability	chr13	115877836	115879736	mapped
BL000731	chr13	116191900	116193900	High Signal Region	chr13	116328436	116330436	mapped
BL000732	chr13	119188100	119230700	High Signal Region	chr13	119324636	119367236	mapped
BL000733	chr13	119486800	119618500	High Signal Region	chr13	119623336	120080036	mapped
BL000734	chr13	119660800	119674100	High Signal Region	chr13	120122336	120135636	mapped
BL000735	chr13	119899200	120147600	Low Mappability	chr13	120360736	120609136	mapped
BL000736	chr13	120320500	120421600	High Signal Region				unmapped
BL000737	chr14	0	4323000	High Signal Region				unmapped
BL000738	chr14	4372100	4741400	High Signal Region				unmapped
BL000739	chr14	4762800	5839200	High Signal Region				unmapped
BL000740	chr14	5959700	6479300	High Signal Region				unmapped
BL000741	chr14	6500100	6791800	High Signal Region				unmapped
BL000742	chr14	6993800	7734200	High Signal Region				unmapped
BL000743	chr14	7869900	7872200	High Signal Region	chr14	14597572	14599872	mapped
BL000744	chr14	8005200	8018900	High Signal Region	chr14	14450872	14464572	mapped
BL000745	chr14	8285700	8287800	High Signal Region	chr14	14181972	14184072	mapped
BL000746	chr14	8652200	8658800	Low Mappability	chr14	13810972	13817572	mapped
BL000747	chr14	10086500	10118400	High Signal Region	chr14	12351372	12383272	mapped
BL000748	chr14	10178800	10198700	Low Mappability	chr14	12271072	12290972	mapped
BL000749	chr14	11046200	11050200	High Signal Region	chr14	11419572	11423572	mapped
BL000750	chr14	12536700	12538700	High Signal Region	chr14	9931062	9933062	mapped
BL000751	chr14	14333600	14340200	High Signal Region	chr14	8129562	8136162	mapped
BL000752	chr14	15460700	15467200	High Signal Region	chr14	7002562	7009062	mapped
BL000753	chr14	16907800	16914000	High Signal Region				unmapped
BL000754	chr14	16937900	16941100	High Signal Region	chr14	5528595	5531795	mapped
BL000755	chr14	18487900	18494100	High Signal Region	chr14	3975595	3981795	mapped
BL000756	chr14	19251900	19255700	High Signal Region	chr14	3214004	3217804	mapped
BL000757	chr14	19277200	19279100	High Signal Region	chr14	3190604	3192504	mapped
BL000758	chr14	19414800	19633500	High Signal Region	chr14	19469772	19683568	mapped
BL000759	chr14	21360400	21366100	High Signal Region	chr14	21410468	21416168	mapped
BL000760	chr14	21878600	21884500	High Signal Region	chr14	21928668	21934568	mapped
BL000761	chr14	22542900	22570000	High Signal Region	chr14	22592968	22620068	mapped
BL000762	chr14	22902100	22934800	High Signal Region	chr14	22952168	22984868	mapped
BL000763	chr14	25875200	26292200	High Signal Region				unmapped
BL000764	chr14	26946900	26948800	High Signal Region	chr14	26668857	26670757	mapped
BL000765	chr14	29001300	29003200	Low Mappability	chr14	28723257	28725157	mapped
BL000766	chr14	29343900	29345700	Low Mappability	chr14	29065857	29067657	mapped
BL000767	chr14	30748800	30754700	High Signal Region	chr14	30470757	30476657	mapped
BL000768	chr14	31919300	31923900	High Signal Region	chr14	31641257	31645857	mapped
BL000769	chr14	32115300	32120500	Low Mappability	chr14	31837257	31842457	mapped
BL000770	chr14	33667700	33670000	Low Mappability	chr14	33389657	33391957	mapped
BL000771	chr14	33981000	33987500	Low Mappability	chr14	33702957	33709457	mapped
BL000772	chr14	35275300	35281500	High Signal Region	chr14	34997257	35003457	mapped
BL000773	chr14	35709400	35722200	High Signal Region	chr14	35431357	35444157	mapped
BL000774	chr14	36429100	36440100	High Signal Region	chr14	36151057	36162057	mapped
BL000775	chr14	37229100	37260800	Low Mappability	chr14	36951057	36982757	mapped
BL000776	chr14	37619400	37635200	Low Mappability	chr14	37341357	37357157	mapped
BL000777	chr14	38086800	38116800	High Signal Region	chr14	37808757	37838757	mapped
BL000778	chr14	38280800	38283100	High Signal Region	chr14	38002757	38005057	mapped
BL000779	chr14	38455100	38462200	Low Mappability	chr14	38177057	38184157	mapped
BL000780	chr14	39580800	39607200	High Signal Region	chr14	39302757	39329157	mapped
BL000781	chr14	39731900	39737200	High Signal Region	chr14	39453857	39459157	mapped
BL000782	chr14	39905500	39911100	High Signal Region	chr14	39627457	39633057	mapped
BL000783	chr14	41053200	41061900	Low Mappability	chr14	40775157	40783857	mapped
BL000784	chr14	41326900	43109000	High Signal Region	chr14	41048857	42966457	mapped
BL000785	chr14	43132400	43668900	High Signal Region	chr14	42989857	43906357	mapped
BL000786	chr14	43803900	43850200	High Signal Region	chr14	44041357	44087657	mapped
BL000787	chr14	44149300	44152100	High Signal Region	chr14	44386757	44389557	mapped
BL000788	chr14	44273800	44343500	High Signal Region	chr14	44511257	44580957	mapped
BL000789	chr14	44514200	44516000	Low Mappability	chr14	44751657	44753457	mapped
BL000790	chr14	45726200	45753500	High Signal Region	chr14	45963657	45990957	mapped
BL000791	chr14	45811900	45813800	High Signal Region	chr14	46049357	46051257	mapped
BL000792	chr14	46269900	46274300	High Signal Region	chr14	46507357	46511757	mapped
BL000793	chr14	47609500	47630400	High Signal Region	chr14	47846957	47867857	mapped
BL000794	chr14	50538900	50606000	High Signal Region	chr14	50776357	50843457	mapped
BL000795	chr14	50626200	50638500	High Signal Region	chr14	50863657	50875957	mapped
BL000796	chr14	51472000	51515400	High Signal Region	chr14	51709457	51752857	mapped
BL000797	chr14	51730700	51768100	High Signal Region	chr14	51968157	52005557	mapped
BL000798	chr14	51814200	51837200	High Signal Region	chr14	52051657	52074657	mapped
BL000799	chr14	52821200	53035800	Low Mappability	chr14	53058657	53273257	mapped
BL000800	chr14	53146700	53340000	High Signal Region	chr14	53384157	53577457	mapped
BL000801	chr14	53475200	53479600	High Signal Region	chr14	53712657	53717057	mapped
BL000802	chr14	53515600	53530500	Low Mappability	chr14	53753057	53767957	mapped
BL000803	chr14	56447800	56455700	High Signal Region	chr14	56685257	56693157	mapped
BL000804	chr14	56693100	56695000	High Signal Region	chr14	56930557	56932457	mapped
BL000805	chr14	58052600	58059800	Low Mappability	chr14	58290057	58297257	mapped
BL000806	chr14	58462700	58464600	Low Mappability	chr14	58700157	58702057	mapped
BL000807	chr14	58657800	58659700	High Signal Region	chr14	58895249	58897149	mapped
BL000808	chr14	58831400	58833300	High Signal Region	chr14	59068849	59070749	mapped
BL000809	chr14	59250300	59270000	High Signal Region	chr14	59487749	59507449	mapped
BL000810	chr14	59488900	59490800	High Signal Region	chr14	59726349	59728249	mapped
BL000811	chr14	59980800	59995700	High Signal Region	chr14	60218249	60233149	mapped
BL000812	chr14	60328300	60357300	High Signal Region	chr14	60565749	60594749	mapped
BL000813	chr14	60960000	60961900	Low Mappability	chr14	61197449	61199349	mapped
BL000814	chr14	61580500	61586700	High Signal Region	chr14	61817949	61824149	mapped
BL000815	chr14	61855000	61856300	High Signal Region	chr14	62092449	62093749	mapped
BL000816	chr14	62107300	62126200	High Signal Region	chr14	62344749	62363649	mapped
BL000817	chr14	64290100	64292500	High Signal Region	chr14	64527549	64529949	mapped
BL000818	chr14	64463300	64478500	Low Mappability	chr14	64700749	64715949	mapped
BL000819	chr14	65128900	65135300	Low Mappability	chr14	65366349	65372749	mapped
BL000820	chr14	66427000	66428400	High Signal Region	chr14	66664449	66665849	mapped
BL000821	chr14	68232600	68278200	High Signal Region	chr14	68470049	68515649	mapped
BL000822	chr14	69161000	69163400	High Signal Region	chr14	69398449	69400849	mapped
BL000823	chr14	70974500	70975600	High Signal Region	chr14	71211940	71213040	mapped
BL000824	chr14	71121300	71126700	High Signal Region	chr14	71358740	71364140	mapped
BL000825	chr14	71449700	71453700	High Signal Region	chr14	71687140	71691140	mapped
BL000826	chr14	71783600	71804000	High Signal Region	chr14	72021040	72041440	mapped
BL000827	chr14	72900100	72921400	High Signal Region	chr14	73137540	73158840	mapped
BL000828	chr14	73644600	73679900	High Signal Region	chr14	73882040	73917340	mapped
BL000829	chr14	73847900	73861200	High Signal Region	chr14	74085340	74098640	mapped
BL000830	chr14	74039300	74066900	High Signal Region	chr14	74276740	74304340	mapped
BL000831	chr14	74124400	74138500	High Signal Region	chr14	74361840	74375940	mapped
BL000832	chr14	74435600	74447800	High Signal Region	chr14	74673040	74685240	mapped
BL000833	chr14	75425300	75440500	High Signal Region	chr14	75662740	75677940	mapped
BL000834	chr14	78162300	78168200	High Signal Region	chr14	78399740	78405640	mapped
BL000835	chr14	78401700	78403200	High Signal Region	chr14	78639140	78640640	mapped
BL000836	chr14	79145300	79196400	High Signal Region	chr14	79382740	79433840	mapped
BL000837	chr14	80148100	80150800	High Signal Region	chr14	80385540	80388240	mapped
BL000838	chr14	80422800	80439400	High Signal Region	chr14	80660240	80676840	mapped
BL000839	chr14	80622600	80627700	High Signal Region	chr14	80860040	80865140	mapped
BL000840	chr14	81333200	81337500	High Signal Region	chr14	81570640	81574940	mapped
BL000841	chr14	81495300	81519300	High Signal Region	chr14	81732740	81756740	mapped
BL000842	chr14	82077600	82084900	High Signal Region	chr14	82315040	82322340	mapped
BL000843	chr14	82846900	82867200	High Signal Region	chr14	83084340	83104640	mapped
BL000844	chr14	82958700	82964100	High Signal Region	chr14	83196140	83201540	mapped
BL000845	chr14	83292900	83306500	High Signal Region	chr14	83530340	83543940	mapped
BL000846	chr14	83507000	83512600	High Signal Region	chr14	83744440	83750040	mapped
BL000847	chr14	84354700	84409800	High Signal Region	chr14	84592140	84647240	mapped
BL000848	chr14	84855100	84881600	Low Mappability	chr14	85092540	85119040	mapped
BL000849	chr14	85177800	85203300	Low Mappability	chr14	85415240	85440740	mapped
BL000850	chr14	85521200	85535200	Low Mappability	chr14	85758640	85772640	mapped
BL000851	chr14	86198000	86200000	High Signal Region	chr14	86435440	86437440	mapped
BL000852	chr14	86590500	86614400	High Signal Region	chr14	86827936	86851836	mapped
BL000853	chr14	87354600	87373000	High Signal Region	chr14	87592036	87610436	mapped
BL000854	chr14	87671400	87677500	High Signal Region	chr14	87908836	87914936	mapped
BL000855	chr14	87790500	87852200	High Signal Region	chr14	88027936	88089636	mapped
BL000856	chr14	88450200	88453600	High Signal Region	chr14	88687636	88691036	mapped
BL000857	chr14	88478400	88480300	High Signal Region	chr14	88715836	88717736	mapped
BL000858	chr14	90018300	90019500	High Signal Region	chr14	90255736	90256936	mapped
BL000859	chr14	90294700	90301800	High Signal Region	chr14	90532136	90539236	mapped
BL000860	chr14	90910200	90912200	High Signal Region	chr14	91147636	91149636	mapped
BL000861	chr14	91415900	91418400	High Signal Region	chr14	91653336	91655836	mapped
BL000862	chr14	91510800	91514900	High Signal Region	chr14	91748236	91752336	mapped
BL000863	chr14	91672700	91694800	High Signal Region	chr14	91910136	91932236	mapped
BL000864	chr14	91951700	91976400	High Signal Region	chr14	92189136	92213836	mapped
BL000865	chr14	92032500	92040900	High Signal Region	chr14	92269936	92278336	mapped
BL000866	chr14	92383600	92389900	High Signal Region	chr14	92621036	92627336	mapped
BL000867	chr14	92411600	92432900	High Signal Region	chr14	92649036	92670336	mapped
BL000868	chr14	92792600	92798500	High Signal Region	chr14	93030036	93035936	mapped
BL000869	chr14	92921100	92953200	High Signal Region	chr14	93158536	93190636	mapped
BL000870	chr14	93017600	93020400	High Signal Region	chr14	93255036	93257836	mapped
BL000871	chr14	93355600	93360200	High Signal Region	chr14	93593036	93597636	mapped
BL000872	chr14	94319700	94327000	High Signal Region	chr14	94557136	94564436	mapped
BL000873	chr14	95561600	95567600	High Signal Region	chr14	95799036	95805036	mapped
BL000874	chr14	96048000	96054300	High Signal Region	chr14	96285436	96291736	mapped
BL000875	chr14	96093600	96116100	High Signal Region	chr14	96331036	96353536	mapped
BL000876	chr14	97323800	97326500	High Signal Region	chr14	97561236	97563936	mapped
BL000877	chr14	98226800	98237000	High Signal Region	chr14	98464236	98474436	mapped
BL000878	chr14	98731900	98757200	High Signal Region	chr14	98969336	98994636	mapped
BL000879	chr14	99207100	99208200	High Signal Region	chr14	99444536	99445636	mapped
BL000880	chr14	99649700	99655500	High Signal Region	chr14	99887136	99892936	mapped
BL000881	chr14	101076400	101098900	Low Mappability	chr14	101313836	101336336	mapped
BL000882	chr14	101404800	101414800	High Signal Region	chr14	101642236	101652236	mapped
BL000883	chr14	102548900	102565300	High Signal Region	chr14	102786336	102802736	mapped
BL000884	chr14	102755800	102762600	High Signal Region	chr14	102993236	103000036	mapped
BL000885	chr14	103300300	103302400	High Signal Region	chr14	103537736	103539836	mapped
BL000886	chr14	103858600	103872900	High Signal Region	chr14	104096036	104110336	mapped
BL000887	chr14	103999500	104025500	High Signal Region	chr14	104236936	104262936	mapped
BL000888	chr14	104104800	104128100	Low Mappability	chr14	104342236	104365536	mapped
BL000889	chr14	104704500	104716800	High Signal Region	chr14	104941936	104954236	mapped
BL000890	chr14	105758200	105764900	Low Mappability	chr14	105995634	106002334	mapped
BL000891	chr14	105911400	105978300	High Signal Region	chr14	106148834	106215734	mapped
BL000892	chr14	106002700	106005700	Low Mappability	chr14	106240134	106243134	mapped
BL000893	chr14	106301000	106352700	High Signal Region	chr14	106538434	106590134	mapped
BL000894	chr14	106444800	106483100	Low Mappability	chr14	106682234	106720534	mapped
BL000895	chr14	106722600	106728700	High Signal Region	chr14	106960034	106966134	mapped
BL000896	chr14	106895300	106897000	Low Mappability	chr14	107132732	107134432	mapped
BL000897	chr14	108115100	108174900	Low Mappability	chr14	108352532	108412332	mapped
BL000898	chr14	108283900	108303500	High Signal Region	chr14	108521332	108540932	mapped
BL000899	chr14	109675300	109681200	High Signal Region	chr14	109912732	109918632	mapped
BL000900	chr14	109911500	109917800	High Signal Region	chr14	110148932	110155232	mapped
BL000901	chr14	110057000	110108200	Low Mappability	chr14	110294432	110345632	mapped
BL000902	chr14	110356200	110373800	High Signal Region	chr14	110593632	110611232	mapped
BL000903	chr14	110492000	110495700	Low Mappability	chr14	110729432	110733132	mapped
BL000904	chr14	110906100	110908200	High Signal Region	chr14	111143532	111145632	mapped
BL000905	chr14	110992800	110994500	High Signal Region	chr14	111230232	111231932	mapped
BL000906	chr14	111903200	111909800	High Signal Region	chr14	112140632	112147232	mapped
BL000907	chr14	112074600	112092300	High Signal Region	chr14	112312032	112329732	mapped
BL000908	chr14	112210500	112215800	High Signal Region	chr14	112447932	112453232	mapped
BL000909	chr14	112285400	112291900	High Signal Region	chr14	112522832	112529332	mapped
BL000910	chr14	112332800	112340000	Low Mappability	chr14	112570232	112577432	mapped
BL000911	chr14	112517900	112519900	High Signal Region	chr14	112755332	112757332	mapped
BL000912	chr14	112627800	112663100	Low Mappability	chr14	112865232	112900532	mapped
BL000913	chr14	114505900	114512900	High Signal Region	chr14	114743332	114750332	mapped
BL000914	chr14	114822000	114823900	Low Mappability	chr14	115059432	115061332	mapped
BL000915	chr14	115109700	115117400	High Signal Region	chr14	115347112	115354812	mapped
BL000916	chr14	115272500	115280200	High Signal Region	chr14	115509912	115517612	mapped
BL000917	chr14	115379200	115385600	High Signal Region	chr14	115616612	115623012	mapped
BL000918	chr14	115911100	115912900	High Signal Region	chr14	116148512	116150312	mapped
BL000919	chr14	115958100	115965000	High Signal Region	chr14	116195512	116202412	mapped
BL000920	chr14	116402700	116407700	High Signal Region	chr14	116640112	116645112	mapped
BL000921	chr14	116817000	116822900	High Signal Region	chr14	117054412	117060312	mapped
BL000922	chr14	117285800	117292800	High Signal Region	chr14	117523212	117530212	mapped
BL000923	chr14	118144700	118168500	Low Mappability	chr14	118382112	118405912	mapped
BL000924	chr14	119286000	119287900	High Signal Region	chr14	119523412	119525312	mapped
BL000925	chr14	120180000	120202600	High Signal Region	chr14	120417412	120440012	mapped
BL000926	chr14	120742600	120749700	High Signal Region	chr14	120980012	120987112	mapped
BL000927	chr14	120777500	120802300	High Signal Region	chr14	121014912	121039712	mapped
BL000928	chr14	121007000	121010900	Low Mappability	chr14	121244412	121248312	mapped
BL000929	chr14	122502500	122534800	High Signal Region	chr14	122739912	122772212	mapped
BL000930	chr14	123349400	123351300	Low Mappability	chr14	123586812	123588712	mapped
BL000931	chr14	123412000	123452600	High Signal Region	chr14	123649412	123690012	mapped
BL000932	chr14	123674600	123695600	High Signal Region	chr14	123912012	123933012	mapped
BL000933	chr14	124334000	124340200	High Signal Region	chr14	124571412	124577612	mapped
BL000934	chr14	124415600	124436400	High Signal Region	chr14	124653012	124673812	mapped
BL000935	chr14	124491600	124497700	High Signal Region	chr14	124729012	124735112	mapped
BL000936	chr14	124739500	124902200	High Signal Region				unmapped
BL000937	chr15	0	3125600	High Signal Region				unmapped
BL000938	chr15	3150900	3170400	High Signal Region	chr15	3180382	3199882	mapped
BL000939	chr15	3313900	3336200	High Signal Region	chr15	3343382	3365682	mapped
BL000940	chr15	3360500	3363700	High Signal Region	chr15	3389982	3393182	mapped
BL000941	chr15	3538600	3551000	High Signal Region	chr15	3568082	3580482	mapped
BL000942	chr15	3712200	3732700	High Signal Region	chr15	3741682	3762182	mapped
BL000943	chr15	3793500	3823000	High Signal Region	chr15	3822982	3852482	mapped
BL000944	chr15	4155900	4160900	High Signal Region	chr15	4185382	4190382	mapped
BL000945	chr15	4278500	4284100	High Signal Region	chr15	4307982	4313582	mapped
BL000946	chr15	4852000	4894600	Low Mappability	chr15	4881482	4924082	mapped
BL000947	chr15	4980200	4987600	Low Mappability	chr15	5009682	5017082	mapped
BL000948	chr15	5369000	5385500	High Signal Region	chr15	5398481	5414981	mapped
BL000949	chr15	5681700	5690400	High Signal Region	chr15	5711181	5719881	mapped
BL000950	chr15	5910000	5911700	High Signal Region	chr15	5939481	5941181	mapped
BL000951	chr15	5993500	5995400	High Signal Region	chr15	6022981	6024881	mapped
BL000952	chr15	6074100	6087100	Low Mappability	chr15	6103581	6116581	mapped
BL000953	chr15	6192800	6200000	Low Mappability	chr15	6222281	6229481	mapped
BL000954	chr15	6316000	6317900	High Signal Region	chr15	6345481	6347381	mapped
BL000955	chr15	6510500	6539100	High Signal Region	chr15	6539981	6568581	mapped
BL000956	chr15	6674800	6701400	High Signal Region	chr15	6704281	6730881	mapped
BL000957	chr15	6801200	6808300	High Signal Region	chr15	6830681	6837781	mapped
BL000958	chr15	7539900	7548600	Low Mappability	chr15	7569381	7578081	mapped
BL000959	chr15	7800800	7803000	Low Mappability	chr15	7830281	7832481	mapped
BL000960	chr15	7849400	7855600	High Signal Region	chr15	7878881	7885081	mapped
BL000961	chr15	7904400	7929500	Low Mappability	chr15	7933881	7958981	mapped
BL000962	chr15	8517500	8520400	High Signal Region	chr15	8546984	8549884	mapped
BL000963	chr15	8548000	8576100	Low Mappability	chr15	8577484	8605584	mapped
BL000964	chr15	8800200	8808700	High Signal Region	chr15	8829684	8838184	mapped
BL000965	chr15	8985200	9054800	High Signal Region				unmapped
BL000966	chr15	9219000	9224900	Low Mappability	chr15	9219086	9224986	mapped
BL000967	chr15	9293200	9333300	High Signal Region	chr15	9293286	9333386	mapped
BL000968	chr15	9379300	9409100	High Signal Region	chr15	9379386	9409186	mapped
BL000969	chr15	9437100	9443600	High Signal Region	chr15	9437186	9443686	mapped
BL000970	chr15	9536500	9554100	High Signal Region	chr15	9536586	9554186	mapped
BL000971	chr15	9992700	10045700	High Signal Region	chr15	9992786	10045786	mapped
BL000972	chr15	10579600	10591500	Low Mappability	chr15	10579686	10591586	mapped
BL000973	chr15	10753400	10810200	High Signal Region	chr15	10753486	10810286	mapped
BL000974	chr15	10835200	10854700	Low Mappability	chr15	10835286	10854786	mapped
BL000975	chr15	11921000	11933300	High Signal Region	chr15	11921086	11933386	mapped
BL000976	chr15	12055800	12063200	Low Mappability	chr15	12055886	12063286	mapped
BL000977	chr15	12526800	12531900	Low Mappability	chr15	12526886	12531986	mapped
BL000978	chr15	12872000	12873900	High Signal Region	chr15	12872086	12873986	mapped
BL000979	chr15	12932300	12934200	Low Mappability	chr15	12932386	12934286	mapped
BL000980	chr15	13919500	13948300	High Signal Region	chr15	13919586	13948386	mapped
BL000981	chr15	14414600	14439100	Low Mappability	chr15	14414686	14439186	mapped
BL000982	chr15	14722200	14732900	High Signal Region	chr15	14722286	14732986	mapped
BL000983	chr15	14873900	14902400	High Signal Region	chr15	14873986	14902486	mapped
BL000984	chr15	15043600	15059700	High Signal Region	chr15	15043686	15059786	mapped
BL000985	chr15	15525500	15551900	High Signal Region	chr15	15525586	15551986	mapped
BL000986	chr15	16168200	16186400	High Signal Region	chr15	16168286	16186486	mapped
BL000987	chr15	16303700	16309500	High Signal Region	chr15	16303786	16309586	mapped
BL000988	chr15	16716400	16717500	High Signal Region	chr15	16716486	16717586	mapped
BL000989	chr15	16901300	16907100	High Signal Region	chr15	16901386	16907186	mapped
BL000990	chr15	16939800	16955100	Low Mappability	chr15	16939886	16955186	mapped
BL000991	chr15	17139000	17169100	High Signal Region	chr15	17139086	17169186	mapped
BL000992	chr15	17562100	17581400	High Signal Region	chr15	17562186	17581486	mapped
BL000993	chr15	18314600	18325000	High Signal Region	chr15	18314686	18325086	mapped
BL000994	chr15	19038400	19063800	Low Mappability	chr15	19038486	19063886	mapped
BL000995	chr15	19402600	19405500	High Signal Region	chr15	19402686	19405586	mapped
BL000996	chr15	19448100	19453900	High Signal Region	chr15	19448186	19453986	mapped
BL000997	chr15	19557200	19578000	High Signal Region	chr15	19557286	19578086	mapped
BL000998	chr15	19626800	19631800	High Signal Region	chr15	19626886	19631886	mapped
BL000999	chr15	19678400	19685800	High Signal Region	chr15	19678486	19685886	mapped
BL001000	chr15	20063000	20067500	High Signal Region	chr15	20063086	20067586	mapped
BL001001	chr15	20155100	20170700	Low Mappability	chr15	20155186	20170786	mapped
BL001002	chr15	20474900	20510100	High Signal Region	chr15	20474986	20510186	mapped
BL001003	chr15	20531400	20537100	High Signal Region	chr15	20531486	20537186	mapped
BL001004	chr15	20821500	20826700	High Signal Region	chr15	20821586	20826786	mapped
BL001005	chr15	20972700	20978300	Low Mappability	chr15	20972786	20978386	mapped
BL001006	chr15	21114000	21115900	High Signal Region	chr15	21114086	21115986	mapped
BL001007	chr15	21262100	21268500	Low Mappability	chr15	21262186	21268586	mapped
BL001008	chr15	21423200	21487200	High Signal Region	chr15	21423286	21487286	mapped
BL001009	chr15	21655500	21657500	High Signal Region	chr15	21655586	21657586	mapped
BL001010	chr15	21815500	21820800	High Signal Region	chr15	21815586	21820886	mapped
BL001011	chr15	21853700	21892400	High Signal Region	chr15	21853786	21892486	mapped
BL001012	chr15	22268700	22293500	High Signal Region	chr15	22268786	22293586	mapped
BL001013	chr15	22751400	22756700	Low Mappability	chr15	22751486	22756786	mapped
BL001014	chr15	22799300	22809700	Low Mappability	chr15	22799386	22809786	mapped
BL001015	chr15	23240200	23255600	Low Mappability	chr15	23240286	23255686	mapped
BL001016	chr15	23465300	23467800	High Signal Region	chr15	23465386	23467886	mapped
BL001017	chr15	23886000	23887900	Low Mappability	chr15	23886086	23887986	mapped
BL001018	chr15	23926900	23939700	High Signal Region	chr15	23926986	23939786	mapped
BL001019	chr15	24309300	24325700	Low Mappability	chr15	24309386	24325786	mapped
BL001020	chr15	24761100	24766700	High Signal Region	chr15	24761186	24766786	mapped
BL001021	chr15	24801600	24837300	High Signal Region	chr15	24801686	24837386	mapped
BL001022	chr15	24880900	24898600	Low Mappability	chr15	24880986	24898686	mapped
BL001023	chr15	25051400	25065200	Low Mappability	chr15	25051486	25065286	mapped
BL001024	chr15	26112700	26118900	High Signal Region	chr15	26112786	26118986	mapped
BL001025	chr15	26905000	26919300	Low Mappability	chr15	26905086	26919386	mapped
BL001026	chr15	27286100	27326800	High Signal Region	chr15	27286186	27326886	mapped
BL001027	chr15	27384100	27390300	Low Mappability	chr15	27384186	27390386	mapped
BL001028	chr15	27638200	27640500	High Signal Region	chr15	27638286	27640586	mapped
BL001029	chr15	28564400	28578800	High Signal Region	chr15	28564546	28578946	mapped
BL001030	chr15	29285200	29291500	Low Mappability	chr15	29285346	29291646	mapped
BL001031	chr15	29347600	29395600	High Signal Region	chr15	29347746	29395746	mapped
BL001032	chr15	29463900	29470200	High Signal Region	chr15	29464046	29470346	mapped
BL001033	chr15	29969800	30001400	High Signal Region	chr15	29969946	30001546	mapped
BL001034	chr15	30117700	30126200	High Signal Region	chr15	30117846	30126346	mapped
BL001035	chr15	30441400	30448200	Low Mappability	chr15	30441546	30448346	mapped
BL001036	chr15	30747900	30755000	High Signal Region	chr15	30748046	30755146	mapped
BL001037	chr15	30996700	31016300	High Signal Region	chr15	30996846	31016446	mapped
BL001038	chr15	31066700	31083700	High Signal Region	chr15	31066846	31083846	mapped
BL001039	chr15	32783900	32806700	High Signal Region	chr15	32784046	32806846	mapped
BL001040	chr15	32832800	32880300	High Signal Region	chr15	32832946	32880446	mapped
BL001041	chr15	33138700	33140800	Low Mappability	chr15	33138846	33140946	mapped
BL001042	chr15	33308700	33310800	Low Mappability	chr15	33308846	33310946	mapped
BL001043	chr15	33444200	33454100	High Signal Region	chr15	33444346	33454246	mapped
BL001044	chr15	33710200	33745700	High Signal Region	chr15	33710346	33745846	mapped
BL001045	chr15	33781400	33849400	High Signal Region	chr15	33781546	33849546	mapped
BL001046	chr15	33869800	33884700	High Signal Region	chr15	33869946	33884846	mapped
BL001047	chr15	34494500	34502100	Low Mappability	chr15	34494646	34502246	mapped
BL001048	chr15	34763100	34769400	High Signal Region	chr15	34763246	34769546	mapped
BL001049	chr15	34987600	34992800	High Signal Region	chr15	34987746	34992946	mapped
BL001050	chr15	35013200	35015400	High Signal Region	chr15	35013346	35015546	mapped
BL001051	chr15	35366800	35406000	High Signal Region	chr15	35366946	35406146	mapped
BL001052	chr15	36715200	36737400	High Signal Region	chr15	36715444	36737644	mapped
BL001053	chr15	36966700	36997400	Low Mappability	chr15	36966944	36997644	mapped
BL001054	chr15	37072900	37150800	Low Mappability	chr15	37073144	37151044	mapped
BL001055	chr15	38462300	38484300	Low Mappability	chr15	38462544	38484544	mapped
BL001056	chr15	39172900	39178300	Low Mappability	chr15	39036295	39041695	mapped
BL001057	chr15	39335600	39348800	Low Mappability	chr15	39198995	39212196	mapped
BL001058	chr15	39496100	39499100	High Signal Region	chr15	39359496	39362496	mapped
BL001059	chr15	39695600	39718600	Low Mappability	chr15	39558996	39581996	mapped
BL001060	chr15	40049600	40056000	High Signal Region	chr15	39912996	39919396	mapped
BL001061	chr15	40086800	40101400	High Signal Region	chr15	39950196	39964796	mapped
BL001062	chr15	41531400	41533200	High Signal Region	chr15	41394796	41396596	mapped
BL001063	chr15	41890400	41896900	Low Mappability	chr15	41753796	41760296	mapped
BL001064	chr15	42354900	42361100	High Signal Region	chr15	42218296	42224496	mapped
BL001065	chr15	42925300	42942800	High Signal Region	chr15	42788696	42806196	mapped
BL001066	chr15	43287300	43346300	High Signal Region	chr15	43150696	43209696	mapped
BL001067	chr15	44469100	44476400	High Signal Region	chr15	44332496	44339796	mapped
BL001068	chr15	44649000	44659600	Low Mappability	chr15	44512396	44522996	mapped
BL001069	chr15	44723200	44728200	Low Mappability	chr15	44586596	44591596	mapped
BL001070	chr15	44769700	44796100	High Signal Region	chr15	44633096	44659496	mapped
BL001071	chr15	45005100	45009300	High Signal Region	chr15	44868496	44872696	mapped
BL001072	chr15	45194600	45197100	High Signal Region	chr15	45057996	45060496	mapped
BL001073	chr15	45577500	45590900	High Signal Region	chr15	45440896	45454296	mapped
BL001074	chr15	45635600	45650500	High Signal Region	chr15	45498996	45513896	mapped
BL001075	chr15	45774400	45779700	High Signal Region	chr15	45637796	45643096	mapped
BL001076	chr15	45890700	45932500	High Signal Region	chr15	45754096	45795896	mapped
BL001077	chr15	46255700	46257800	Low Mappability	chr15	46119096	46121196	mapped
BL001078	chr15	46355600	46368400	High Signal Region	chr15	46218996	46231796	mapped
BL001079	chr15	46502200	46506800	Low Mappability	chr15	46365596	46370196	mapped
BL001080	chr15	46562500	46566200	Low Mappability	chr15	46425896	46429596	mapped
BL001081	chr15	47232800	47256000	High Signal Region	chr15	47096196	47119396	mapped
BL001082	chr15	47356500	47363700	Low Mappability	chr15	47219896	47227096	mapped
BL001083	chr15	47539000	47555300	High Signal Region	chr15	47402396	47418696	mapped
BL001084	chr15	48666900	48671000	High Signal Region	chr15	48530296	48534396	mapped
BL001085	chr15	49283300	49299700	High Signal Region	chr15	49146696	49163096	mapped
BL001086	chr15	49322600	49327300	Low Mappability	chr15	49185996	49190696	mapped
BL001087	chr15	50426100	50442800	High Signal Region	chr15	50289496	50306196	mapped
BL001088	chr15	50557700	50642600	High Signal Region	chr15	50421096	50505996	mapped
BL001089	chr15	51113200	51117800	High Signal Region	chr15	50976596	50981196	mapped
BL001090	chr15	51531900	51533900	Low Mappability	chr15	51395296	51397296	mapped
BL001091	chr15	52125800	52131200	High Signal Region	chr15	51989196	51994596	mapped
BL001092	chr15	52329800	52353100	High Signal Region	chr15	52193196	52216496	mapped
BL001093	chr15	53039200	53044200	Low Mappability	chr15	52902596	52907596	mapped
BL001094	chr15	53831000	53834900	High Signal Region	chr15	53694396	53698296	mapped
BL001095	chr15	53870700	53872700	High Signal Region	chr15	53734096	53736096	mapped
BL001096	chr15	53918300	53929500	High Signal Region	chr15	53781696	53792896	mapped
BL001097	chr15	54180700	54211500	Low Mappability	chr15	54044096	54074896	mapped
BL001098	chr15	56032900	56038200	High Signal Region	chr15	55896296	55901596	mapped
BL001099	chr15	56175800	56183100	Low Mappability	chr15	56039196	56046496	mapped
BL001100	chr15	56363800	56367900	High Signal Region	chr15	56227196	56231296	mapped
BL001101	chr15	56400500	56402200	High Signal Region	chr15	56263896	56265596	mapped
BL001102	chr15	56941600	56993500	High Signal Region	chr15	56804996	56856896	mapped
BL001103	chr15	57279500	57285000	High Signal Region	chr15	57142896	57148396	mapped
BL001104	chr15	57412200	57433600	High Signal Region	chr15	57275596	57296996	mapped
BL001105	chr15	57889500	57913700	Low Mappability	chr15	57752896	57777096	mapped
BL001106	chr15	58437200	58441100	High Signal Region	chr15	58309049	58312949	mapped
BL001107	chr15	59421400	59435400	Low Mappability	chr15	59293249	59307249	mapped
BL001108	chr15	59850100	59875200	Low Mappability	chr15	59721949	59747049	mapped
BL001109	chr15	60153100	60203900	High Signal Region	chr15	60024949	60075749	mapped
BL001110	chr15	60592000	60594300	Low Mappability	chr15	60463849	60466149	mapped
BL001111	chr15	60931800	60986500	High Signal Region	chr15	60803649	60858349	mapped
BL001112	chr15	61148600	61150700	High Signal Region	chr15	61020449	61022549	mapped
BL001113	chr15	61903100	61915500	High Signal Region	chr15	61774949	61787349	mapped
BL001114	chr15	62367600	62370100	High Signal Region	chr15	62239449	62241949	mapped
BL001115	chr15	62553200	62555200	High Signal Region	chr15	62425049	62427049	mapped
BL001116	chr15	62686500	62693700	High Signal Region	chr15	62558349	62565549	mapped
BL001117	chr15	63329400	63346600	Low Mappability	chr15	63201249	63218449	mapped
BL001118	chr15	63626000	63627900	High Signal Region	chr15	63497849	63499749	mapped
BL001119	chr15	63791700	63796000	High Signal Region	chr15	63663549	63667849	mapped
BL001120	chr15	63837600	63922800	High Signal Region	chr15	63709449	63794649	mapped
BL001121	chr15	64591700	64598200	Low Mappability	chr15	64463549	64470049	mapped
BL001122	chr15	64673500	64681900	High Signal Region	chr15	64545349	64553749	mapped
BL001123	chr15	65115600	65123500	Low Mappability	chr15	64987449	64995349	mapped
BL001124	chr15	65598500	65604500	High Signal Region	chr15	65470349	65476349	mapped
BL001125	chr15	65666600	65673800	High Signal Region	chr15	65538449	65545649	mapped
BL001126	chr15	65714400	65753500	High Signal Region	chr15	65586249	65625349	mapped
BL001127	chr15	66045100	66065700	High Signal Region	chr15	65916949	65937549	mapped
BL001128	chr15	66208300	66210200	High Signal Region	chr15	66080149	66082049	mapped
BL001129	chr15	68136300	68137800	Low Mappability	chr15	68008149	68009649	mapped
BL001130	chr15	68980000	68986500	High Signal Region	chr15	68851849	68858349	mapped
BL001131	chr15	69122300	69164500	High Signal Region	chr15	68994149	69036349	mapped
BL001132	chr15	69264900	69268800	High Signal Region	chr15	69136749	69140649	mapped
BL001133	chr15	69390300	69409400	High Signal Region	chr15	69262149	69281249	mapped
BL001134	chr15	69642000	69646000	High Signal Region	chr15	69513849	69517849	mapped
BL001135	chr15	70083000	70088800	High Signal Region	chr15	69954849	69960649	mapped
BL001136	chr15	70609300	70611100	High Signal Region	chr15	70481149	70482949	mapped
BL001137	chr15	70896600	70914000	High Signal Region	chr15	70768449	70785849	mapped
BL001138	chr15	71104600	71112200	High Signal Region	chr15	70976449	70984049	mapped
BL001139	chr15	71206600	71237500	Low Mappability	chr15	71078449	71109349	mapped
BL001140	chr15	73060200	73087900	Low Mappability	chr15	72932049	72959749	mapped
BL001141	chr15	73373200	73378200	Low Mappability	chr15	73245049	73250049	mapped
BL001142	chr15	73873000	73880400	Low Mappability	chr15	73744849	73752249	mapped
BL001143	chr15	74360700	74368000	Low Mappability	chr15	74232549	74239849	mapped
BL001144	chr15	74814300	74826700	Low Mappability	chr15	74686149	74698549	mapped
BL001145	chr15	74992000	75104600	High Signal Region	chr15	74863849	74976449	mapped
BL001146	chr15	75205600	75212800	Low Mappability	chr15	75077449	75084649	mapped
BL001147	chr15	75298000	75299500	High Signal Region	chr15	75169849	75171349	mapped
BL001148	chr15	75437000	75440500	High Signal Region	chr15	75308849	75312349	mapped
BL001149	chr15	75523600	75529700	High Signal Region	chr15	75395449	75401549	mapped
BL001150	chr15	76102000	76106500	High Signal Region	chr15	75973849	75990700	mapped
BL001151	chr15	76559900	76577900	Low Mappability	chr15	76444100	76462100	mapped
BL001152	chr15	76964600	76971400	Low Mappability	chr15	76848800	76855600	mapped
BL001153	chr15	77336200	77439100	High Signal Region	chr15	77220400	77323300	mapped
BL001154	chr15	77718300	77735600	Low Mappability	chr15	77602500	77619800	mapped
BL001155	chr15	77895000	77934800	Low Mappability	chr15	77779200	77819000	mapped
BL001156	chr15	79685000	79775700	Low Mappability	chr15	79569201	79659901	mapped
BL001157	chr15	79869700	79892600	Low Mappability	chr15	79753901	79776801	mapped
BL001158	chr15	79974400	79978400	Low Mappability	chr15	79858601	79862601	mapped
BL001159	chr15	80232400	80267100	High Signal Region	chr15	80116601	80151301	mapped
BL001160	chr15	81145400	81152000	Low Mappability	chr15	81029601	81036201	mapped
BL001161	chr15	81492300	81523600	High Signal Region	chr15	81376501	81407801	mapped
BL001162	chr15	82338000	82368000	Low Mappability	chr15	82222201	82252201	mapped
BL001163	chr15	82590700	82608900	Low Mappability	chr15	82474901	82493101	mapped
BL001164	chr15	82675500	82677200	High Signal Region	chr15	82559701	82561401	mapped
BL001165	chr15	83172100	83202200	Low Mappability	chr15	83056301	83086401	mapped
BL001166	chr15	84746600	84753000	Low Mappability	chr15	84630801	84637201	mapped
BL001167	chr15	85176800	85196600	Low Mappability	chr15	85061001	85080801	mapped
BL001168	chr15	85541200	85543100	High Signal Region	chr15	85425401	85427301	mapped
BL001169	chr15	86193800	86196100	High Signal Region	chr15	86078001	86080301	mapped
BL001170	chr15	86312100	86326400	Low Mappability	chr15	86196301	86210601	mapped
BL001171	chr15	87293900	87301200	Low Mappability	chr15	87178101	87185401	mapped
BL001172	chr15	87967000	87969000	High Signal Region	chr15	87851201	87853201	mapped
BL001173	chr15	88779400	88783900	Low Mappability	chr15	88663603	88668103	mapped
BL001174	chr15	88974800	88976800	High Signal Region	chr15	88859003	88861003	mapped
BL001175	chr15	89597900	89621300	High Signal Region	chr15	89482103	89505503	mapped
BL001176	chr15	89808500	89809700	High Signal Region	chr15	89692703	89693903	mapped
BL001177	chr15	89943000	89982000	Low Mappability	chr15	89827203	89866203	mapped
BL001178	chr15	90636400	90643600	Low Mappability	chr15	90520603	90527803	mapped
BL001179	chr15	91115900	91134800	Low Mappability	chr15	91000103	91019003	mapped
BL001180	chr15	91419400	91422200	High Signal Region	chr15	91303603	91306403	mapped
BL001181	chr15	91720600	91723200	Low Mappability	chr15	91604803	91607403	mapped
BL001182	chr15	91905900	91911200	High Signal Region	chr15	91790094	91809085	mapped
BL001183	chr15	92470100	92475100	Low Mappability	chr15	92367981	92372981	mapped
BL001184	chr15	92613700	92618300	Low Mappability	chr15	92511581	92516181	mapped
BL001185	chr15	92722600	92730100	Low Mappability	chr15	92620481	92627981	mapped
BL001186	chr15	92796100	92820000	Low Mappability	chr15	92693981	92717881	mapped
BL001187	chr15	93044100	93062000	High Signal Region	chr15	92941981	92959881	mapped
BL001188	chr15	93467800	93469500	Low Mappability	chr15	93365681	93367381	mapped
BL001189	chr15	93867100	93873600	High Signal Region	chr15	93764981	93771481	mapped
BL001190	chr15	94088400	94124100	High Signal Region	chr15	93986281	94021981	mapped
BL001191	chr15	94150500	94156800	High Signal Region	chr15	94048381	94054681	mapped
BL001192	chr15	94373000	94379600	High Signal Region	chr15	94270881	94277481	mapped
BL001193	chr15	95087600	95092100	High Signal Region	chr15	94985481	94989981	mapped
BL001194	chr15	95306000	95312300	High Signal Region	chr15	95203881	95210181	mapped
BL001195	chr15	95729500	95756400	High Signal Region	chr15	95627381	95654281	mapped
BL001196	chr15	96551700	96559500	Low Mappability	chr15	96449581	96457381	mapped
BL001197	chr15	96977900	96983600	Low Mappability	chr15	96875781	96881481	mapped
BL001198	chr15	97082100	97084300	High Signal Region	chr15	96979981	96982181	mapped
BL001199	chr15	97472900	97487400	Low Mappability	chr15	97370781	97385281	mapped
BL001200	chr15	99168800	99171900	High Signal Region	chr15	99066681	99069781	mapped
BL001201	chr15	99552100	99553900	Low Mappability	chr15	99449981	99451781	mapped
BL001202	chr15	100331500	100339800	Low Mappability	chr15	100229381	100237681	mapped
BL001203	chr15	100360000	100379700	Low Mappability	chr15	100257881	100277581	mapped
BL001204	chr15	100541700	100617400	Low Mappability	chr15	100439581	100515281	mapped
BL001205	chr15	101655700	101662100	High Signal Region	chr15	101564135	101570535	mapped
BL001206	chr15	102596800	102603200	High Signal Region	chr15	102505235	102511635	mapped
BL001207	chr15	103271900	103277100	High Signal Region	chr15	103180327	103185527	mapped
BL001208	chr15	103406700	103418500	High Signal Region	chr15	103315127	103326927	mapped
BL001209	chr15	103606700	103611400	High Signal Region	chr15	103515127	103519827	mapped
BL001210	chr15	103814500	104043600	High Signal Region				unmapped
BL001211	chr16	0	3427800	High Signal Region				unmapped
BL001212	chr16	3450300	3519700	Low Mappability	chr16	3268164	3337564	mapped
BL001213	chr16	4300400	4366800	Low Mappability	chr16	4118264	4184664	mapped
BL001214	chr16	4585000	4591300	High Signal Region	chr16	4402864	4409164	mapped
BL001215	chr16	5708200	5710200	High Signal Region	chr16	5526064	5528064	mapped
BL001216	chr16	7460800	7463600	High Signal Region	chr16	7278664	7281464	mapped
BL001217	chr16	7937100	7958400	Low Mappability	chr16	7754964	7776264	mapped
BL001218	chr16	8256700	8286200	High Signal Region	chr16	8074564	8104064	mapped
BL001219	chr16	9577100	9579600	Low Mappability	chr16	9394964	9397464	mapped
BL001220	chr16	10631200	10633200	Low Mappability	chr16	10449064	10451064	mapped
BL001221	chr16	10974100	11013900	High Signal Region	chr16	10791964	10831764	mapped
BL001222	chr16	11134600	11145200	High Signal Region	chr16	10952464	10963064	mapped
BL001223	chr16	11248000	11249900	Low Mappability	chr16	11065864	11067764	mapped
BL001224	chr16	11679900	11687500	Low Mappability	chr16	11497764	11505364	mapped
BL001225	chr16	12327300	12345900	Low Mappability	chr16	12145164	12163764	mapped
BL001226	chr16	12417900	12423400	High Signal Region	chr16	12235764	12241264	mapped
BL001227	chr16	12829200	12831000	High Signal Region	chr16	12647064	12648864	mapped
BL001228	chr16	12976200	12981700	Low Mappability	chr16	12794064	12799564	mapped
BL001229	chr16	13087700	13107000	Low Mappability	chr16	12905564	12924864	mapped
BL001230	chr16	13903200	13925900	Low Mappability	chr16	13721064	13743764	mapped
BL001231	chr16	14316200	14341200	Low Mappability	chr16	14134064	14159064	mapped
BL001232	chr16	15502700	15510100	Low Mappability	chr16	15320564	15327964	mapped
BL001233	chr16	15741400	15757700	Low Mappability	chr16	15559264	15575564	mapped
BL001234	chr16	17199900	17236000	High Signal Region	chr16	17017764	17053864	mapped
BL001235	chr16	17751400	17761300	High Signal Region	chr16	17569264	17579164	mapped
BL001236	chr16	17910400	17955500	High Signal Region	chr16	17728264	17773364	mapped
BL001237	chr16	18532200	18534200	High Signal Region	chr16	18350950	18352950	mapped
BL001238	chr16	18957500	18979200	High Signal Region	chr16	18776250	18797950	mapped
BL001239	chr16	19334200	19375100	High Signal Region	chr16	19152950	19193850	mapped
BL001240	chr16	19581200	19602400	Low Mappability	chr16	19399950	19421150	mapped
BL001241	chr16	19711900	19748700	High Signal Region	chr16	19530650	19567450	mapped
BL001242	chr16	19928600	19946300	Low Mappability	chr16	19747350	19765050	mapped
BL001243	chr16	22923300	22929100	High Signal Region	chr16	22742050	22747850	mapped
BL001244	chr16	26419300	26421200	High Signal Region	chr16	26238050	26239950	mapped
BL001245	chr16	26808500	26814800	High Signal Region	chr16	26627250	26633550	mapped
BL001246	chr16	27071900	27087600	High Signal Region	chr16	26890650	26906350	mapped
BL001247	chr16	27212200	27218300	High Signal Region	chr16	27030950	27037050	mapped
BL001248	chr16	28170600	28197500	High Signal Region	chr16	27989352	28016252	mapped
BL001249	chr16	30828600	30830500	High Signal Region	chr16	30647418	30649318	mapped
BL001250	chr16	31223800	31234300	Low Mappability	chr16	31042618	31053118	mapped
BL001251	chr16	31339100	31358900	High Signal Region	chr16	31157918	31177718	mapped
BL001252	chr16	31818700	31825200	Low Mappability	chr16	31637518	31644018	mapped
BL001253	chr16	32147700	32153500	Low Mappability	chr16	31966518	31972318	mapped
BL001254	chr16	32489700	32520100	Low Mappability	chr16	32308518	32338918	mapped
BL001255	chr16	32579100	32598800	Low Mappability	chr16	32397918	32417618	mapped
BL001256	chr16	33847200	33852600	Low Mappability	chr16	33667570	33672970	mapped
BL001257	chr16	34581100	34591200	Low Mappability	chr16	34401470	34411570	mapped
BL001258	chr16	34742000	34744000	High Signal Region	chr16	34562370	34564370	mapped
BL001259	chr16	35980600	35983300	High Signal Region	chr16	35800970	35803670	mapped
BL001260	chr16	36764900	36770500	Low Mappability	chr16	36585262	36590862	mapped
BL001261	chr16	38714200	38721600	Low Mappability	chr16	38534562	38541962	mapped
BL001262	chr16	39563700	39568200	High Signal Region	chr16	39384062	39388562	mapped
BL001263	chr16	41270700	41273100	High Signal Region	chr16	41091062	41093462	mapped
BL001264	chr16	42657300	42661200	High Signal Region	chr16	42477663	42481563	mapped
BL001265	chr16	42773100	42779900	High Signal Region	chr16	42593463	42600263	mapped
BL001266	chr16	42931600	42950000	High Signal Region	chr16	42751963	42770363	mapped
BL001267	chr16	43764000	43771600	Low Mappability	chr16	43584363	43591963	mapped
BL001268	chr16	44040400	44063900	Low Mappability	chr16	43860763	43884263	mapped
BL001269	chr16	44709800	44726400	Low Mappability	chr16	44530163	44546763	mapped
BL001270	chr16	44920200	44950700	Low Mappability	chr16	44740563	44771063	mapped
BL001271	chr16	45292600	45293900	High Signal Region	chr16	45112963	45114263	mapped
BL001272	chr16	45352100	45354000	High Signal Region	chr16	45172463	45174363	mapped
BL001273	chr16	46364600	46369100	High Signal Region	chr16	46184963	46189463	mapped
BL001274	chr16	47099100	47147300	High Signal Region	chr16	46919463	46967663	mapped
BL001275	chr16	47552300	47564100	Low Mappability	chr16	47372663	47384463	mapped
BL001276	chr16	48579900	48581300	Low Mappability	chr16	48400263	48401663	mapped
BL001277	chr16	49024900	49031400	Low Mappability	chr16	48845263	48851763	mapped
BL001278	chr16	49148400	49150300	Low Mappability	chr16	48968763	48970663	mapped
BL001279	chr16	49447700	49489300	High Signal Region	chr16	49268063	49309663	mapped
BL001280	chr16	50084900	50101400	Low Mappability	chr16	49905263	49921763	mapped
BL001281	chr16	50909100	50926800	Low Mappability	chr16	50729463	50747163	mapped
BL001282	chr16	51087100	51094300	Low Mappability	chr16	50907463	50914663	mapped
BL001283	chr16	51945800	51980200	High Signal Region	chr16	51766163	51800563	mapped
BL001284	chr16	53412000	53428900	High Signal Region	chr16	53232363	53249263	mapped
BL001285	chr16	53571500	53595400	Low Mappability	chr16	53391863	53415763	mapped
BL001286	chr16	54298300	54307600	Low Mappability	chr16	54118663	54127963	mapped
BL001287	chr16	54861600	54869000	High Signal Region	chr16	54681963	54689363	mapped
BL001288	chr16	54959000	54965200	High Signal Region	chr16	54779363	54785563	mapped
BL001289	chr16	55647800	55681600	Low Mappability	chr16	55468163	55501963	mapped
BL001290	chr16	56038100	56065100	Low Mappability	chr16	55858463	55885463	mapped
BL001291	chr16	56988400	57008400	High Signal Region	chr16	56808763	56828763	mapped
BL001292	chr16	57085500	57095800	High Signal Region	chr16	56905863	56916163	mapped
BL001293	chr16	57390200	57392600	High Signal Region	chr16	57210563	57212963	mapped
BL001294	chr16	57792800	57811700	Low Mappability	chr16	57613163	57632063	mapped
BL001295	chr16	58310800	58343000	High Signal Region	chr16	58131163	58163363	mapped
BL001296	chr16	58632300	58670400	Low Mappability	chr16	58452663	58490763	mapped
BL001297	chr16	59121800	59129100	Low Mappability	chr16	58942163	58949463	mapped
BL001298	chr16	59310100	59378100	High Signal Region	chr16	59130463	59198463	mapped
BL001299	chr16	60921200	60970900	High Signal Region	chr16	60741563	60791263	mapped
BL001300	chr16	61312500	61325200	Low Mappability	chr16	61132863	61145563	mapped
BL001301	chr16	62564300	62599200	High Signal Region	chr16	62384663	62419563	mapped
BL001302	chr16	62875900	62880400	Low Mappability	chr16	62696263	62700763	mapped
BL001303	chr16	63114300	63151200	High Signal Region	chr16	62934663	62971563	mapped
BL001304	chr16	63301300	63313600	High Signal Region	chr16	63121663	63133963	mapped
BL001305	chr16	64384600	64425600	High Signal Region	chr16	64204963	64245963	mapped
BL001306	chr16	65176900	65181400	Low Mappability	chr16	64997263	65001763	mapped
BL001307	chr16	66229300	66247600	Low Mappability	chr16	66026186	66044486	mapped
BL001308	chr16	67328200	67334700	High Signal Region	chr16	67125088	67131588	mapped
BL001309	chr16	68272300	68274300	High Signal Region	chr16	68069188	68071188	mapped
BL001310	chr16	70542300	70558300	Low Mappability	chr16	70339188	70355188	mapped
BL001311	chr16	70633900	70639700	Low Mappability	chr16	70430788	70436588	mapped
BL001312	chr16	70892400	70898400	High Signal Region	chr16	70689288	70695288	mapped
BL001313	chr16	70976900	70982900	High Signal Region	chr16	70773788	70779788	mapped
BL001314	chr16	71687000	71691500	Low Mappability	chr16	71483888	71488388	mapped
BL001315	chr16	72019300	72023900	Low Mappability	chr16	71816188	71820788	mapped
BL001316	chr16	72056200	72062100	High Signal Region	chr16	71853088	71858988	mapped
BL001317	chr16	72724800	72730900	Low Mappability	chr16	72521688	72527788	mapped
BL001318	chr16	73656700	73688600	High Signal Region	chr16	73453588	73485488	mapped
BL001319	chr16	74771800	74781500	Low Mappability	chr16	74568688	74578388	mapped
BL001320	chr16	76057000	76065000	Low Mappability	chr16	75853888	75861888	mapped
BL001321	chr16	76487100	76519600	High Signal Region	chr16	76283988	76316488	mapped
BL001322	chr16	76988700	76991600	High Signal Region	chr16	76785588	76788488	mapped
BL001323	chr16	77116900	77121900	Low Mappability	chr16	76913788	76918788	mapped
BL001324	chr16	78977100	79013600	High Signal Region	chr16	78773988	78810488	mapped
BL001325	chr16	79368600	79376000	Low Mappability	chr16	79165488	79172888	mapped
BL001326	chr16	79782000	79786700	High Signal Region	chr16	79578888	79583588	mapped
BL001327	chr16	79943000	79948600	Low Mappability	chr16	79739888	79745488	mapped
BL001328	chr16	80269400	80309700	Low Mappability	chr16	80066288	80106588	mapped
BL001329	chr16	81071700	81079200	Low Mappability	chr16	80868588	80876088	mapped
BL001330	chr16	81779900	81782000	High Signal Region	chr16	81576788	81578888	mapped
BL001331	chr16	81859300	81865600	High Signal Region	chr16	81656188	81662488	mapped
BL001332	chr16	82079700	82099600	High Signal Region	chr16	81876588	81896488	mapped
BL001333	chr16	82237800	82243200	Low Mappability	chr16	82034688	82040088	mapped
BL001334	chr16	82828200	82845600	High Signal Region	chr16	82625088	82642488	mapped
BL001335	chr16	83077300	83081800	High Signal Region	chr16	82874188	82878688	mapped
BL001336	chr16	83360600	83368000	Low Mappability	chr16	83157488	83164888	mapped
BL001337	chr16	84260500	84283300	High Signal Region	chr16	84057388	84080188	mapped
BL001338	chr16	84380600	84407600	High Signal Region	chr16	84177488	84204488	mapped
BL001339	chr16	84440100	84446000	High Signal Region	chr16	84236988	84242888	mapped
BL001340	chr16	85671600	85673000	High Signal Region	chr16	85468488	85469888	mapped
BL001341	chr16	85713500	85720100	High Signal Region	chr16	85510388	85516988	mapped
BL001342	chr16	86333000	86354300	High Signal Region	chr16	86129888	86151188	mapped
BL001343	chr16	86539500	86570300	High Signal Region	chr16	86336388	86367188	mapped
BL001344	chr16	86819800	86822100	High Signal Region	chr16	86616688	86618988	mapped
BL001345	chr16	87055400	87060300	High Signal Region	chr16	86852288	86857188	mapped
BL001346	chr16	87287400	87302500	Low Mappability	chr16	87084288	87099388	mapped
BL001347	chr16	87372300	87391700	Low Mappability	chr16	87169188	87188588	mapped
BL001348	chr16	88022900	88029900	High Signal Region	chr16	87819788	87826788	mapped
BL001349	chr16	88790600	88797900	Low Mappability	chr16	88587488	88594788	mapped
BL001350	chr16	88957900	88967800	High Signal Region	chr16	88754788	88764688	mapped
BL001351	chr16	89145200	89196100	Low Mappability	chr16	88942088	88992988	mapped
BL001352	chr16	89431800	89448400	Low Mappability	chr16	89228688	89245288	mapped
BL001353	chr16	89636000	89642900	High Signal Region	chr16	89432888	89439788	mapped
BL001354	chr16	89877500	89879700	High Signal Region	chr16	89674388	89676588	mapped
BL001355	chr16	90056200	90072300	Low Mappability	chr16	89853088	89869188	mapped
BL001356	chr16	90341200	90350100	Low Mappability	chr16	90138088	90146988	mapped
BL001357	chr16	91533700	91551800	High Signal Region	chr16	91330588	91348688	mapped
BL001358	chr16	92254500	92259400	Low Mappability	chr16	92051388	92056288	mapped
BL001359	chr16	93581500	93622800	High Signal Region	chr16	93378388	93419688	mapped
BL001360	chr16	93685800	93711200	High Signal Region	chr16	93482688	93508088	mapped
BL001361	chr16	93785700	93790200	High Signal Region	chr16	93582588	93587088	mapped
BL001362	chr16	93991400	93997900	High Signal Region	chr16	93788288	93798759	mapped
BL001363	chr16	94258100	94282000	Low Mappability	chr16	94058959	94082859	mapped
BL001364	chr16	95782000	95788900	High Signal Region	chr16	95583200	95590100	mapped
BL001365	chr16	95991000	96010400	Low Mappability	chr16	95792200	95811600	mapped
BL001366	chr16	97996400	98207700	High Signal Region				unmapped
BL001367	chr17	0	3039300	High Signal Region				unmapped
BL001368	chr17	3075400	3085400	High Signal Region	chr17	3125675	3135675	mapped
BL001369	chr17	3378900	3380800	High Signal Region	chr17	3429175	3431075	mapped
BL001370	chr17	5863900	5885100	High Signal Region	chr17	5914175	5935375	mapped
BL001371	chr17	6219100	6717500	High Signal Region	chr17	6269375	6984899	mapped
BL001372	chr17	6877300	7037900	High Signal Region	chr17	7144699	7305299	mapped
BL001373	chr17	7302300	7430200	High Signal Region	chr17	7569699	7697599	mapped
BL001374	chr17	7615300	7617200	High Signal Region	chr17	7834132	7836032	mapped
BL001375	chr17	7950200	8052300	High Signal Region	chr17	8169032	8271132	mapped
BL001376	chr17	11097900	11105100	High Signal Region	chr17	11316787	11323987	mapped
BL001377	chr17	13018500	13469100	High Signal Region	chr17	13237387	13689362	mapped
BL001378	chr17	13492200	13555800	High Signal Region	chr17	13712462	13776062	mapped
BL001379	chr17	13584800	13656200	High Signal Region	chr17	13805062	13876462	mapped
BL001380	chr17	14961200	15054300	Low Mappability	chr17	15181462	15274562	mapped
BL001381	chr17	20859400	20865200	High Signal Region	chr17	21079662	21085462	mapped
BL001382	chr17	23426600	23537000	High Signal Region	chr17	23645574	23755974	mapped
BL001383	chr17	23730600	23732500	High Signal Region	chr17	23949574	23951474	mapped
BL001384	chr17	24095300	24097300	High Signal Region	chr17	24314274	24316274	mapped
BL001385	chr17	29101000	29109600	High Signal Region	chr17	29319974	29328574	mapped
BL001386	chr17	31569500	31571400	High Signal Region	chr17	31788474	31790374	mapped
BL001387	chr17	35367400	35480300	Low Mappability	chr17	35586376	35791197	mapped
BL001388	chr17	36230300	36232500	High Signal Region	chr17	36541192	36543392	mapped
BL001389	chr17	38498200	38500800	High Signal Region	chr17	38809091	38811691	mapped
BL001390	chr17	39842000	39849700	High Signal Region	chr17	40152891	40160591	mapped
BL001391	chr17	40422500	40427000	High Signal Region	chr17	40733391	40737891	mapped
BL001392	chr17	50569500	50571400	High Signal Region	chr17	50876528	50878428	mapped
BL001393	chr17	53034300	53056100	High Signal Region	chr17	53341328	53363128	mapped
BL001394	chr17	53151500	53153500	High Signal Region	chr17	53458528	53460528	mapped
BL001395	chr17	53807400	53820300	High Signal Region	chr17	54114428	54127328	mapped
BL001396	chr17	54112300	54134200	High Signal Region	chr17	54419328	54441228	mapped
BL001397	chr17	57368400	57399900	High Signal Region	chr17	57675400	57706900	mapped
BL001398	chr17	62736600	62738500	High Signal Region	chr17	63043595	63045495	mapped
BL001399	chr17	66798500	66800400	High Signal Region	chr17	67105495	67107395	mapped
BL001400	chr17	67740400	67742500	High Signal Region	chr17	68047395	68049495	mapped
BL001401	chr17	70962200	70964800	High Signal Region	chr17	71269195	71271795	mapped
BL001402	chr17	82975900	82991600	High Signal Region	chr17	83283329	83299029	mapped
BL001403	chr17	84458800	84464500	Low Mappability	chr17	84766228	84771928	mapped
BL001404	chr17	85264100	85266000	High Signal Region	chr17	85571528	85573428	mapped
BL001405	chr17	93017000	93047400	High Signal Region	chr17	93324428	93354828	mapped
BL001406	chr17	93623500	93646700	High Signal Region	chr17	93930928	93954128	mapped
BL001407	chr17	94886200	94987200	High Signal Region				unmapped
BL001408	chr18	0	3063700	High Signal Region				unmapped
BL001409	chr18	3085500	3142600	High Signal Region	chr18	3085500	3142600	mapped
BL001410	chr18	3568100	3570100	Low Mappability	chr18	3568100	3570100	mapped
BL001411	chr18	3619800	3652100	Low Mappability	chr18	3619800	3652100	mapped
BL001412	chr18	3779700	3785600	High Signal Region	chr18	3779700	3785600	mapped
BL001413	chr18	3815100	3819300	High Signal Region	chr18	3815100	3819300	mapped
BL001414	chr18	3873200	3889000	High Signal Region	chr18	3873200	3889000	mapped
BL001415	chr18	4194700	4199900	High Signal Region	chr18	4194700	4199900	mapped
BL001416	chr18	4456700	4504600	High Signal Region	chr18	4456700	4504600	mapped
BL001417	chr18	4658000	4664400	Low Mappability	chr18	4658000	4664400	mapped
BL001418	chr18	4695200	4701800	Low Mappability	chr18	4695200	4701800	mapped
BL001419	chr18	5499400	5502000	Low Mappability	chr18	5499400	5502000	mapped
BL001420	chr18	5895900	5900400	Low Mappability	chr18	5895900	5900400	mapped
BL001421	chr18	6043700	6046600	Low Mappability	chr18	6043700	6046600	mapped
BL001422	chr18	6343100	6376400	Low Mappability	chr18	6343100	6376400	mapped
BL001423	chr18	6663800	6669200	High Signal Region	chr18	6663800	6669200	mapped
BL001424	chr18	6796200	6803600	Low Mappability	chr18	6796200	6803600	mapped
BL001425	chr18	6853600	6868500	Low Mappability	chr18	6853600	6868500	mapped
BL001426	chr18	7032800	7035500	High Signal Region	chr18	7032800	7035500	mapped
BL001427	chr18	7527500	7534800	High Signal Region	chr18	7527500	7534800	mapped
BL001428	chr18	7782300	7798400	High Signal Region	chr18	7782300	7798400	mapped
BL001429	chr18	7998000	8018800	Low Mappability	chr18	7998000	8018800	mapped
BL001430	chr18	8164900	8183000	High Signal Region	chr18	8164900	8183000	mapped
BL001431	chr18	8243000	8271800	High Signal Region	chr18	8243000	8271800	mapped
BL001432	chr18	8292000	8294000	Low Mappability	chr18	8292000	8294000	mapped
BL001433	chr18	8721900	8747000	High Signal Region	chr18	8721900	8747000	mapped
BL001434	chr18	9095200	9127300	High Signal Region	chr18	9095200	9127300	mapped
BL001435	chr18	9248500	9269200	Low Mappability	chr18	9248500	9269200	mapped
BL001436	chr18	9420000	9426100	High Signal Region	chr18	9420000	9426100	mapped
BL001437	chr18	9890700	9915900	High Signal Region	chr18	9890700	9915900	mapped
BL001438	chr18	11168900	11192100	High Signal Region	chr18	11168900	11192100	mapped
BL001439	chr18	11247700	11293200	High Signal Region	chr18	11247700	11293200	mapped
BL001440	chr18	11626000	11648000	Low Mappability	chr18	11759057	11781057	mapped
BL001441	chr18	12945100	12956300	High Signal Region	chr18	13078157	13089357	mapped
BL001442	chr18	13030000	13041900	High Signal Region	chr18	13163057	13174957	mapped
BL001443	chr18	13161400	13180500	High Signal Region	chr18	13294457	13313557	mapped
BL001444	chr18	13241200	13251100	Low Mappability	chr18	13374257	13384157	mapped
BL001445	chr18	13296400	13300000	High Signal Region	chr18	13429457	13433057	mapped
BL001446	chr18	13513200	13517200	High Signal Region	chr18	13646257	13650257	mapped
BL001447	chr18	14732900	14739600	Low Mappability	chr18	14865957	14872657	mapped
BL001448	chr18	15225500	15232800	High Signal Region	chr18	15358557	15365857	mapped
BL001449	chr18	15366900	15382100	High Signal Region	chr18	15499957	15515157	mapped
BL001450	chr18	15695100	15737600	High Signal Region	chr18	15828157	15870657	mapped
BL001451	chr18	16283100	16288900	High Signal Region	chr18	16416157	16421957	mapped
BL001452	chr18	16988600	17013600	Low Mappability	chr18	17121657	17146657	mapped
BL001453	chr18	17116100	17119600	High Signal Region	chr18	17249157	17252657	mapped
BL001454	chr18	17346100	17352400	High Signal Region	chr18	17479157	17485457	mapped
BL001455	chr18	17425100	17480600	High Signal Region	chr18	17558157	17613657	mapped
BL001456	chr18	17513300	17517900	High Signal Region	chr18	17646357	17650957	mapped
BL001457	chr18	17541300	17559000	High Signal Region	chr18	17674357	17692057	mapped
BL001458	chr18	17593300	17598500	High Signal Region	chr18	17726357	17731557	mapped
BL001459	chr18	17938300	17951600	Low Mappability	chr18	18071357	18084657	mapped
BL001460	chr18	18816600	18823800	High Signal Region	chr18	18949657	18956857	mapped
BL001461	chr18	18916300	18917900	High Signal Region	chr18	19049357	19050957	mapped
BL001462	chr18	18976900	18992400	High Signal Region	chr18	19109957	19125457	mapped
BL001463	chr18	19240600	19289100	High Signal Region	chr18	19373657	19422157	mapped
BL001464	chr18	19345800	19352600	Low Mappability	chr18	19478857	19485657	mapped
BL001465	chr18	19430400	19448100	High Signal Region	chr18	19563457	19581157	mapped
BL001466	chr18	19679600	19681600	Low Mappability	chr18	19812657	19814657	mapped
BL001467	chr18	19812100	19836500	High Signal Region	chr18	19945157	19969557	mapped
BL001468	chr18	20352500	20369800	High Signal Region	chr18	20485557	20502857	mapped
BL001469	chr18	20896200	20910000	Low Mappability	chr18	21029257	21043057	mapped
BL001470	chr18	21261800	21268900	Low Mappability	chr18	21394857	21401957	mapped
BL001471	chr18	21528200	21541600	High Signal Region	chr18	21661257	21674657	mapped
BL001472	chr18	21943200	21945200	Low Mappability	chr18	22076257	22078257	mapped
BL001473	chr18	22297400	22304000	High Signal Region	chr18	22430457	22437057	mapped
BL001474	chr18	23186200	23215300	High Signal Region	chr18	23319257	23348357	mapped
BL001475	chr18	25045100	25047300	High Signal Region	chr18	25178157	25180357	mapped
BL001476	chr18	25253000	25259500	High Signal Region	chr18	25386057	25392557	mapped
BL001477	chr18	25905600	25928600	High Signal Region	chr18	26038657	26061657	mapped
BL001478	chr18	26003000	26008100	Low Mappability	chr18	26136057	26141157	mapped
BL001479	chr18	26829800	26837100	Low Mappability	chr18	26962853	26970153	mapped
BL001480	chr18	26998200	27005600	Low Mappability	chr18	27131253	27138653	mapped
BL001481	chr18	27062000	27068200	High Signal Region	chr18	27195053	27201253	mapped
BL001482	chr18	28151300	28167300	High Signal Region	chr18	28284353	28300353	mapped
BL001483	chr18	28441700	28446600	Low Mappability	chr18	28574753	28579653	mapped
BL001484	chr18	28482900	28484900	High Signal Region	chr18	28615953	28617953	mapped
BL001485	chr18	28814100	28816900	High Signal Region	chr18	28947153	28949953	mapped
BL001486	chr18	28960100	28966000	Low Mappability	chr18	29093153	29099053	mapped
BL001487	chr18	29014700	29022000	High Signal Region	chr18	29147753	29155053	mapped
BL001488	chr18	29557800	29559800	High Signal Region	chr18	29690853	29692853	mapped
BL001489	chr18	29713000	29719200	High Signal Region	chr18	29846053	29852253	mapped
BL001490	chr18	31281100	31294300	High Signal Region	chr18	31414153	31427353	mapped
BL001491	chr18	32758400	32793400	High Signal Region	chr18	32891453	32926453	mapped
BL001492	chr18	33212800	33221500	Low Mappability	chr18	33345853	33354553	mapped
BL001493	chr18	33275100	33331000	High Signal Region	chr18	33408153	33464053	mapped
BL001494	chr18	33697400	33722600	Low Mappability	chr18	33830453	33855653	mapped
BL001495	chr18	34083600	34087300	Low Mappability	chr18	34216653	34220353	mapped
BL001496	chr18	34397100	34409800	Low Mappability	chr18	34530153	34542853	mapped
BL001497	chr18	35318500	35320400	Low Mappability	chr18	35451553	35453453	mapped
BL001498	chr18	36454200	36494600	Low Mappability	chr18	36587253	36627653	mapped
BL001499	chr18	36981500	36988700	Low Mappability	chr18	37114553	37121753	mapped
BL001500	chr18	37031800	37045800	High Signal Region	chr18	37164853	37178853	mapped
BL001501	chr18	37364600	37398900	Low Mappability	chr18	37497653	37531953	mapped
BL001502	chr18	37545500	37645000	High Signal Region	chr18	37678553	37778053	mapped
BL001503	chr18	39598600	39604900	High Signal Region	chr18	39731653	39737953	mapped
BL001504	chr18	40306300	40309300	High Signal Region	chr18	40439353	40442353	mapped
BL001505	chr18	40708500	40713600	Low Mappability	chr18	40841553	40846653	mapped
BL001506	chr18	41381600	41387500	High Signal Region	chr18	41514653	41520553	mapped
BL001507	chr18	41465300	41471500	High Signal Region	chr18	41598364	41604564	mapped
BL001508	chr18	41820100	41826100	High Signal Region	chr18	41953165	41959165	mapped
BL001509	chr18	41960600	41966100	High Signal Region	chr18	42093665	42099165	mapped
BL001510	chr18	42556800	42559800	High Signal Region	chr18	42689865	42692865	mapped
BL001511	chr18	42913000	42914900	High Signal Region	chr18	43046065	43047965	mapped
BL001512	chr18	43335500	43337900	High Signal Region	chr18	43468565	43470965	mapped
BL001513	chr18	43889500	43900400	High Signal Region	chr18	44022567	44033467	mapped
BL001514	chr18	44033600	44050200	High Signal Region	chr18	44166667	44183267	mapped
BL001515	chr18	44228000	44263100	High Signal Region	chr18	44361067	44396167	mapped
BL001516	chr18	44291600	44295600	High Signal Region	chr18	44424667	44428667	mapped
BL001517	chr18	44361600	44380500	High Signal Region	chr18	44494667	44513567	mapped
BL001518	chr18	44873100	44875100	Low Mappability	chr18	45006167	45008167	mapped
BL001519	chr18	44981000	45032700	High Signal Region	chr18	45114067	45165767	mapped
BL001520	chr18	45131400	45133400	High Signal Region	chr18	45264467	45266467	mapped
BL001521	chr18	45291700	45314300	Low Mappability	chr18	45424767	45447367	mapped
BL001522	chr18	45357300	45364700	Low Mappability	chr18	45490367	45497767	mapped
BL001523	chr18	45392200	45397700	High Signal Region	chr18	45525267	45530767	mapped
BL001524	chr18	45506800	45513400	High Signal Region	chr18	45639867	45646467	mapped
BL001525	chr18	45998300	46038000	Low Mappability	chr18	46131367	46171067	mapped
BL001526	chr18	46082000	46101400	High Signal Region	chr18	46215067	46234467	mapped
BL001527	chr18	46439100	46444100	Low Mappability	chr18	46572167	46577167	mapped
BL001528	chr18	46791400	46793400	Low Mappability	chr18	46924467	46926467	mapped
BL001529	chr18	47648600	47654100	Low Mappability	chr18	47781667	47787167	mapped
BL001530	chr18	47769900	47783100	Low Mappability	chr18	47902967	47916167	mapped
BL001531	chr18	48009500	48011400	High Signal Region	chr18	48142567	48144467	mapped
BL001532	chr18	48208100	48220300	High Signal Region	chr18	48341167	48353367	mapped
BL001533	chr18	48705800	48713100	Low Mappability	chr18	48838867	48846167	mapped
BL001534	chr18	48831300	48836100	High Signal Region	chr18	48964367	48969167	mapped
BL001535	chr18	49387700	49397800	High Signal Region	chr18	49520767	49530867	mapped
BL001536	chr18	49669200	49695600	High Signal Region	chr18	49802267	49828667	mapped
BL001537	chr18	50253400	50268700	High Signal Region	chr18	50386467	50401767	mapped
BL001538	chr18	50632100	50700200	Low Mappability	chr18	50765172	50833272	mapped
BL001539	chr18	51072000	51077600	Low Mappability	chr18	51205072	51210672	mapped
BL001540	chr18	51658600	51698300	High Signal Region	chr18	51791672	51831372	mapped
BL001541	chr18	52020200	52059300	High Signal Region	chr18	52153272	52192372	mapped
BL001542	chr18	52256200	52262200	High Signal Region	chr18	52389272	52395272	mapped
BL001543	chr18	52378900	52395000	Low Mappability	chr18	52511972	52528072	mapped
BL001544	chr18	52876200	52883200	High Signal Region	chr18	53009272	53016272	mapped
BL001545	chr18	53828800	53839900	Low Mappability	chr18	53961872	53972972	mapped
BL001546	chr18	53869300	53876600	Low Mappability	chr18	54002372	54009672	mapped
BL001547	chr18	54023900	54030000	High Signal Region	chr18	54156972	54163072	mapped
BL001548	chr18	54288100	54335900	Low Mappability	chr18	54421172	54468972	mapped
BL001549	chr18	54698000	54707800	High Signal Region	chr18	54831072	54840872	mapped
BL001550	chr18	55222400	55224400	Low Mappability	chr18	55355472	55357472	mapped
BL001551	chr18	55311000	55321100	Low Mappability	chr18	55444072	55454172	mapped
BL001552	chr18	55414800	55436200	Low Mappability	chr18	55547872	55569272	mapped
BL001553	chr18	55899800	55901700	High Signal Region	chr18	56032872	56034772	mapped
BL001554	chr18	55938500	55954100	High Signal Region	chr18	56071572	56087172	mapped
BL001555	chr18	56273000	56276900	High Signal Region	chr18	56406072	56409972	mapped
BL001556	chr18	56302600	56304500	High Signal Region	chr18	56435672	56437572	mapped
BL001557	chr18	56341200	56346000	High Signal Region	chr18	56474272	56479072	mapped
BL001558	chr18	56826900	56830200	Low Mappability	chr18	56959972	56963272	mapped
BL001559	chr18	57560400	57562500	Low Mappability	chr18	57693472	57695572	mapped
BL001560	chr18	58992700	58999300	Low Mappability	chr18	59125772	59132372	mapped
BL001561	chr18	59496300	59511000	High Signal Region	chr18	59629372	59644072	mapped
BL001562	chr18	59929900	59955000	High Signal Region	chr18	60062972	60088072	mapped
BL001563	chr18	60042400	60044400	Low Mappability	chr18	60175472	60177472	mapped
BL001564	chr18	60206100	60238100	High Signal Region	chr18	60339172	60371172	mapped
BL001565	chr18	60525200	60533800	Low Mappability	chr18	60658272	60666872	mapped
BL001566	chr18	62237400	62247700	High Signal Region	chr18	62370471	62380771	mapped
BL001567	chr18	62273700	62292800	Low Mappability	chr18	62406771	62425871	mapped
BL001568	chr18	62752700	62755100	High Signal Region	chr18	62885771	62888171	mapped
BL001569	chr18	64131300	64132600	High Signal Region	chr18	64264371	64265671	mapped
BL001570	chr18	64448400	64454900	Low Mappability	chr18	64581471	64587971	mapped
BL001571	chr18	65103100	65105000	High Signal Region	chr18	65236171	65238071	mapped
BL001572	chr18	65385700	65405100	Low Mappability	chr18	65518771	65538171	mapped
BL001573	chr18	65492400	65494700	Low Mappability	chr18	65625471	65627771	mapped
BL001574	chr18	65716300	65719400	Low Mappability	chr18	65849371	65852471	mapped
BL001575	chr18	66543200	66548900	High Signal Region	chr18	66676271	66681971	mapped
BL001576	chr18	66750000	66759900	Low Mappability	chr18	66883071	66892971	mapped
BL001577	chr18	66881200	66887200	High Signal Region	chr18	67014271	67020271	mapped
BL001578	chr18	68381300	68387800	High Signal Region	chr18	68514371	68520871	mapped
BL001579	chr18	68412100	68425800	Low Mappability	chr18	68545171	68558871	mapped
BL001580	chr18	68461300	68489000	High Signal Region	chr18	68594371	68622071	mapped
BL001581	chr18	68691100	68693200	High Signal Region	chr18	68824171	68826271	mapped
BL001582	chr18	69759300	69761300	Low Mappability	chr18	69892371	69894371	mapped
BL001583	chr18	70489500	70515400	High Signal Region	chr18	70622571	70648471	mapped
BL001584	chr18	70775600	70791900	High Signal Region	chr18	70908671	70924971	mapped
BL001585	chr18	70842100	70849200	Low Mappability	chr18	70975171	70982271	mapped
BL001586	chr18	71032500	71038800	High Signal Region	chr18	71165571	71171871	mapped
BL001587	chr18	71139200	71145200	High Signal Region	chr18	71272271	71278271	mapped
BL001588	chr18	71208200	71211300	Low Mappability	chr18	71341271	71344371	mapped
BL001589	chr18	71267000	71273300	Low Mappability	chr18	71400071	71406371	mapped
BL001590	chr18	71630400	71641100	Low Mappability	chr18	71763471	71774171	mapped
BL001591	chr18	72753900	72794900	High Signal Region	chr18	72886971	72927971	mapped
BL001592	chr18	72987900	72991000	High Signal Region	chr18	73120971	73124071	mapped
BL001593	chr18	73259600	73264100	Low Mappability	chr18	73392671	73397171	mapped
BL001594	chr18	74553100	74566400	High Signal Region	chr18	74686171	74699471	mapped
BL001595	chr18	74745500	74758500	Low Mappability	chr18	74878571	74891571	mapped
BL001596	chr18	74880300	74882000	High Signal Region	chr18	75013371	75015071	mapped
BL001597	chr18	76177900	76184300	Low Mappability	chr18	76310971	76317371	mapped
BL001598	chr18	76579700	76586300	Low Mappability	chr18	76667395	76673995	mapped
BL001599	chr18	77264400	77271000	High Signal Region	chr18	77352096	77358696	mapped
BL001600	chr18	78197300	78199300	High Signal Region	chr18	78240515	78242515	mapped
BL001601	chr18	78407800	78428500	Low Mappability	chr18	78451015	78471715	mapped
BL001602	chr18	78861400	78867900	High Signal Region	chr18	78904615	78911115	mapped
BL001603	chr18	80021700	80028900	Low Mappability	chr18	80064915	80072115	mapped
BL001604	chr18	80307500	80309600	Low Mappability	chr18	80350715	80352815	mapped
BL001605	chr18	80455500	80518400	Low Mappability	chr18	80498715	80561615	mapped
BL001606	chr18	81299700	81306200	Low Mappability	chr18	81342915	81349415	mapped
BL001607	chr18	82052100	82058200	High Signal Region	chr18	82095315	82101415	mapped
BL001608	chr18	82160100	82227800	High Signal Region				unmapped
BL001609	chr18	82319500	82339900	High Signal Region	chr18	82337625	82358025	mapped
BL001610	chr18	82692900	82717900	Low Mappability	chr18	82711025	82736025	mapped
BL001611	chr18	83171100	83178400	Low Mappability	chr18	83189225	83196525	mapped
BL001612	chr18	83700500	83707900	Low Mappability	chr18	83718625	83726025	mapped
BL001613	chr18	84828700	84833000	High Signal Region	chr18	84846825	84851125	mapped
BL001614	chr18	85035000	85080600	High Signal Region	chr18	85053125	85098725	mapped
BL001615	chr18	85105800	85112200	High Signal Region	chr18	85123925	85130325	mapped
BL001616	chr18	85169900	85175900	High Signal Region	chr18	85188025	85194025	mapped
BL001617	chr18	85377800	85382800	Low Mappability	chr18	85395925	85400925	mapped
BL001618	chr18	85697000	85699200	High Signal Region	chr18	85715125	85717325	mapped
BL001619	chr18	85783600	85789900	High Signal Region	chr18	85801725	85808025	mapped
BL001620	chr18	86508300	86510200	High Signal Region	chr18	86526425	86528325	mapped
BL001621	chr18	86560600	86586100	High Signal Region	chr18	86578725	86604225	mapped
BL001622	chr18	86828500	86849500	High Signal Region	chr18	86846625	86867625	mapped
BL001623	chr18	87006300	87009800	High Signal Region	chr18	87024425	87027925	mapped
BL001624	chr18	87141500	87161200	High Signal Region	chr18	87159625	87179325	mapped
BL001625	chr18	87568300	87574300	High Signal Region	chr18	87586424	87592424	mapped
BL001626	chr18	88149300	88155400	High Signal Region	chr18	88167424	88173524	mapped
BL001627	chr18	89030400	89036400	High Signal Region	chr18	89048524	89054524	mapped
BL001628	chr18	89615900	89650500	Low Mappability	chr18	89634024	89668624	mapped
BL001629	chr18	89983200	89989700	Low Mappability	chr18	90001324	90007824	mapped
BL001630	chr18	90055500	90092500	High Signal Region	chr18	90073624	90110624	mapped
BL001631	chr18	90113400	90125400	Low Mappability	chr18	90131524	90143524	mapped
BL001632	chr18	90464100	90501300	High Signal Region	chr18	90482224	90519424	mapped
BL001633	chr18	90601200	90702600	High Signal Region				unmapped
BL001634	chr19	0	3140800	High Signal Region				unmapped
BL001635	chr19	3161400	3248600	High Signal Region	chr19	3211400	3298600	mapped
BL001636	chr19	4061100	4066400	Low Mappability	chr19	4111100	4116400	mapped
BL001637	chr19	6581000	6594300	High Signal Region	chr19	6631030	6644330	mapped
BL001638	chr19	7713600	7774800	High Signal Region	chr19	7690965	7752165	mapped
BL001639	chr19	7810700	7843900	Low Mappability	chr19	7788065	7821265	mapped
BL001640	chr19	8203200	8285500	Low Mappability	chr19	8180564	8262864	mapped
BL001641	chr19	9250500	9357700	High Signal Region	chr19	9227864	9335064	mapped
BL001642	chr19	9502000	9565000	Low Mappability	chr19	9479364	9542364	mapped
BL001643	chr19	9745800	9803300	High Signal Region	chr19	9723164	9780664	mapped
BL001644	chr19	9823500	9837700	High Signal Region	chr19	9800864	9815064	mapped
BL001645	chr19	10507900	10510300	High Signal Region	chr19	10485264	10487664	mapped
BL001646	chr19	10954500	10960300	Low Mappability	chr19	10931864	10937664	mapped
BL001647	chr19	11199700	11239800	High Signal Region	chr19	11177064	11217164	mapped
BL001648	chr19	12447200	12454600	Low Mappability	chr19	12424564	12431964	mapped
BL001649	chr19	13203500	13216400	High Signal Region	chr19	13180864	13193764	mapped
BL001650	chr19	13330600	13357100	High Signal Region	chr19	13307964	13334464	mapped
BL001651	chr19	13685000	13693300	High Signal Region	chr19	13662364	13670664	mapped
BL001652	chr19	13760500	13777200	High Signal Region	chr19	13737864	13754564	mapped
BL001653	chr19	15256700	15263000	High Signal Region	chr19	15234064	15240364	mapped
BL001654	chr19	15433400	15438100	High Signal Region	chr19	15410764	15415464	mapped
BL001655	chr19	15711800	15719800	High Signal Region	chr19	15689164	15697164	mapped
BL001656	chr19	15839200	15846600	High Signal Region	chr19	15816564	15823964	mapped
BL001657	chr19	15956500	15958500	Low Mappability	chr19	15933864	15935864	mapped
BL001658	chr19	16670500	16673100	High Signal Region	chr19	16647864	16650464	mapped
BL001659	chr19	18358000	18364200	High Signal Region	chr19	18335364	18341564	mapped
BL001660	chr19	18532700	18535600	High Signal Region	chr19	18510064	18512964	mapped
BL001661	chr19	19132200	19161200	High Signal Region	chr19	19109564	19138564	mapped
BL001662	chr19	19509000	19514900	High Signal Region	chr19	19486364	19492264	mapped
BL001663	chr19	19870300	19876900	Low Mappability	chr19	19847664	19854264	mapped
BL001664	chr19	20080700	20081800	High Signal Region	chr19	20058064	20059164	mapped
BL001665	chr19	20140700	20144100	Low Mappability	chr19	20118064	20121464	mapped
BL001666	chr19	20288200	20297900	Low Mappability	chr19	20265564	20275264	mapped
BL001667	chr19	20455400	20462700	Low Mappability	chr19	20432764	20440064	mapped
BL001668	chr19	20839700	20843900	Low Mappability	chr19	20817064	20821264	mapped
BL001669	chr19	21218200	21243800	High Signal Region	chr19	21195564	21221164	mapped
BL001670	chr19	21532400	21534400	Low Mappability	chr19	21509764	21511764	mapped
BL001671	chr19	22644100	22651700	High Signal Region	chr19	22621464	22629064	mapped
BL001672	chr19	22722400	22728400	Low Mappability	chr19	22699764	22705764	mapped
BL001673	chr19	23356500	23358400	High Signal Region	chr19	23333864	23335764	mapped
BL001674	chr19	23739200	23754000	High Signal Region	chr19	23716564	23731364	mapped
BL001675	chr19	24040300	24042300	Low Mappability	chr19	24017664	24019664	mapped
BL001676	chr19	24911900	24919200	High Signal Region	chr19	24889264	24896564	mapped
BL001677	chr19	25741800	25770100	High Signal Region	chr19	25719164	25747464	mapped
BL001678	chr19	25917500	25920000	High Signal Region	chr19	25894864	25897364	mapped
BL001679	chr19	27751400	27758100	High Signal Region	chr19	27728800	27735500	mapped
BL001680	chr19	28149600	28156600	High Signal Region	chr19	28127000	28134000	mapped
BL001681	chr19	30907400	30908700	High Signal Region	chr19	30884800	30886100	mapped
BL001682	chr19	30963600	30968000	Low Mappability	chr19	30941000	30945400	mapped
BL001683	chr19	31722800	31735800	High Signal Region	chr19	31700200	31713200	mapped
BL001684	chr19	32203200	32211600	Low Mappability	chr19	32180600	32189000	mapped
BL001685	chr19	32441800	32449100	Low Mappability	chr19	32419200	32426500	mapped
BL001686	chr19	32822000	32824000	Low Mappability	chr19	32799400	32801400	mapped
BL001687	chr19	33439100	33446100	Low Mappability	chr19	33416500	33423500	mapped
BL001688	chr19	33864200	33877900	High Signal Region	chr19	33841600	33855300	mapped
BL001689	chr19	33949100	33958200	High Signal Region	chr19	33926500	33935600	mapped
BL001690	chr19	34131200	34161200	Low Mappability	chr19	34108600	34138600	mapped
BL001691	chr19	34581900	34613000	High Signal Region	chr19	34559300	34590400	mapped
BL001692	chr19	35076400	35079800	High Signal Region	chr19	35053800	35057200	mapped
BL001693	chr19	35650200	35673500	High Signal Region	chr19	35627600	35650900	mapped
BL001694	chr19	36702500	36723400	High Signal Region	chr19	36679900	36700800	mapped
BL001695	chr19	37298800	37301800	Low Mappability	chr19	37276199	37279199	mapped
BL001696	chr19	37617300	37624600	Low Mappability	chr19	37605748	37613048	mapped
BL001697	chr19	38490200	38495300	Low Mappability	chr19	38478648	38483748	mapped
BL001698	chr19	39078100	39079500	High Signal Region	chr19	39066544	39067944	mapped
BL001699	chr19	39106700	39156300	High Signal Region	chr19	39095144	39144744	mapped
BL001700	chr19	39244700	39270400	High Signal Region	chr19	39233144	39258844	mapped
BL001701	chr19	39331700	39424100	High Signal Region	chr19	39320144	39412544	mapped
BL001702	chr19	39599900	39607200	Low Mappability	chr19	39588344	39595644	mapped
BL001703	chr19	39658700	39695100	Low Mappability	chr19	39647144	39683544	mapped
BL001704	chr19	40020400	40026800	Low Mappability	chr19	40008844	40015244	mapped
BL001705	chr19	40094100	40153300	High Signal Region	chr19	40082544	40141744	mapped
BL001706	chr19	40328500	40330000	Low Mappability	chr19	40316944	40318444	mapped
BL001707	chr19	41142700	41150000	Low Mappability	chr19	41131139	41138439	mapped
BL001708	chr19	41424200	41473100	Low Mappability	chr19	41412639	41461539	mapped
BL001709	chr19	42346000	42350500	Low Mappability	chr19	42334439	42338939	mapped
BL001710	chr19	42647600	42649700	Low Mappability	chr19	42636039	42638139	mapped
BL001711	chr19	43118800	43124600	High Signal Region	chr19	43107239	43113039	mapped
BL001712	chr19	43236000	43238000	Low Mappability	chr19	43224439	43226439	mapped
BL001713	chr19	43321500	43323700	High Signal Region	chr19	43309939	43312139	mapped
BL001714	chr19	44145700	44171700	Low Mappability	chr19	44134139	44160139	mapped
BL001715	chr19	44218500	44225000	Low Mappability	chr19	44206939	44213439	mapped
BL001716	chr19	44862100	44864300	High Signal Region	chr19	44850539	44852739	mapped
BL001717	chr19	45004900	45096500	Low Mappability	chr19	44993339	45084939	mapped
BL001718	chr19	45182300	45190200	High Signal Region	chr19	45170739	45178639	mapped
BL001719	chr19	45649000	45661500	High Signal Region	chr19	45637439	45649939	mapped
BL001720	chr19	45699400	45706300	Low Mappability	chr19	45687839	45694739	mapped
BL001721	chr19	47590300	47602700	Low Mappability	chr19	47578739	47591139	mapped
BL001722	chr19	48484600	48496700	High Signal Region	chr19	48473039	48485139	mapped
BL001723	chr19	48743800	48746300	High Signal Region	chr19	48732239	48734739	mapped
BL001724	chr19	50107900	50114400	Low Mappability	chr19	50096338	50102838	mapped
BL001725	chr19	50309700	50311600	High Signal Region	chr19	50298138	50300038	mapped
BL001726	chr19	50754100	50755900	Low Mappability	chr19	50742538	50744338	mapped
BL001727	chr19	50828900	50835600	High Signal Region	chr19	50817338	50824038	mapped
BL001728	chr19	51649700	51655800	High Signal Region	chr19	51638138	51644238	mapped
BL001729	chr19	51949000	51955700	Low Mappability	chr19	51937438	51944138	mapped
BL001730	chr19	52303100	52309700	Low Mappability	chr19	52291538	52298138	mapped
BL001731	chr19	52927900	52932300	Low Mappability	chr19	52916331	52920731	mapped
BL001732	chr19	52967800	52991100	Low Mappability	chr19	52956231	52979531	mapped
BL001733	chr19	53522200	53527100	High Signal Region	chr19	53510631	53515531	mapped
BL001734	chr19	53767900	53777800	High Signal Region	chr19	53756331	53766231	mapped
BL001735	chr19	54235200	54236600	High Signal Region	chr19	54223631	54225031	mapped
BL001736	chr19	54884700	54936800	High Signal Region	chr19	54873132	54925232	mapped
BL001737	chr19	54994900	55001700	Low Mappability	chr19	54983332	54990132	mapped
BL001738	chr19	55976700	55984000	Low Mappability	chr19	55965132	55972432	mapped
BL001739	chr19	56248700	56259000	Low Mappability	chr19	56237132	56247432	mapped
BL001740	chr19	56846600	56849100	High Signal Region	chr19	56835032	56837532	mapped
BL001741	chr19	57514200	57520700	Low Mappability	chr19	57502632	57509132	mapped
BL001742	chr19	57634000	57635600	Low Mappability	chr19	57622432	57624032	mapped
BL001743	chr19	57827000	57832700	Low Mappability	chr19	57815432	57821132	mapped
BL001744	chr19	58012500	58014600	Low Mappability	chr19	58000932	58003032	mapped
BL001745	chr19	58112400	58114500	High Signal Region	chr19	58100832	58102932	mapped
BL001746	chr19	58481300	58483200	High Signal Region	chr19	58469732	58471632	mapped
BL001747	chr19	59221800	59240400	High Signal Region	chr19	59210232	59228832	mapped
BL001748	chr19	59763100	59779900	High Signal Region	chr19	59751532	59768332	mapped
BL001749	chr19	60082500	60089900	High Signal Region	chr19	60070932	60078332	mapped
BL001750	chr19	60906900	60934000	High Signal Region	chr19	60895338	60922438	mapped
BL001751	chr19	61162600	61174300	Low Mappability	chr19	61151038	61162738	mapped
BL001752	chr19	61197700	61268100	High Signal Region	chr19	61186138	61256538	mapped
BL001753	chr19	61330300	61431500	High Signal Region				unmapped
BL001754	chr1	8628600	8719100	High Signal Region	chr1	8698824	8789324	mapped
BL001755	chr1	12038300	12041400	High Signal Region	chr1	12108524	12111624	mapped
BL001756	chr1	14958600	14992600	High Signal Region	chr1	15028824	15062824	mapped
BL001757	chr1	17466800	17479900	High Signal Region	chr1	17537024	17550124	mapped
BL001758	chr1	18872500	18901300	High Signal Region	chr1	18942724	18971524	mapped
BL001759	chr1	19175300	19177200	High Signal Region	chr1	19245524	19247424	mapped
BL001760	chr1	22555000	22556900	High Signal Region	chr1	22594081	22595981	mapped
BL001761	chr1	24610600	24617100	High Signal Region	chr1	24649681	24656181	mapped
BL001762	chr1	24683100	24685100	High Signal Region	chr1	24722181	24724181	mapped
BL001763	chr1	26685100	26689200	High Signal Region	chr1	26724181	26728281	mapped
BL001764	chr1	43776800	43779800	High Signal Region	chr1	43815960	43818960	mapped
BL001765	chr1	44198000	44202200	High Signal Region	chr1	44237160	44241360	mapped
BL001766	chr1	46701700	46756600	High Signal Region	chr1	46740860	46795760	mapped
BL001767	chr1	48880600	48882500	High Signal Region	chr1	48919759	48921659	mapped
BL001768	chr1	56119600	56143500	High Signal Region	chr1	56158759	56182659	mapped
BL001769	chr1	56772200	56783300	High Signal Region	chr1	56811359	56822459	mapped
BL001770	chr1	58613000	58614900	High Signal Region	chr1	58652159	58654059	mapped
BL001771	chr1	63629100	63631600	High Signal Region	chr1	63668259	63670759	mapped
BL001772	chr1	69455800	69457800	High Signal Region	chr1	69494959	69496959	mapped
BL001773	chr1	71078400	71085500	High Signal Region	chr1	71117559	71124659	mapped
BL001774	chr1	71250600	71256700	High Signal Region	chr1	71289759	71295859	mapped
BL001775	chr1	73549100	73555300	High Signal Region	chr1	73588259	73594459	mapped
BL001776	chr1	73832600	73902400	High Signal Region	chr1	73871759	73941559	mapped
BL001777	chr1	78572900	78575400	High Signal Region	chr1	78549537	78552037	mapped
BL001778	chr1	84953500	85663200	High Signal Region				unmapped
BL001779	chr1	88209400	88311700	High Signal Region	chr1	88137122	88239422	mapped
BL001780	chr1	94093800	94109400	High Signal Region	chr1	94021525	94037125	mapped
BL001781	chr1	95451000	95452900	High Signal Region	chr1	95378725	95380625	mapped
BL001782	chr1	95783900	95789700	High Signal Region	chr1	95711625	95717425	mapped
BL001783	chr1	95810200	95851700	High Signal Region	chr1	95737925	95779425	mapped
BL001784	chr1	100737900	100760500	High Signal Region	chr1	100665625	100688225	mapped
BL001785	chr1	101040100	101046300	High Signal Region	chr1	100967825	100974025	mapped
BL001786	chr1	102627300	102644300	High Signal Region	chr1	102555025	102572025	mapped
BL001787	chr1	105226800	105230700	High Signal Region	chr1	105154525	105158425	mapped
BL001788	chr1	110170400	110188300	High Signal Region	chr1	110098130	110116030	mapped
BL001789	chr1	113602700	113604800	High Signal Region	chr1	113530430	113532530	mapped
BL001790	chr1	114557300	114579100	High Signal Region	chr1	114485030	114506830	mapped
BL001791	chr1	114643300	114660500	High Signal Region	chr1	114571030	114588230	mapped
BL001792	chr1	115447500	115482800	High Signal Region	chr1	115375230	115410530	mapped
BL001793	chr1	122356200	122358200	High Signal Region	chr1	122283929	122285929	mapped
BL001794	chr1	133593600	133611300	High Signal Region	chr1	133521338	133539038	mapped
BL001795	chr1	142651800	142672300	High Signal Region	chr1	142579538	142600038	mapped
BL001796	chr1	145444500	145449100	High Signal Region	chr1	145320238	145324838	mapped
BL001797	chr1	146120600	146128200	High Signal Region	chr1	145996338	146003938	mapped
BL001798	chr1	151181600	151212000	High Signal Region	chr1	151057351	151087751	mapped
BL001799	chr1	165862800	165864700	Low Mappability	chr1	165690369	165692269	mapped
BL001800	chr1	171033000	171112400	High Signal Region	chr1	170860569	170939969	mapped
BL001801	chr1	172716800	172738200	High Signal Region	chr1	172544367	172565767	mapped
BL001802	chr1	172878700	172885100	High Signal Region	chr1	172706267	172712667	mapped
BL001803	chr1	178538700	178540700	High Signal Region	chr1	178366265	178368265	mapped
BL001804	chr1	181742100	181752400	High Signal Region	chr1	181569665	181579965	mapped
BL001805	chr1	182628900	182630800	High Signal Region	chr1	182456465	182458365	mapped
BL001806	chr1	183298200	183300500	High Signal Region				unmapped
BL001807	chr1	190299400	190304600	High Signal Region	chr1	190031597	190036797	mapped
BL001808	chr1	192453100	192471800	High Signal Region	chr1	192135408	192154108	mapped
BL001809	chr1	193226900	193228800	High Signal Region	chr1	192909208	192911108	mapped
BL001810	chr1	195239800	195257400	High Signal Region	chr1	194922108	194939708	mapped
BL001811	chr1	195278100	195280200	High Signal Region	chr1	194960408	194962508	mapped
BL001812	chr1	195320700	195471900	High Signal Region				unmapped
BL001813	chr2	0	3086300	High Signal Region				unmapped
BL001814	chr2	3474900	3488800	High Signal Region	chr2	3475937	3489837	mapped
BL001815	chr2	3932700	3939100	Low Mappability	chr2	3933737	3940137	mapped
BL001816	chr2	3963500	3986100	High Signal Region	chr2	3964537	3990911	mapped
BL001817	chr2	4515100	4518600	High Signal Region	chr2	4519911	4523411	mapped
BL001818	chr2	4600600	4620300	High Signal Region	chr2	4605411	4625111	mapped
BL001819	chr2	5378100	5394600	High Signal Region	chr2	5382911	5399411	mapped
BL001820	chr2	5545900	5561600	High Signal Region	chr2	5550711	5566411	mapped
BL001821	chr2	6078200	6095300	High Signal Region	chr2	6083011	6100111	mapped
BL001822	chr2	6773100	6777500	Low Mappability	chr2	6777911	6782311	mapped
BL001823	chr2	6832200	6846700	High Signal Region	chr2	6837011	6851511	mapped
BL001824	chr2	7137500	7139600	High Signal Region	chr2	7142311	7144411	mapped
BL001825	chr2	7404000	7458100	High Signal Region	chr2	7408811	7462911	mapped
BL001826	chr2	7571700	7609800	High Signal Region	chr2	7576511	7614611	mapped
BL001827	chr2	7656300	7669700	Low Mappability	chr2	7661111	7674511	mapped
BL001828	chr2	7752800	7758500	High Signal Region	chr2	7757611	7763311	mapped
BL001829	chr2	8034600	8042900	High Signal Region	chr2	8039411	8047711	mapped
BL001830	chr2	8266200	8275600	High Signal Region	chr2	8271011	8280411	mapped
BL001831	chr2	8528400	8535700	High Signal Region	chr2	8533211	8540511	mapped
BL001832	chr2	8938000	8940500	High Signal Region	chr2	8942811	8945311	mapped
BL001833	chr2	9212600	9219300	High Signal Region	chr2	9217411	9224111	mapped
BL001834	chr2	10177100	10183400	Low Mappability	chr2	10181911	10188211	mapped
BL001835	chr2	10483200	10501500	Low Mappability	chr2	10488011	10506311	mapped
BL001836	chr2	10677000	10697600	Low Mappability	chr2	10681811	10702411	mapped
BL001837	chr2	12605500	12668600	High Signal Region	chr2	12610311	12673411	mapped
BL001838	chr2	13824000	13869200	High Signal Region	chr2	13828811	13874011	mapped
BL001839	chr2	13946300	13948900	High Signal Region	chr2	13951111	13953711	mapped
BL001840	chr2	14014100	14035300	High Signal Region	chr2	14018911	14040111	mapped
BL001841	chr2	14359100	14386600	High Signal Region	chr2	14363911	14391411	mapped
BL001842	chr2	14919000	14924500	High Signal Region	chr2	14923811	14929311	mapped
BL001843	chr2	15301300	15334700	High Signal Region	chr2	15306111	15339511	mapped
BL001844	chr2	15430100	15435500	Low Mappability	chr2	15434911	15440311	mapped
BL001845	chr2	15575900	15602800	High Signal Region	chr2	15580711	15607611	mapped
BL001846	chr2	15716700	15721100	High Signal Region	chr2	15721511	15725911	mapped
BL001847	chr2	15768300	15770500	High Signal Region	chr2	15773111	15775311	mapped
BL001848	chr2	16192400	16198500	High Signal Region	chr2	16197211	16203311	mapped
BL001849	chr2	16320200	16326500	Low Mappability	chr2	16325011	16331311	mapped
BL001850	chr2	16762800	16787000	High Signal Region	chr2	16767611	16791811	mapped
BL001851	chr2	17383200	17385100	High Signal Region	chr2	17388011	17389911	mapped
BL001852	chr2	17612500	17654500	Low Mappability	chr2	17617311	17659311	mapped
BL001853	chr2	17747200	17753000	High Signal Region	chr2	17752011	17757811	mapped
BL001854	chr2	19209900	19212900	High Signal Region	chr2	19214711	19217711	mapped
BL001855	chr2	19498400	19510300	High Signal Region	chr2	19503211	19515111	mapped
BL001856	chr2	19707900	19712200	High Signal Region	chr2	19712711	19717011	mapped
BL001857	chr2	20038500	20067400	Low Mappability	chr2	20043311	20072211	mapped
BL001858	chr2	20426800	20433300	Low Mappability	chr2	20431611	20438111	mapped
BL001859	chr2	20898900	20901100	High Signal Region	chr2	20903711	20905911	mapped
BL001860	chr2	21062600	21082200	Low Mappability	chr2	21067411	21087011	mapped
BL001861	chr2	22049700	22087700	High Signal Region	chr2	22054511	22092511	mapped
BL001862	chr2	22137300	22165500	High Signal Region	chr2	22142111	22170311	mapped
BL001863	chr2	22389900	22608700	High Signal Region				unmapped
BL001864	chr2	22737300	22745800	High Signal Region	chr2	22627312	22635812	mapped
BL001865	chr2	23009600	23015000	Low Mappability	chr2	22899612	22905012	mapped
BL001866	chr2	23274600	23304900	High Signal Region	chr2	23164612	23194912	mapped
BL001867	chr2	23693700	23707900	High Signal Region	chr2	23583712	23597912	mapped
BL001868	chr2	24193300	24199000	High Signal Region	chr2	24083312	24089012	mapped
BL001869	chr2	26333100	26351900	Low Mappability	chr2	26223112	26241912	mapped
BL001870	chr2	26759100	26763600	High Signal Region	chr2	26649112	26653612	mapped
BL001871	chr2	26998200	27004400	Low Mappability	chr2	26888212	26894412	mapped
BL001872	chr2	28183200	28205000	High Signal Region	chr2	28073212	28095012	mapped
BL001873	chr2	30204600	30239600	Low Mappability	chr2	30094612	30129612	mapped
BL001874	chr2	32381300	32488200	Low Mappability	chr2	32271312	32378212	mapped
BL001875	chr2	33933000	33935300	High Signal Region	chr2	33823012	33825312	mapped
BL001876	chr2	34049900	34051800	High Signal Region	chr2	33939912	33941812	mapped
BL001877	chr2	34903900	34935900	Low Mappability	chr2	34793912	34825912	mapped
BL001878	chr2	35090800	35109900	High Signal Region	chr2	34980812	34999912	mapped
BL001879	chr2	35505000	35526700	Low Mappability	chr2	35395012	35416712	mapped
BL001880	chr2	36008600	36019300	Low Mappability	chr2	35898612	35909312	mapped
BL001881	chr2	36401900	36413100	High Signal Region	chr2	36291912	36303112	mapped
BL001882	chr2	36508600	36515200	High Signal Region	chr2	36398612	36405212	mapped
BL001883	chr2	36542800	36549100	High Signal Region	chr2	36432812	36439112	mapped
BL001884	chr2	36761000	36766500	High Signal Region	chr2	36651012	36656512	mapped
BL001885	chr2	36951900	36970700	High Signal Region	chr2	36841912	36860712	mapped
BL001886	chr2	37156900	37185900	High Signal Region	chr2	37046912	37075912	mapped
BL001887	chr2	37339700	37359400	Low Mappability	chr2	37229712	37249412	mapped
BL001888	chr2	38564700	38566600	Low Mappability	chr2	38454712	38456612	mapped
BL001889	chr2	39225400	39293200	High Signal Region	chr2	39115412	39183212	mapped
BL001890	chr2	39360600	39367900	Low Mappability	chr2	39250612	39257912	mapped
BL001891	chr2	39517800	39534800	High Signal Region	chr2	39407812	39424812	mapped
BL001892	chr2	39778500	39785700	Low Mappability	chr2	39668512	39675712	mapped
BL001893	chr2	39887500	39915800	High Signal Region	chr2	39777512	39805812	mapped
BL001894	chr2	40131200	40240800	High Signal Region	chr2	40021212	40130812	mapped
BL001895	chr2	40262500	40268600	High Signal Region	chr2	40152512	40158612	mapped
BL001896	chr2	40766400	40794000	High Signal Region	chr2	40656412	40684012	mapped
BL001897	chr2	41059500	41070200	Low Mappability	chr2	40949512	40960212	mapped
BL001898	chr2	41168700	41171400	High Signal Region	chr2	41058712	41061412	mapped
BL001899	chr2	41692800	41694800	High Signal Region	chr2	41582812	41584812	mapped
BL001900	chr2	41744300	41751600	Low Mappability	chr2	41634312	41641612	mapped
BL001901	chr2	41775100	41781500	High Signal Region	chr2	41665112	41671512	mapped
BL001902	chr2	41895300	41897200	High Signal Region	chr2	41785312	41787212	mapped
BL001903	chr2	42044500	42051600	High Signal Region	chr2	41934512	41941612	mapped
BL001904	chr2	42200300	42240700	High Signal Region	chr2	42090312	42130712	mapped
BL001905	chr2	42950100	42956600	High Signal Region	chr2	42840112	42846612	mapped
BL001906	chr2	43347900	43356400	High Signal Region	chr2	43237912	43246412	mapped
BL001907	chr2	44936600	44942400	High Signal Region	chr2	44826612	44832412	mapped
BL001908	chr2	46224800	46226700	High Signal Region	chr2	46114812	46116712	mapped
BL001909	chr2	46343100	46348100	Low Mappability	chr2	46233112	46238112	mapped
BL001910	chr2	46574200	46579600	Low Mappability	chr2	46464212	46469612	mapped
BL001911	chr2	47008600	47023500	High Signal Region	chr2	46898612	46913512	mapped
BL001912	chr2	47196300	47199300	High Signal Region	chr2	47086312	47089312	mapped
BL001913	chr2	47533600	47642600	High Signal Region	chr2	47423612	47532612	mapped
BL001914	chr2	47942200	47943800	High Signal Region	chr2	47832212	47833812	mapped
BL001915	chr2	48483000	48491000	Low Mappability	chr2	48373012	48381012	mapped
BL001916	chr2	50543200	50545500	High Signal Region	chr2	50433212	50435512	mapped
BL001917	chr2	50679600	50686800	Low Mappability	chr2	50569612	50576812	mapped
BL001918	chr2	51552600	51555600	High Signal Region	chr2	51442612	51445612	mapped
BL001919	chr2	51750900	51756000	High Signal Region	chr2	51640912	51646012	mapped
BL001920	chr2	51881600	51890600	Low Mappability	chr2	51771612	51780612	mapped
BL001921	chr2	51945900	51948400	High Signal Region	chr2	51835912	51838412	mapped
BL001922	chr2	52695900	52718600	High Signal Region	chr2	52585912	52608612	mapped
BL001923	chr2	52786800	52796300	High Signal Region	chr2	52676812	52686312	mapped
BL001924	chr2	53317700	53321600	Low Mappability	chr2	53207712	53211612	mapped
BL001925	chr2	53347800	53367000	High Signal Region	chr2	53237812	53257012	mapped
BL001926	chr2	53633400	53642900	High Signal Region	chr2	53523412	53532912	mapped
BL001927	chr2	53745700	53799800	High Signal Region	chr2	53635712	53689812	mapped
BL001928	chr2	54252600	54258500	High Signal Region	chr2	54142612	54148512	mapped
BL001929	chr2	54698000	54747900	High Signal Region	chr2	54588012	54637912	mapped
BL001930	chr2	54862600	54895300	High Signal Region	chr2	54752612	54785312	mapped
BL001931	chr2	55197500	55216400	High Signal Region	chr2	55087512	55106412	mapped
BL001932	chr2	55308300	55353700	High Signal Region	chr2	55198312	55243712	mapped
BL001933	chr2	55823800	55829000	High Signal Region	chr2	55713812	55719012	mapped
BL001934	chr2	55860200	55874300	Low Mappability	chr2	55750212	55764312	mapped
BL001935	chr2	55942000	55947800	High Signal Region	chr2	55832012	55837812	mapped
BL001936	chr2	56192800	56194600	High Signal Region	chr2	56082812	56084612	mapped
BL001937	chr2	56298700	56304900	High Signal Region	chr2	56188712	56194912	mapped
BL001938	chr2	56465200	56471900	High Signal Region	chr2	56355212	56361912	mapped
BL001939	chr2	56834300	56879100	High Signal Region	chr2	56724312	56769112	mapped
BL001940	chr2	56988500	56990600	Low Mappability	chr2	56878512	56880612	mapped
BL001941	chr2	57166400	57172900	Low Mappability	chr2	57056412	57062912	mapped
BL001942	chr2	57214400	57223500	Low Mappability	chr2	57104412	57113512	mapped
BL001943	chr2	57417400	57446500	High Signal Region	chr2	57307412	57336512	mapped
BL001944	chr2	57628500	57633800	High Signal Region	chr2	57518512	57523812	mapped
BL001945	chr2	57726600	57728500	High Signal Region	chr2	57616612	57618512	mapped
BL001946	chr2	58212900	58263100	High Signal Region	chr2	58102912	58153112	mapped
BL001947	chr2	58648300	58691900	High Signal Region	chr2	58538312	58581912	mapped
BL001948	chr2	58881200	58902500	High Signal Region	chr2	58771212	58792512	mapped
BL001949	chr2	59971300	59972800	Low Mappability	chr2	59801644	59803144	mapped
BL001950	chr2	61038200	61042700	High Signal Region	chr2	60868544	60873044	mapped
BL001951	chr2	61959600	61965300	High Signal Region	chr2	61789944	61795644	mapped
BL001952	chr2	62022900	62040100	High Signal Region	chr2	61853244	61870444	mapped
BL001953	chr2	62861100	62867200	High Signal Region	chr2	62691444	62697544	mapped
BL001954	chr2	63297300	63302700	Low Mappability	chr2	63127644	63133044	mapped
BL001955	chr2	63368100	63403900	High Signal Region	chr2	63198444	63234244	mapped
BL001956	chr2	63462300	63483800	High Signal Region	chr2	63292644	63314144	mapped
BL001957	chr2	63641200	63654600	High Signal Region	chr2	63471544	63484944	mapped
BL001958	chr2	63718200	63725400	High Signal Region	chr2	63548544	63555744	mapped
BL001959	chr2	63838100	63845300	Low Mappability	chr2	63668444	63675644	mapped
BL001960	chr2	64309200	64319600	High Signal Region	chr2	64139544	64149944	mapped
BL001961	chr2	64608400	64633400	Low Mappability	chr2	64438744	64463744	mapped
BL001962	chr2	64698700	64703300	High Signal Region	chr2	64529044	64533644	mapped
BL001963	chr2	65592500	65602200	High Signal Region	chr2	65422844	65432544	mapped
BL001964	chr2	65737700	65781500	Low Mappability	chr2	65568044	65611844	mapped
BL001965	chr2	66721600	66750400	High Signal Region	chr2	66551944	66580744	mapped
BL001966	chr2	66845100	66852300	High Signal Region	chr2	66675444	66682644	mapped
BL001967	chr2	67408400	67414500	High Signal Region	chr2	67238744	67244844	mapped
BL001968	chr2	67939700	67946000	High Signal Region	chr2	67770044	67776344	mapped
BL001969	chr2	68770400	68776700	High Signal Region	chr2	68600744	68607044	mapped
BL001970	chr2	68917800	68924100	Low Mappability	chr2	68748144	68754444	mapped
BL001971	chr2	69353900	69356600	High Signal Region	chr2	69184244	69186944	mapped
BL001972	chr2	70263100	70270000	Low Mappability	chr2	70093444	70100344	mapped
BL001973	chr2	70880100	70892900	High Signal Region	chr2	70710444	70723244	mapped
BL001974	chr2	71054700	71071300	Low Mappability	chr2	70885044	70901644	mapped
BL001975	chr2	71942000	71949500	Low Mappability	chr2	71772344	71779844	mapped
BL001976	chr2	72270200	72275700	Low Mappability	chr2	72100544	72106044	mapped
BL001977	chr2	73867000	73868900	High Signal Region	chr2	73697344	73699244	mapped
BL001978	chr2	74364300	74402600	Low Mappability	chr2	74194644	74232944	mapped
BL001979	chr2	74437600	74444900	Low Mappability	chr2	74267944	74275244	mapped
BL001980	chr2	75499500	75504600	High Signal Region	chr2	75329844	75334944	mapped
BL001981	chr2	77224000	77230500	Low Mappability	chr2	77054344	77060844	mapped
BL001982	chr2	78318000	78339500	High Signal Region	chr2	78148344	78169844	mapped
BL001983	chr2	79437700	79441900	High Signal Region	chr2	79268044	79272244	mapped
BL001984	chr2	79936500	79943700	High Signal Region	chr2	79766844	79774044	mapped
BL001985	chr2	80119000	80121500	High Signal Region	chr2	79949344	79951844	mapped
BL001986	chr2	80220600	80257700	Low Mappability	chr2	80050944	80088044	mapped
BL001987	chr2	80795600	80838700	High Signal Region	chr2	80625944	80669044	mapped
BL001988	chr2	80879000	80880200	High Signal Region	chr2	80709344	80710544	mapped
BL001989	chr2	80956500	81006000	High Signal Region	chr2	80786844	80836344	mapped
BL001990	chr2	81069000	81075100	High Signal Region	chr2	80899344	80905444	mapped
BL001991	chr2	81639400	81644800	High Signal Region	chr2	81469744	81475144	mapped
BL001992	chr2	81750800	81756800	High Signal Region	chr2	81581144	81587144	mapped
BL001993	chr2	81790000	81795900	High Signal Region	chr2	81620344	81626244	mapped
BL001994	chr2	82329800	82340100	High Signal Region	chr2	82160144	82170444	mapped
BL001995	chr2	82673800	82679900	High Signal Region	chr2	82504144	82510244	mapped
BL001996	chr2	82714300	82728500	High Signal Region	chr2	82544644	82558844	mapped
BL001997	chr2	82783900	82789500	High Signal Region	chr2	82614244	82619844	mapped
BL001998	chr2	82868800	82887900	High Signal Region	chr2	82699144	82718244	mapped
BL001999	chr2	82916300	82936800	High Signal Region	chr2	82746644	82767144	mapped
BL002000	chr2	83120100	83146100	High Signal Region	chr2	82950444	82976444	mapped
BL002001	chr2	83185100	83193200	High Signal Region	chr2	83015444	83023544	mapped
BL002002	chr2	83325900	83328200	High Signal Region	chr2	83156244	83158544	mapped
BL002003	chr2	83413500	83587500	High Signal Region	chr2	83243844	83417844	mapped
BL002004	chr2	83865600	83893100	High Signal Region	chr2	83695944	83723444	mapped
BL002005	chr2	83931600	83995800	Low Mappability	chr2	83761944	83826144	mapped
BL002006	chr2	84080900	84085600	High Signal Region	chr2	83911244	83915944	mapped
BL002007	chr2	84505000	84510500	Low Mappability	chr2	84335344	84340844	mapped
BL002008	chr2	84532500	84534600	Low Mappability	chr2	84362844	84364944	mapped
BL002009	chr2	84564800	84576000	Low Mappability	chr2	84395144	84406344	mapped
BL002010	chr2	85685600	85701800	Low Mappability	chr2	85515944	85532144	mapped
BL002011	chr2	85874000	85896300	High Signal Region	chr2	85704344	85726644	mapped
BL002012	chr2	86018200	86021700	Low Mappability	chr2	85848544	85852044	mapped
BL002013	chr2	86303400	86317700	High Signal Region	chr2	86133744	86148044	mapped
BL002014	chr2	86339600	86346900	Low Mappability	chr2	86169944	86177244	mapped
BL002015	chr2	86612700	86617500	High Signal Region	chr2	86443044	86447844	mapped
BL002016	chr2	87381000	87382800	High Signal Region	chr2	87211344	87213144	mapped
BL002017	chr2	87875700	87941300	High Signal Region	chr2	87706044	87771644	mapped
BL002018	chr2	88167400	88212600	High Signal Region	chr2	87997744	88042944	mapped
BL002019	chr2	88776200	88780800	High Signal Region	chr2	88606544	88611144	mapped
BL002020	chr2	89206600	89277100	Low Mappability	chr2	89036944	89107444	mapped
BL002021	chr2	89345700	89350400	High Signal Region	chr2	89176044	89180744	mapped
BL002022	chr2	89761200	89775100	High Signal Region	chr2	89591544	89605444	mapped
BL002023	chr2	89856400	89920100	High Signal Region	chr2	89686744	89750444	mapped
BL002024	chr2	90127200	90132700	High Signal Region	chr2	89957544	89963044	mapped
BL002025	chr2	90157100	90249100	High Signal Region	chr2	89987444	90079444	mapped
BL002026	chr2	90273200	90279100	High Signal Region	chr2	90103544	90109444	mapped
BL002027	chr2	90309300	90396100	High Signal Region	chr2	90139644	90226444	mapped
BL002028	chr2	92092600	92094700	High Signal Region	chr2	91922945	91925045	mapped
BL002029	chr2	92167200	92169100	High Signal Region	chr2	91997545	91999445	mapped
BL002030	chr2	93824700	93850200	High Signal Region	chr2	93655045	93680545	mapped
BL002031	chr2	94602800	94607800	Low Mappability	chr2	94433145	94438145	mapped
BL002032	chr2	94633900	94656500	High Signal Region	chr2	94464245	94486845	mapped
BL002033	chr2	94801000	94809400	Low Mappability	chr2	94631345	94639745	mapped
BL002034	chr2	94852800	94891200	High Signal Region	chr2	94683145	94721545	mapped
BL002035	chr2	95064700	95093500	Low Mappability	chr2	94895045	94923845	mapped
BL002036	chr2	95148000	95167800	High Signal Region	chr2	94978345	94998145	mapped
BL002037	chr2	95215900	95320600	High Signal Region	chr2	95046245	95150945	mapped
BL002038	chr2	95414700	95420600	High Signal Region	chr2	95245045	95250945	mapped
BL002039	chr2	95536400	95538400	Low Mappability	chr2	95366745	95368745	mapped
BL002040	chr2	95647900	95654300	High Signal Region	chr2	95478245	95484645	mapped
BL002041	chr2	95794500	95799200	High Signal Region	chr2	95624845	95629545	mapped
BL002042	chr2	95929300	95934400	High Signal Region	chr2	95759645	95764745	mapped
BL002043	chr2	96191400	96208900	High Signal Region	chr2	96021745	96039245	mapped
BL002044	chr2	96547800	96566800	Low Mappability	chr2	96378145	96397145	mapped
BL002045	chr2	96954700	96977300	High Signal Region	chr2	96785045	96807645	mapped
BL002046	chr2	97021000	97034600	High Signal Region	chr2	96851345	96864945	mapped
BL002047	chr2	97308000	97327600	High Signal Region	chr2	97138345	97157945	mapped
BL002048	chr2	97671600	97686300	High Signal Region	chr2	97501945	97516645	mapped
BL002049	chr2	97760700	97765800	High Signal Region	chr2	97591045	97596145	mapped
BL002050	chr2	97872400	97958200	High Signal Region	chr2	97702745	97788545	mapped
BL002051	chr2	98361700	98449600	High Signal Region	chr2	98192045	98279945	mapped
BL002052	chr2	98659400	98668200	High Signal Region	chr2	98489745	98498545	mapped
BL002053	chr2	98796500	98801900	High Signal Region	chr2	98626845	98632245	mapped
BL002054	chr2	99020000	99057500	High Signal Region	chr2	98850345	98887845	mapped
BL002055	chr2	99300200	99320300	High Signal Region	chr2	99130545	99150645	mapped
BL002056	chr2	99944600	99970200	High Signal Region	chr2	99774945	99800545	mapped
BL002057	chr2	100112000	100114300	High Signal Region	chr2	99942345	99944645	mapped
BL002058	chr2	100223900	100238300	High Signal Region	chr2	100054245	100068645	mapped
BL002059	chr2	100418400	100777900	Low Mappability	chr2	100248745	100608245	mapped
BL002060	chr2	101127200	101153600	Low Mappability	chr2	100957545	100983945	mapped
BL002061	chr2	101313100	101350600	High Signal Region	chr2	101143445	101180945	mapped
BL002062	chr2	102828400	102830400	High Signal Region	chr2	102658745	102660745	mapped
BL002063	chr2	103231300	103232300	High Signal Region	chr2	103061645	103062645	mapped
BL002064	chr2	103852300	103872800	High Signal Region	chr2	103682645	103703145	mapped
BL002065	chr2	104684900	104697300	High Signal Region	chr2	104515245	104527645	mapped
BL002066	chr2	105249300	105259000	High Signal Region	chr2	105079645	105089345	mapped
BL002067	chr2	105539300	105563200	Low Mappability	chr2	105369645	105393545	mapped
BL002068	chr2	105825900	105865100	High Signal Region	chr2	105656245	105695445	mapped
BL002069	chr2	106555100	106569300	High Signal Region	chr2	106385445	106399645	mapped
BL002070	chr2	107134100	107140900	High Signal Region	chr2	106964445	106971245	mapped
BL002071	chr2	107593900	107601200	Low Mappability	chr2	107424245	107431545	mapped
BL002072	chr2	107710100	107712400	High Signal Region	chr2	107540445	107542745	mapped
BL002073	chr2	108608600	108614000	High Signal Region	chr2	108438945	108444345	mapped
BL002074	chr2	108945100	108972800	High Signal Region	chr2	108775445	108803145	mapped
BL002075	chr2	109629400	109636000	High Signal Region	chr2	109459745	109466345	mapped
BL002076	chr2	110016800	110025500	High Signal Region	chr2	109847145	109855845	mapped
BL002077	chr2	110091100	110128700	High Signal Region	chr2	109921445	109959045	mapped
BL002078	chr2	110157100	110163300	High Signal Region	chr2	109987445	109993645	mapped
BL002079	chr2	110292700	110294600	High Signal Region	chr2	110123045	110124945	mapped
BL002080	chr2	110545800	110583400	High Signal Region	chr2	110376145	110413745	mapped
BL002081	chr2	110752400	110780100	High Signal Region	chr2	110582745	110610445	mapped
BL002082	chr2	111007400	111018600	High Signal Region	chr2	110837745	110848945	mapped
BL002083	chr2	111042000	111046600	High Signal Region	chr2	110872345	110876945	mapped
BL002084	chr2	111172700	111179800	High Signal Region	chr2	111003045	111010145	mapped
BL002085	chr2	111281500	111287900	Low Mappability	chr2	111111845	111118245	mapped
BL002086	chr2	111545600	111553300	Low Mappability	chr2	111375945	111383645	mapped
BL002087	chr2	111716900	111722900	High Signal Region	chr2	111547245	111553245	mapped
BL002088	chr2	111844900	111866400	High Signal Region	chr2	111675245	111696745	mapped
BL002089	chr2	111890900	111898900	High Signal Region	chr2	111721245	111729245	mapped
BL002090	chr2	112053900	112086000	High Signal Region	chr2	111884245	111916345	mapped
BL002091	chr2	112319700	112326200	Low Mappability	chr2	112150045	112156545	mapped
BL002092	chr2	112522900	112570500	High Signal Region	chr2	112353245	112400845	mapped
BL002093	chr2	112602800	112605100	High Signal Region	chr2	112433145	112435445	mapped
BL002094	chr2	112701400	112707900	High Signal Region	chr2	112531745	112538245	mapped
BL002095	chr2	113095800	113102400	Low Mappability	chr2	112926145	112932745	mapped
BL002096	chr2	113330900	113333000	Low Mappability	chr2	113161245	113163345	mapped
BL002097	chr2	113518400	113524900	Low Mappability	chr2	113348745	113355245	mapped
BL002098	chr2	113564300	113565700	High Signal Region	chr2	113394645	113396045	mapped
BL002099	chr2	113659300	113673200	High Signal Region	chr2	113489645	113503545	mapped
BL002100	chr2	114180800	114187400	Low Mappability	chr2	114011281	114017881	mapped
BL002101	chr2	114242400	114244000	High Signal Region	chr2	114072881	114074481	mapped
BL002102	chr2	114469200	114504000	High Signal Region	chr2	114299681	114334481	mapped
BL002103	chr2	116454300	116524000	High Signal Region	chr2	116284781	116354481	mapped
BL002104	chr2	117829600	117835500	High Signal Region	chr2	117660081	117665981	mapped
BL002105	chr2	118017700	118020200	High Signal Region	chr2	117848181	117850681	mapped
BL002106	chr2	120608600	120650200	High Signal Region	chr2	120439081	120480681	mapped
BL002107	chr2	120810300	120821000	High Signal Region	chr2	120640781	120651481	mapped
BL002108	chr2	121435600	121523600	High Signal Region	chr2	121266081	121354081	mapped
BL002109	chr2	121938800	121957600	High Signal Region	chr2	121769281	121788081	mapped
BL002110	chr2	122680400	122683200	High Signal Region	chr2	122522320	122525120	mapped
BL002111	chr2	123288000	123294300	Low Mappability	chr2	123129920	123136220	mapped
BL002112	chr2	123496800	123525300	High Signal Region	chr2	123338720	123367220	mapped
BL002113	chr2	123785200	123790700	High Signal Region	chr2	123627120	123632620	mapped
BL002114	chr2	124002700	124004600	High Signal Region	chr2	123844620	123846520	mapped
BL002115	chr2	124798800	124835800	High Signal Region	chr2	124640720	124677720	mapped
BL002116	chr2	125625000	125635900	Low Mappability	chr2	125466920	125477820	mapped
BL002117	chr2	126217400	126263800	High Signal Region	chr2	126059320	126105720	mapped
BL002118	chr2	126445400	126447400	Low Mappability	chr2	126287320	126289320	mapped
BL002119	chr2	126964900	126972100	Low Mappability	chr2	126806820	126814020	mapped
BL002120	chr2	127720400	127734000	Low Mappability	chr2	127562320	127575920	mapped
BL002121	chr2	128050800	128053200	High Signal Region	chr2	127892720	127895120	mapped
BL002122	chr2	128480400	128486900	Low Mappability	chr2	128322320	128328820	mapped
BL002123	chr2	128772500	128774500	Low Mappability	chr2	128614420	128616420	mapped
BL002124	chr2	129499400	129523400	High Signal Region	chr2	129341320	129365320	mapped
BL002125	chr2	129602700	129613700	Low Mappability	chr2	129444620	129455620	mapped
BL002126	chr2	131791800	131793800	High Signal Region	chr2	131633720	131635720	mapped
BL002127	chr2	131908300	131931100	Low Mappability	chr2	131750220	131773020	mapped
BL002128	chr2	131963900	131983700	High Signal Region	chr2	131805820	131825620	mapped
BL002129	chr2	132885700	132890400	High Signal Region	chr2	132727620	132732320	mapped
BL002130	chr2	132952400	132954500	Low Mappability	chr2	132794320	132796420	mapped
BL002131	chr2	133053200	133083400	High Signal Region	chr2	132895120	132925320	mapped
BL002132	chr2	133239300	133261800	High Signal Region	chr2	133081220	133103720	mapped
BL002133	chr2	133934000	133937500	High Signal Region	chr2	133775920	133779420	mapped
BL002134	chr2	134560100	134577900	High Signal Region	chr2	134402020	134419820	mapped
BL002135	chr2	134661800	134673000	High Signal Region	chr2	134503720	134514920	mapped
BL002136	chr2	134746600	134751100	High Signal Region	chr2	134588520	134593020	mapped
BL002137	chr2	135146800	135151900	High Signal Region	chr2	134988720	134993820	mapped
BL002138	chr2	135987600	135989700	High Signal Region	chr2	135829520	135831620	mapped
BL002139	chr2	136234300	136286800	Low Mappability	chr2	136076220	136128720	mapped
BL002140	chr2	137028200	137037000	High Signal Region	chr2	136870120	136878920	mapped
BL002141	chr2	137345900	137369900	High Signal Region	chr2	137187820	137211820	mapped
BL002142	chr2	137394500	137405600	High Signal Region	chr2	137236420	137247520	mapped
BL002143	chr2	137640000	137642300	High Signal Region	chr2	137481920	137484220	mapped
BL002144	chr2	137890200	137895000	High Signal Region	chr2	137732120	137736920	mapped
BL002145	chr2	138035000	138056400	Low Mappability	chr2	137876920	137898320	mapped
BL002146	chr2	138573700	138580400	High Signal Region	chr2	138415620	138422320	mapped
BL002147	chr2	138621500	138624200	High Signal Region	chr2	138463420	138466120	mapped
BL002148	chr2	138833600	138853100	High Signal Region	chr2	138675520	138695020	mapped
BL002149	chr2	138904300	138935000	High Signal Region	chr2	138746220	138776920	mapped
BL002150	chr2	139433200	139476200	High Signal Region	chr2	139275120	139318120	mapped
BL002151	chr2	140345800	140352400	Low Mappability	chr2	140187720	140194320	mapped
BL002152	chr2	142197000	142204400	Low Mappability	chr2	142038920	142046320	mapped
BL002153	chr2	142464200	142483300	Low Mappability	chr2	142306120	142325220	mapped
BL002154	chr2	142789100	142795600	Low Mappability	chr2	142631020	142637520	mapped
BL002155	chr2	143275500	143290300	High Signal Region	chr2	143117420	143132220	mapped
BL002156	chr2	143725900	143764700	High Signal Region	chr2	143567820	143606620	mapped
BL002157	chr2	144627800	144636700	Low Mappability	chr2	144469720	144478620	mapped
BL002158	chr2	144975200	144977100	High Signal Region	chr2	144817120	144819020	mapped
BL002159	chr2	145001300	145003200	High Signal Region	chr2	144843220	144845120	mapped
BL002160	chr2	145118300	145146300	Low Mappability	chr2	144960220	144988220	mapped
BL002161	chr2	145236800	145242600	Low Mappability	chr2	145078720	145084520	mapped
BL002162	chr2	145625100	145630800	Low Mappability	chr2	145467020	145472720	mapped
BL002163	chr2	145732700	145734600	High Signal Region	chr2	145574620	145576520	mapped
BL002164	chr2	146135700	146176900	High Signal Region	chr2	145977620	146018820	mapped
BL002165	chr2	146995700	147013200	Low Mappability	chr2	146837620	146855120	mapped
BL002166	chr2	147675300	147677500	High Signal Region	chr2	147517220	147519420	mapped
BL002167	chr2	147864800	147871300	High Signal Region	chr2	147706720	147713220	mapped
BL002168	chr2	147918800	147925100	Low Mappability	chr2	147760720	147767020	mapped
BL002169	chr2	148410500	148416000	Low Mappability	chr2	148252420	148257920	mapped
BL002170	chr2	148459900	148473800	High Signal Region	chr2	148301820	148315720	mapped
BL002171	chr2	148612700	148620200	Low Mappability	chr2	148454620	148462120	mapped
BL002172	chr2	148939300	148984200	High Signal Region	chr2	148781220	148826120	mapped
BL002173	chr2	149049800	149056000	High Signal Region	chr2	148891720	148897920	mapped
BL002174	chr2	149269400	149292700	High Signal Region	chr2	149111320	149134620	mapped
BL002175	chr2	150413500	150452500	High Signal Region	chr2	150255420	150294420	mapped
BL002176	chr2	150728300	150749700	Low Mappability	chr2	150570220	150591620	mapped
BL002177	chr2	151029700	151385300	High Signal Region	chr2	150871620	151227220	mapped
BL002178	chr2	151408800	151496700	High Signal Region	chr2	151250720	151338620	mapped
BL002179	chr2	152157000	152159000	Low Mappability	chr2	151998920	152000920	mapped
BL002180	chr2	152206800	152227500	High Signal Region	chr2	152048720	152069420	mapped
BL002181	chr2	152263400	152269900	Low Mappability	chr2	152105320	152111820	mapped
BL002182	chr2	153674800	153693100	Low Mappability	chr2	153516720	153535020	mapped
BL002183	chr2	154174200	154180000	High Signal Region	chr2	154016120	154021920	mapped
BL002184	chr2	154353800	154359700	Low Mappability	chr2	154195720	154201620	mapped
BL002185	chr2	155016300	155051500	High Signal Region	chr2	154858220	154893420	mapped
BL002186	chr2	155235400	155258100	High Signal Region	chr2	155077320	155100020	mapped
BL002187	chr2	156185100	156214400	Low Mappability	chr2	156027020	156056320	mapped
BL002188	chr2	157566000	157655300	Low Mappability	chr2	157407920	157497220	mapped
BL002189	chr2	157833200	157835600	High Signal Region	chr2	157675120	157677520	mapped
BL002190	chr2	158286300	158292800	High Signal Region	chr2	158128220	158134720	mapped
BL002191	chr2	159455200	159469500	High Signal Region	chr2	159297120	159311420	mapped
BL002192	chr2	160620300	160638500	High Signal Region	chr2	160462220	160480420	mapped
BL002193	chr2	161368800	161376200	High Signal Region	chr2	161210720	161218120	mapped
BL002194	chr2	161984900	161990900	High Signal Region	chr2	161826820	161832820	mapped
BL002195	chr2	162369100	162376700	High Signal Region	chr2	162211020	162218620	mapped
BL002196	chr2	162594500	162602700	High Signal Region	chr2	162436420	162444620	mapped
BL002197	chr2	162843800	162847600	High Signal Region	chr2	162685720	162689520	mapped
BL002198	chr2	163519100	163533100	Low Mappability	chr2	163361020	163375020	mapped
BL002199	chr2	163644500	163655100	High Signal Region	chr2	163486420	163497020	mapped
BL002200	chr2	163788900	163796100	Low Mappability	chr2	163630820	163638020	mapped
BL002201	chr2	163833800	163849200	Low Mappability	chr2	163675720	163691120	mapped
BL002202	chr2	163958100	163963000	Low Mappability	chr2	163800020	163804920	mapped
BL002203	chr2	164201000	164202700	High Signal Region	chr2	164042920	164044620	mapped
BL002204	chr2	165477300	165529900	Low Mappability	chr2	165319220	165371820	mapped
BL002205	chr2	165675100	165679500	Low Mappability	chr2	165517020	165521420	mapped
BL002206	chr2	165848700	165953000	Low Mappability	chr2	165690620	165794920	mapped
BL002207	chr2	166530600	166535100	Low Mappability	chr2	166372520	166377020	mapped
BL002208	chr2	166780500	166832200	Low Mappability	chr2	166622420	166674120	mapped
BL002209	chr2	167269400	167291100	High Signal Region	chr2	167111320	167133020	mapped
BL002210	chr2	167407900	167423000	Low Mappability	chr2	167249820	167264920	mapped
BL002211	chr2	170315100	170320000	High Signal Region	chr2	170157020	170161920	mapped
BL002212	chr2	170503800	170509800	High Signal Region	chr2	170345720	170351720	mapped
BL002213	chr2	171814300	171816700	High Signal Region	chr2	171656220	171658620	mapped
BL002214	chr2	171912800	171932200	Low Mappability	chr2	171754720	171774120	mapped
BL002215	chr2	172007100	172014300	High Signal Region	chr2	171849020	171856220	mapped
BL002216	chr2	172743600	172751100	Low Mappability	chr2	172585393	172592893	mapped
BL002217	chr2	173098700	173101000	Low Mappability	chr2	172940493	172942793	mapped
BL002218	chr2	173706700	173708800	High Signal Region	chr2	173548493	173550593	mapped
BL002219	chr2	174961800	176745500	High Signal Region				unmapped
BL002220	chr2	176767100	177166600	High Signal Region	chr2	176458893	176858393	mapped
BL002221	chr2	177232400	177490200	High Signal Region	chr2	176924193	177181993	mapped
BL002222	chr2	177526700	177841000	High Signal Region				unmapped
BL002223	chr2	178775000	178794400	High Signal Region	chr2	178416793	178436193	mapped
BL002224	chr2	180025600	180093500	Low Mappability	chr2	179667393	179735293	mapped
BL002225	chr2	181169900	181188000	Low Mappability	chr2	180811693	180829793	mapped
BL002226	chr2	181285900	181298800	High Signal Region	chr2	180927693	180940593	mapped
BL002227	chr2	181739800	181745800	High Signal Region	chr2	181381593	181387593	mapped
BL002228	chr2	181885000	181933400	High Signal Region	chr2	181526793	181575193	mapped
BL002229	chr2	182003800	182113200	High Signal Region				unmapped
BL002230	chr3	0	3052500	High Signal Region				unmapped
BL002231	chr3	3084100	3098300	High Signal Region	chr3	3149160	3163360	mapped
BL002232	chr3	3123200	3150800	High Signal Region	chr3	3188260	3215860	mapped
BL002233	chr3	3443300	3493700	High Signal Region	chr3	3508360	3558760	mapped
BL002234	chr3	4698100	4725500	High Signal Region	chr3	4763160	4790560	mapped
BL002235	chr3	5517700	5525000	Low Mappability	chr3	5582760	5590060	mapped
BL002236	chr3	5859400	5863500	High Signal Region	chr3	5924460	5928560	mapped
BL002237	chr3	6115100	6117100	High Signal Region	chr3	6180160	6182160	mapped
BL002238	chr3	6601900	6627400	High Signal Region	chr3	6666960	6692460	mapped
BL002239	chr3	6900700	6916400	High Signal Region	chr3	6965760	6981460	mapped
BL002240	chr3	6941100	6946600	High Signal Region	chr3	7006160	7011660	mapped
BL002241	chr3	7178300	7223900	High Signal Region	chr3	7243360	7288960	mapped
BL002242	chr3	7477600	7482500	High Signal Region	chr3	7542660	7547560	mapped
BL002243	chr3	7910300	7916600	High Signal Region	chr3	7975360	7981660	mapped
BL002244	chr3	8225200	8247500	High Signal Region	chr3	8290260	8312560	mapped
BL002245	chr3	8574000	8589900	High Signal Region	chr3	8639060	8654960	mapped
BL002246	chr3	8815300	8838700	High Signal Region	chr3	8880360	8903760	mapped
BL002247	chr3	9091900	9096900	Low Mappability	chr3	9156960	9161960	mapped
BL002248	chr3	9777500	9778500	High Signal Region	chr3	9842560	9843560	mapped
BL002249	chr3	9904100	9910700	High Signal Region	chr3	9969160	9975760	mapped
BL002250	chr3	9952100	9967100	High Signal Region	chr3	10017160	10032160	mapped
BL002251	chr3	10453800	10464500	High Signal Region	chr3	10518860	10529560	mapped
BL002252	chr3	10961700	10971700	High Signal Region	chr3	11026760	11036760	mapped
BL002253	chr3	11050200	11070500	High Signal Region	chr3	11115260	11135560	mapped
BL002254	chr3	11120700	11143300	High Signal Region	chr3	11185760	11208360	mapped
BL002255	chr3	11518700	11524700	High Signal Region	chr3	11583760	11589760	mapped
BL002256	chr3	11779200	11806000	High Signal Region	chr3	11844260	11871060	mapped
BL002257	chr3	11933500	11938400	High Signal Region	chr3	11998560	12003460	mapped
BL002258	chr3	11961500	11973100	High Signal Region	chr3	12026560	12038160	mapped
BL002259	chr3	12107500	12131400	High Signal Region	chr3	12172560	12196460	mapped
BL002260	chr3	12221200	12262000	High Signal Region	chr3	12286260	12327060	mapped
BL002261	chr3	12336000	12339700	High Signal Region	chr3	12401060	12404760	mapped
BL002262	chr3	12814500	12857800	Low Mappability	chr3	12879560	12922860	mapped
BL002263	chr3	12906200	12907300	High Signal Region	chr3	12971260	12972360	mapped
BL002264	chr3	13219400	13222800	High Signal Region	chr3	13284460	13287860	mapped
BL002265	chr3	13821100	13826600	Low Mappability	chr3	13886160	13891660	mapped
BL002266	chr3	13965800	13972000	High Signal Region	chr3	14030860	14037060	mapped
BL002267	chr3	14272100	14336300	High Signal Region	chr3	14337160	14401360	mapped
BL002268	chr3	14449600	14478500	High Signal Region	chr3	14514660	14543560	mapped
BL002269	chr3	14593200	14597400	High Signal Region	chr3	14658260	14662460	mapped
BL002270	chr3	14668900	14744700	High Signal Region	chr3	14733960	14809760	mapped
BL002271	chr3	15028800	15045100	High Signal Region	chr3	15093860	15110160	mapped
BL002272	chr3	15079500	15087400	High Signal Region	chr3	15144560	15152460	mapped
BL002273	chr3	15451600	15872400	High Signal Region				unmapped
BL002274	chr3	15964200	15967200	High Signal Region	chr3	16018364	16021364	mapped
BL002275	chr3	16351400	16357100	High Signal Region	chr3	16405564	16411264	mapped
BL002276	chr3	16626000	16633700	High Signal Region	chr3	16680164	16687864	mapped
BL002277	chr3	16995700	17021400	High Signal Region	chr3	17049864	17075564	mapped
BL002278	chr3	17419700	17447600	High Signal Region	chr3	17473864	17501764	mapped
BL002279	chr3	17679600	17682100	High Signal Region	chr3	17733764	17736264	mapped
BL002280	chr3	17954200	17997400	High Signal Region	chr3	18008364	18051564	mapped
BL002281	chr3	18379800	18395100	High Signal Region	chr3	18433964	18449264	mapped
BL002282	chr3	18432100	18437500	High Signal Region	chr3	18486264	18491664	mapped
BL002283	chr3	18966900	18983600	High Signal Region	chr3	19021064	19037764	mapped
BL002284	chr3	19357600	19359300	High Signal Region	chr3	19411764	19413464	mapped
BL002285	chr3	19594900	19601100	High Signal Region	chr3	19649064	19655264	mapped
BL002286	chr3	19917700	19940300	High Signal Region	chr3	19971864	19994464	mapped
BL002287	chr3	21247500	21250200	High Signal Region	chr3	21301664	21304364	mapped
BL002288	chr3	21317800	21324600	High Signal Region	chr3	21371964	21378764	mapped
BL002289	chr3	21383700	21389000	High Signal Region	chr3	21437864	21443164	mapped
BL002290	chr3	21512900	21519300	High Signal Region	chr3	21567064	21573464	mapped
BL002291	chr3	21661800	21663700	Low Mappability	chr3	21715964	21717864	mapped
BL002292	chr3	21685300	21709500	High Signal Region	chr3	21739464	21763664	mapped
BL002293	chr3	22069200	22070500	High Signal Region	chr3	22123364	22124664	mapped
BL002294	chr3	22240800	22250100	High Signal Region	chr3	22294964	22304264	mapped
BL002295	chr3	22362000	22377000	High Signal Region	chr3	22416164	22431164	mapped
BL002296	chr3	22517600	22521100	High Signal Region	chr3	22571764	22575264	mapped
BL002297	chr3	22612100	22759200	High Signal Region	chr3	22666264	22813364	mapped
BL002298	chr3	22933800	23015000	High Signal Region	chr3	22987964	23069164	mapped
BL002299	chr3	23077300	23099800	High Signal Region	chr3	23131464	23153964	mapped
BL002300	chr3	23173700	23180900	Low Mappability	chr3	23227864	23235064	mapped
BL002301	chr3	23302200	23321100	High Signal Region	chr3	23356364	23375264	mapped
BL002302	chr3	23353500	23360000	High Signal Region	chr3	23407664	23414164	mapped
BL002303	chr3	23463300	23468200	High Signal Region	chr3	23517464	23522364	mapped
BL002304	chr3	23579500	23584900	High Signal Region	chr3	23633664	23639064	mapped
BL002305	chr3	23841700	23843800	Low Mappability	chr3	23895864	23897964	mapped
BL002306	chr3	24624400	24627900	High Signal Region	chr3	24678564	24682064	mapped
BL002307	chr3	24655200	24661300	High Signal Region	chr3	24709364	24715464	mapped
BL002308	chr3	25210800	25228800	Low Mappability	chr3	25264964	25282964	mapped
BL002309	chr3	25277500	25310400	High Signal Region	chr3	25331664	25364564	mapped
BL002310	chr3	25416900	25421600	Low Mappability	chr3	25471064	25475764	mapped
BL002311	chr3	25472900	25478900	High Signal Region	chr3	25527064	25533064	mapped
BL002312	chr3	26089400	26113400	High Signal Region	chr3	26143549	26167549	mapped
BL002313	chr3	26346800	26369700	High Signal Region	chr3	26400949	26423849	mapped
BL002314	chr3	26724600	26737000	High Signal Region	chr3	26778749	26791149	mapped
BL002315	chr3	26944500	26950800	High Signal Region	chr3	26998649	27004949	mapped
BL002316	chr3	27010100	27023300	High Signal Region	chr3	27064249	27077449	mapped
BL002317	chr3	27309300	27319800	Low Mappability	chr3	27363449	27373949	mapped
BL002318	chr3	28198300	28201300	Low Mappability	chr3	28252449	28255449	mapped
BL002319	chr3	28513900	28535500	High Signal Region	chr3	28568049	28589649	mapped
BL002320	chr3	28983500	29014200	High Signal Region	chr3	29037649	29068349	mapped
BL002321	chr3	29461500	29492300	High Signal Region	chr3	29515649	29546449	mapped
BL002322	chr3	29675900	29680600	High Signal Region	chr3	29730049	29734749	mapped
BL002323	chr3	31176300	31188900	Low Mappability	chr3	31230449	31243049	mapped
BL002324	chr3	31340700	31364500	Low Mappability	chr3	31394849	31418649	mapped
BL002325	chr3	31651800	31680100	High Signal Region	chr3	31705949	31734249	mapped
BL002326	chr3	31819800	31826900	High Signal Region	chr3	31873949	31881049	mapped
BL002327	chr3	33696500	33708400	High Signal Region	chr3	33750649	33762549	mapped
BL002328	chr3	33768300	33798500	High Signal Region	chr3	33822449	33852649	mapped
BL002329	chr3	33930000	33948800	Low Mappability	chr3	33984149	34002949	mapped
BL002330	chr3	34516200	34518200	High Signal Region	chr3	34570349	34572349	mapped
BL002331	chr3	35285400	35292700	High Signal Region	chr3	35339549	35346849	mapped
BL002332	chr3	35707000	35713500	Low Mappability	chr3	35761149	35767649	mapped
BL002333	chr3	35743300	35744600	High Signal Region	chr3	35797449	35798749	mapped
BL002334	chr3	36106500	36109400	High Signal Region	chr3	36160649	36163549	mapped
BL002335	chr3	36285400	36291100	High Signal Region	chr3	36339549	36345249	mapped
BL002336	chr3	36847300	36853900	High Signal Region	chr3	36901449	36908049	mapped
BL002337	chr3	39026800	39030900	High Signal Region	chr3	39080949	39085049	mapped
BL002338	chr3	39183300	39189800	High Signal Region	chr3	39237449	39243949	mapped
BL002339	chr3	40151300	40157700	High Signal Region	chr3	40205449	40211849	mapped
BL002340	chr3	40347600	40352600	High Signal Region	chr3	40401749	40406749	mapped
BL002341	chr3	40549300	40651700	High Signal Region				unmapped
BL002342	chr3	41871900	41887800	High Signal Region	chr3	41826335	41842235	mapped
BL002343	chr3	41993500	41999500	High Signal Region	chr3	41947935	41953935	mapped
BL002344	chr3	42170000	42187300	High Signal Region	chr3	42124435	42141735	mapped
BL002345	chr3	42682100	42722800	High Signal Region	chr3	42636535	42677235	mapped
BL002346	chr3	42820200	42827400	High Signal Region	chr3	42774635	42781835	mapped
BL002347	chr3	43108100	43197200	High Signal Region	chr3	43062535	43151635	mapped
BL002348	chr3	43466400	43492100	High Signal Region	chr3	43420835	43446535	mapped
BL002349	chr3	43538900	43557700	High Signal Region	chr3	43493335	43512135	mapped
BL002350	chr3	44185900	44191600	High Signal Region	chr3	44140335	44146035	mapped
BL002351	chr3	44241200	44260000	High Signal Region	chr3	44195635	44214435	mapped
BL002352	chr3	44401500	44407500	High Signal Region	chr3	44355935	44361935	mapped
BL002353	chr3	44559600	44565200	High Signal Region	chr3	44514035	44519635	mapped
BL002354	chr3	44884400	44890700	High Signal Region	chr3	44838835	44845135	mapped
BL002355	chr3	45579200	45591900	High Signal Region	chr3	45533635	45546335	mapped
BL002356	chr3	45848500	45863400	Low Mappability	chr3	45802935	45817835	mapped
BL002357	chr3	45986000	45990700	High Signal Region	chr3	45940435	45945135	mapped
BL002358	chr3	46141000	46148200	High Signal Region	chr3	46095435	46102635	mapped
BL002359	chr3	46338200	46340300	Low Mappability	chr3	46292635	46294735	mapped
BL002360	chr3	46735000	46741900	High Signal Region	chr3	46689435	46696335	mapped
BL002361	chr3	46795400	46805400	High Signal Region	chr3	46749835	46759835	mapped
BL002362	chr3	46910900	46936200	High Signal Region	chr3	46865335	46890635	mapped
BL002363	chr3	47592800	47598000	High Signal Region	chr3	47547235	47552435	mapped
BL002364	chr3	47798300	47799600	High Signal Region	chr3	47752735	47754035	mapped
BL002365	chr3	47966600	47968700	High Signal Region	chr3	47921035	47923135	mapped
BL002366	chr3	48437800	48462000	High Signal Region	chr3	48392235	48416435	mapped
BL002367	chr3	49443600	49482800	High Signal Region	chr3	49398049	49437249	mapped
BL002368	chr3	49727200	49734400	High Signal Region	chr3	49681649	49688849	mapped
BL002369	chr3	50464900	50474400	High Signal Region	chr3	50419349	50428849	mapped
BL002370	chr3	50763700	50814900	High Signal Region				unmapped
BL002371	chr3	50957300	50963000	High Signal Region	chr3	50864721	50870421	mapped
BL002372	chr3	51233600	51245400	Low Mappability	chr3	51141021	51152821	mapped
BL002373	chr3	51616000	51623700	Low Mappability	chr3	51523421	51531121	mapped
BL002374	chr3	51765300	51784900	High Signal Region	chr3	51672721	51692321	mapped
BL002375	chr3	52230000	52233400	High Signal Region	chr3	52137421	52140821	mapped
BL002376	chr3	53426900	53431000	High Signal Region	chr3	53334321	53338421	mapped
BL002377	chr3	54849100	54874300	Low Mappability	chr3	54756521	54781721	mapped
BL002378	chr3	56069700	56075200	High Signal Region	chr3	55977121	55982621	mapped
BL002379	chr3	56210900	56215900	High Signal Region	chr3	56118321	56123321	mapped
BL002380	chr3	56513600	56576700	High Signal Region	chr3	56421021	56484121	mapped
BL002381	chr3	56903800	56943000	High Signal Region	chr3	56811221	56850421	mapped
BL002382	chr3	57059400	57070200	High Signal Region	chr3	56966821	56977621	mapped
BL002383	chr3	57349800	57379400	High Signal Region	chr3	57257221	57286821	mapped
BL002384	chr3	58051100	58081600	Low Mappability	chr3	57958521	57989021	mapped
BL002385	chr3	59370700	59412200	High Signal Region	chr3	59278121	59319621	mapped
BL002386	chr3	59565300	59632700	High Signal Region	chr3	59472721	59540121	mapped
BL002387	chr3	59684600	59689200	High Signal Region	chr3	59592021	59596621	mapped
BL002388	chr3	59791800	59804200	Low Mappability	chr3	59699221	59711621	mapped
BL002389	chr3	59887400	59889300	High Signal Region	chr3	59794821	59796721	mapped
BL002390	chr3	59919200	59921100	High Signal Region	chr3	59826621	59828521	mapped
BL002391	chr3	60044300	60046800	High Signal Region	chr3	59951721	59954221	mapped
BL002392	chr3	60489700	60495200	Low Mappability	chr3	60397121	60402621	mapped
BL002393	chr3	61150800	61177900	High Signal Region	chr3	61058221	61085321	mapped
BL002394	chr3	61260700	61275000	Low Mappability	chr3	61168121	61182421	mapped
BL002395	chr3	61495400	61499700	High Signal Region	chr3	61402821	61407121	mapped
BL002396	chr3	61672300	61678300	High Signal Region	chr3	61579721	61585721	mapped
BL002397	chr3	61707600	61726600	Low Mappability	chr3	61615021	61634021	mapped
BL002398	chr3	61853900	61858900	High Signal Region	chr3	61761321	61766321	mapped
BL002399	chr3	62032400	62038600	High Signal Region	chr3	61939821	61946021	mapped
BL002400	chr3	62108300	62160100	High Signal Region	chr3	62015721	62067521	mapped
BL002401	chr3	62356900	62367700	High Signal Region	chr3	62264321	62275121	mapped
BL002402	chr3	62543000	62549200	High Signal Region	chr3	62450421	62456621	mapped
BL002403	chr3	62873000	62879300	High Signal Region	chr3	62780421	62786721	mapped
BL002404	chr3	63515500	63530100	High Signal Region	chr3	63422921	63437521	mapped
BL002405	chr3	63590100	63591500	High Signal Region	chr3	63497521	63498921	mapped
BL002406	chr3	64171000	64172900	High Signal Region	chr3	64078421	64080321	mapped
BL002407	chr3	64237900	64245700	High Signal Region	chr3	64145321	64153121	mapped
BL002408	chr3	64453100	64512800	High Signal Region	chr3	64360521	64420221	mapped
BL002409	chr3	64609600	64665300	Low Mappability	chr3	64517021	64572721	mapped
BL002410	chr3	64697900	64730500	High Signal Region	chr3	64605321	64637921	mapped
BL002411	chr3	67027900	67054100	High Signal Region	chr3	66935233	66961433	mapped
BL002412	chr3	67262400	67264000	High Signal Region	chr3	67169733	67171333	mapped
BL002413	chr3	67411100	67419400	High Signal Region	chr3	67318433	67326733	mapped
BL002414	chr3	67747300	67752800	High Signal Region	chr3	67654633	67660133	mapped
BL002415	chr3	67786800	67793600	High Signal Region	chr3	67694133	67700933	mapped
BL002416	chr3	68114300	68119700	Low Mappability	chr3	68021633	68027033	mapped
BL002417	chr3	68519400	68525100	High Signal Region	chr3	68426733	68432433	mapped
BL002418	chr3	69228600	69230500	High Signal Region	chr3	69135933	69137833	mapped
BL002419	chr3	69848400	69854900	High Signal Region	chr3	69755733	69762233	mapped
BL002420	chr3	69944400	69949800	High Signal Region	chr3	69851733	69857133	mapped
BL002421	chr3	71117300	71122800	High Signal Region	chr3	71024633	71030133	mapped
BL002422	chr3	71369600	71447800	High Signal Region	chr3	71276933	71355133	mapped
BL002423	chr3	72273600	72293700	High Signal Region	chr3	72180933	72201033	mapped
BL002424	chr3	72698100	72704800	High Signal Region	chr3	72605433	72612133	mapped
BL002425	chr3	73088300	73098500	High Signal Region	chr3	72995633	73005833	mapped
BL002426	chr3	73733100	73738500	Low Mappability	chr3	73640433	73645833	mapped
BL002427	chr3	74583300	74598400	Low Mappability	chr3	74490607	74505707	mapped
BL002428	chr3	74865000	74881800	High Signal Region	chr3	74772307	74789107	mapped
BL002429	chr3	75348300	75378700	Low Mappability	chr3	75255607	75286007	mapped
BL002430	chr3	75409000	75424100	High Signal Region	chr3	75316307	75331407	mapped
BL002431	chr3	76598800	76604700	High Signal Region	chr3	76506107	76512007	mapped
BL002432	chr3	76886600	76892900	Low Mappability	chr3	76793907	76800207	mapped
BL002433	chr3	77597400	77604300	Low Mappability	chr3	77504707	77511607	mapped
BL002434	chr3	77667400	77711400	High Signal Region	chr3	77574707	77618707	mapped
BL002435	chr3	77926800	77931400	High Signal Region	chr3	77834107	77838707	mapped
BL002436	chr3	78281900	78283900	Low Mappability	chr3	78189207	78191207	mapped
BL002437	chr3	79012700	79014900	High Signal Region	chr3	78920007	78922207	mapped
BL002438	chr3	79046300	79052800	Low Mappability	chr3	78953607	78960107	mapped
BL002439	chr3	79763800	79780000	High Signal Region	chr3	79671107	79687307	mapped
BL002440	chr3	79959500	79965700	High Signal Region	chr3	79866807	79873007	mapped
BL002441	chr3	80465400	80472000	High Signal Region	chr3	80372707	80379307	mapped
BL002442	chr3	82283300	82288700	Low Mappability	chr3	82190607	82196007	mapped
BL002443	chr3	82462100	82508600	Low Mappability	chr3	82369407	82415907	mapped
BL002444	chr3	82589000	82616700	Low Mappability	chr3	82496307	82524007	mapped
BL002445	chr3	82921400	82924800	High Signal Region	chr3	82828707	82832107	mapped
BL002446	chr3	83123200	83125100	High Signal Region	chr3	83030507	83032407	mapped
BL002447	chr3	83330900	83343400	High Signal Region	chr3	83238207	83250707	mapped
BL002448	chr3	83845100	83867000	High Signal Region	chr3	83752407	83774307	mapped
BL002449	chr3	84142200	84149700	Low Mappability	chr3	84049507	84057007	mapped
BL002450	chr3	84359000	84366300	Low Mappability	chr3	84266307	84273607	mapped
BL002451	chr3	85305200	85326800	Low Mappability	chr3	85212507	85234107	mapped
BL002452	chr3	85622200	85629500	Low Mappability	chr3	85529507	85536807	mapped
BL002453	chr3	87424200	87426100	High Signal Region	chr3	87331507	87333407	mapped
BL002454	chr3	87469300	87474600	High Signal Region	chr3	87376607	87381907	mapped
BL002455	chr3	88044000	88066500	High Signal Region	chr3	87951307	87973807	mapped
BL002456	chr3	88666500	88673500	Low Mappability	chr3	88573807	88580807	mapped
BL002457	chr3	88716700	88873000	Low Mappability	chr3	88624007	88780307	mapped
BL002458	chr3	90761500	90810400	High Signal Region	chr3	90668807	90717707	mapped
BL002459	chr3	90991100	90996800	Low Mappability	chr3	90898407	90904107	mapped
BL002460	chr3	91856700	91898200	High Signal Region	chr3	91764007	91805507	mapped
BL002461	chr3	92185400	92291300	High Signal Region	chr3	92092707	92198607	mapped
BL002462	chr3	93059200	93107000	High Signal Region	chr3	92966507	93014307	mapped
BL002463	chr3	93168500	93172800	High Signal Region	chr3	93075807	93080107	mapped
BL002464	chr3	93203900	93229100	High Signal Region	chr3	93111207	93136407	mapped
BL002465	chr3	93323700	93331700	Low Mappability	chr3	93231007	93239007	mapped
BL002466	chr3	93860300	94093700	High Signal Region	chr3	93767607	94001007	mapped
BL002467	chr3	94136200	94152300	High Signal Region	chr3	94043507	94059607	mapped
BL002468	chr3	94658300	94665700	Low Mappability	chr3	94565607	94573007	mapped
BL002469	chr3	94690000	94730800	High Signal Region	chr3	94597307	94638107	mapped
BL002470	chr3	94757600	94765200	Low Mappability	chr3	94664907	94672507	mapped
BL002471	chr3	96043600	96058900	High Signal Region	chr3	95950912	95966212	mapped
BL002472	chr3	96196200	96288300	High Signal Region	chr3	96103516	96195616	mapped
BL002473	chr3	96313200	96388900	Low Mappability	chr3	96220516	96296216	mapped
BL002474	chr3	96446800	96463800	Low Mappability	chr3	96354116	96371116	mapped
BL002475	chr3	96485600	96514300	High Signal Region	chr3	96392916	96421616	mapped
BL002476	chr3	96840000	96863800	High Signal Region	chr3	96747316	96771116	mapped
BL002477	chr3	97245200	97251500	High Signal Region	chr3	97152516	97158816	mapped
BL002478	chr3	98396100	98411400	High Signal Region	chr3	98303416	98318716	mapped
BL002479	chr3	98443100	98597600	Low Mappability	chr3	98350416	98504916	mapped
BL002480	chr3	98709300	98778900	High Signal Region	chr3	98616616	98686216	mapped
BL002481	chr3	98986000	99034100	High Signal Region	chr3	98893316	98941416	mapped
BL002482	chr3	99406000	99434100	High Signal Region	chr3	99313316	99341416	mapped
BL002483	chr3	99882900	99908100	High Signal Region	chr3	99790216	99815416	mapped
BL002484	chr3	99980200	99982200	High Signal Region	chr3	99887516	99889516	mapped
BL002485	chr3	100315500	100330900	High Signal Region	chr3	100222816	100238216	mapped
BL002486	chr3	100484400	100486300	High Signal Region	chr3	100391716	100393616	mapped
BL002487	chr3	102813400	102839300	High Signal Region	chr3	102720716	102746616	mapped
BL002488	chr3	102983600	102989900	High Signal Region	chr3	102890916	102897216	mapped
BL002489	chr3	103134600	103136000	High Signal Region	chr3	103041916	103043316	mapped
BL002490	chr3	103427600	103447900	High Signal Region	chr3	103334916	103355216	mapped
BL002491	chr3	103555000	103557000	Low Mappability	chr3	103462316	103464316	mapped
BL002492	chr3	104116800	104123100	High Signal Region	chr3	104024116	104030416	mapped
BL002493	chr3	104194200	104198800	High Signal Region	chr3	104101516	104106116	mapped
BL002494	chr3	104588100	104595500	Low Mappability	chr3	104495416	104502816	mapped
BL002495	chr3	105028200	105030500	High Signal Region	chr3	104935516	104937816	mapped
BL002496	chr3	106118500	106311800	High Signal Region	chr3	106025816	106219116	mapped
BL002497	chr3	106777900	106779700	High Signal Region	chr3	106685216	106687016	mapped
BL002498	chr3	109258500	109277300	High Signal Region	chr3	109165816	109184616	mapped
BL002499	chr3	109458000	109462700	High Signal Region	chr3	109365316	109370016	mapped
BL002500	chr3	110319800	110325700	High Signal Region	chr3	110227116	110233016	mapped
BL002501	chr3	110416300	110421800	High Signal Region	chr3	110323616	110329116	mapped
BL002502	chr3	111256100	111268600	High Signal Region	chr3	111163416	111175916	mapped
BL002503	chr3	111578400	111605200	Low Mappability	chr3	111485716	111512516	mapped
BL002504	chr3	111794100	111799000	Low Mappability	chr3	111701416	111706316	mapped
BL002505	chr3	111830400	111836300	High Signal Region	chr3	111737716	111743616	mapped
BL002506	chr3	112274500	112287300	High Signal Region	chr3	112181816	112194616	mapped
BL002507	chr3	112315500	112337400	High Signal Region	chr3	112222816	112244716	mapped
BL002508	chr3	112561900	112586900	High Signal Region	chr3	112469216	112494216	mapped
BL002509	chr3	112863500	112869300	High Signal Region	chr3	112770816	112776616	mapped
BL002510	chr3	112913800	112918000	High Signal Region	chr3	112821116	112825316	mapped
BL002511	chr3	113186300	113189100	High Signal Region	chr3	113093616	113096416	mapped
BL002512	chr3	113250900	113527800	High Signal Region				unmapped
BL002513	chr3	113709900	113719000	High Signal Region	chr3	113503549	113512649	mapped
BL002514	chr3	113742300	113748300	High Signal Region	chr3	113535949	113541949	mapped
BL002515	chr3	114272600	114279400	High Signal Region	chr3	114066249	114073049	mapped
BL002516	chr3	114472100	114499300	Low Mappability	chr3	114265749	114292949	mapped
BL002517	chr3	114587900	114595900	High Signal Region	chr3	114381549	114389549	mapped
BL002518	chr3	114976700	114982800	High Signal Region	chr3	114770349	114776449	mapped
BL002519	chr3	115020700	115027100	Low Mappability	chr3	114814349	114820749	mapped
BL002520	chr3	115367700	115372200	Low Mappability	chr3	115161349	115165849	mapped
BL002521	chr3	115905900	115922900	High Signal Region	chr3	115699549	115716549	mapped
BL002522	chr3	116817400	116843900	Low Mappability	chr3	116611049	116637549	mapped
BL002523	chr3	117267200	117292400	High Signal Region	chr3	117060849	117086049	mapped
BL002524	chr3	117379100	117386400	Low Mappability	chr3	117172749	117180049	mapped
BL002525	chr3	118055100	118060000	High Signal Region	chr3	117848749	117853649	mapped
BL002526	chr3	119211800	119212900	High Signal Region	chr3	119005449	119006549	mapped
BL002527	chr3	120735000	120742200	High Signal Region	chr3	120528649	120535849	mapped
BL002528	chr3	120825200	120851500	High Signal Region	chr3	120618849	120645149	mapped
BL002529	chr3	121248900	121250900	High Signal Region	chr3	121042549	121044549	mapped
BL002530	chr3	121694400	121696100	High Signal Region	chr3	121488049	121489749	mapped
BL002531	chr3	122294000	122329300	High Signal Region	chr3	122087649	122122949	mapped
BL002532	chr3	122654100	122657300	High Signal Region	chr3	122447749	122450949	mapped
BL002533	chr3	122804300	122806600	High Signal Region	chr3	122597949	122600249	mapped
BL002534	chr3	123471600	123476200	Low Mappability	chr3	123265249	123269849	mapped
BL002535	chr3	123729200	123743200	High Signal Region	chr3	123522849	123536849	mapped
BL002536	chr3	123924800	123957700	High Signal Region	chr3	123718449	123751349	mapped
BL002537	chr3	124282300	124288300	High Signal Region	chr3	124075949	124081949	mapped
BL002538	chr3	125902800	125908900	High Signal Region	chr3	125696449	125702549	mapped
BL002539	chr3	126127300	126136000	Low Mappability	chr3	125920949	125929649	mapped
BL002540	chr3	126905300	126910600	High Signal Region	chr3	126698949	126704249	mapped
BL002541	chr3	127522400	127523700	Low Mappability	chr3	127316049	127317349	mapped
BL002542	chr3	127771600	127780600	High Signal Region	chr3	127565249	127574249	mapped
BL002543	chr3	128203600	128211000	High Signal Region	chr3	127997249	128004649	mapped
BL002544	chr3	128440100	128446100	High Signal Region	chr3	128233749	128239749	mapped
BL002545	chr3	128935800	128937700	High Signal Region	chr3	128729449	128731349	mapped
BL002546	chr3	129020900	129032100	High Signal Region	chr3	128814549	128825749	mapped
BL002547	chr3	129393000	129394900	High Signal Region	chr3	129186649	129188549	mapped
BL002548	chr3	133123600	133130800	Low Mappability	chr3	132829361	132836561	mapped
BL002549	chr3	133566400	133568700	High Signal Region	chr3	133272161	133274461	mapped
BL002550	chr3	133636000	133642800	High Signal Region	chr3	133341761	133348561	mapped
BL002551	chr3	133837100	133859400	High Signal Region	chr3	133542861	133565161	mapped
BL002552	chr3	134007400	134026700	Low Mappability	chr3	133713161	133732461	mapped
BL002553	chr3	134685700	134690700	High Signal Region	chr3	134391461	134396461	mapped
BL002554	chr3	134862500	134888400	High Signal Region	chr3	134568261	134594161	mapped
BL002555	chr3	135148300	135163000	High Signal Region	chr3	134854061	134868761	mapped
BL002556	chr3	136173700	136181000	Low Mappability	chr3	135879461	135886761	mapped
BL002557	chr3	137407500	137413500	High Signal Region	chr3	137113261	137119261	mapped
BL002558	chr3	137469200	137470300	High Signal Region	chr3	137174961	137176061	mapped
BL002559	chr3	138200900	138207900	High Signal Region	chr3	137906661	137913661	mapped
BL002560	chr3	139365700	139417700	High Signal Region	chr3	139071461	139123461	mapped
BL002561	chr3	140376900	140384200	Low Mappability	chr3	140082661	140089961	mapped
BL002562	chr3	142190700	142192800	High Signal Region	chr3	141896461	141898561	mapped
BL002563	chr3	142513000	142517200	High Signal Region	chr3	142218761	142222961	mapped
BL002564	chr3	143840800	143847000	High Signal Region	chr3	143546561	143552761	mapped
BL002565	chr3	144030200	144036300	High Signal Region	chr3	143735961	143742061	mapped
BL002566	chr3	144655600	144660600	High Signal Region	chr3	144361361	144366361	mapped
BL002567	chr3	145040500	145061800	High Signal Region	chr3	144746261	144767561	mapped
BL002568	chr3	145109000	145114400	Low Mappability	chr3	144814761	144820161	mapped
BL002569	chr3	145188100	145190400	High Signal Region	chr3	144893861	144896161	mapped
BL002570	chr3	145301600	145303100	High Signal Region	chr3	145007361	145008861	mapped
BL002571	chr3	146073300	146102400	High Signal Region	chr3	145779055	145808155	mapped
BL002572	chr3	146358800	146362600	High Signal Region	chr3	146064555	146068355	mapped
BL002573	chr3	146476200	146479000	High Signal Region	chr3	146181955	146184755	mapped
BL002574	chr3	146918900	146924200	High Signal Region	chr3	146624655	146629955	mapped
BL002575	chr3	147107400	147113000	High Signal Region	chr3	146813155	146818755	mapped
BL002576	chr3	147769500	147781800	High Signal Region	chr3	147475136	147487436	mapped
BL002577	chr3	147874500	147877600	High Signal Region	chr3	147580136	147583236	mapped
BL002578	chr3	148704800	148716900	High Signal Region	chr3	148410436	148422536	mapped
BL002579	chr3	148750100	148757400	Low Mappability	chr3	148455736	148463036	mapped
BL002580	chr3	148797800	148799700	High Signal Region	chr3	148503436	148505336	mapped
BL002581	chr3	149051500	149053800	High Signal Region	chr3	148757136	148759436	mapped
BL002582	chr3	150120900	150123800	High Signal Region	chr3	149826537	149829437	mapped
BL002583	chr3	150336900	150341400	Low Mappability	chr3	150042537	150047037	mapped
BL002584	chr3	151028900	151031200	High Signal Region	chr3	150734537	150736837	mapped
BL002585	chr3	151657500	151679800	High Signal Region	chr3	151363137	151385437	mapped
BL002586	chr3	152313800	152332200	High Signal Region	chr3	152019437	152037837	mapped
BL002587	chr3	152700700	152702700	High Signal Region	chr3	152406337	152408337	mapped
BL002588	chr3	153090100	153109400	High Signal Region	chr3	152795737	152815037	mapped
BL002589	chr3	154640300	154646700	High Signal Region	chr3	154345937	154352337	mapped
BL002590	chr3	154931700	154932800	High Signal Region	chr3	154637337	154638437	mapped
BL002591	chr3	155515800	155517600	High Signal Region	chr3	155221437	155223237	mapped
BL002592	chr3	155765900	155771900	High Signal Region	chr3	155471537	155477537	mapped
BL002593	chr3	156256900	156262800	Low Mappability	chr3	155962537	155968437	mapped
BL002594	chr3	156285600	156322500	High Signal Region	chr3	155991237	156028137	mapped
BL002595	chr3	156799400	156804900	Low Mappability	chr3	156505037	156510537	mapped
BL002596	chr3	157646900	157678300	High Signal Region	chr3	157352537	157383937	mapped
BL002597	chr3	157946200	157969400	High Signal Region	chr3	157651837	157675037	mapped
BL002598	chr3	158095300	158119200	High Signal Region	chr3	157800937	157824837	mapped
BL002599	chr3	158698600	158756800	High Signal Region	chr3	158404237	158462437	mapped
BL002600	chr3	159165900	159179700	High Signal Region	chr3	158871537	158885337	mapped
BL002601	chr3	159225800	159239300	Low Mappability	chr3	158931437	158944937	mapped
BL002602	chr3	159478300	159479700	High Signal Region	chr3	159183937	159185337	mapped
BL002603	chr3	159748800	159826500	High Signal Region	chr3	159454437	159532137	mapped
BL002604	chr3	159938500	160039600	High Signal Region				unmapped
BL002605	chr4	0	3114800	High Signal Region				unmapped
BL002606	chr4	3139700	3333100	High Signal Region	chr4	3139700	3333100	mapped
BL002607	chr4	18476200	18498400	High Signal Region	chr4	18476200	18498400	mapped
BL002608	chr4	20168700	20213200	High Signal Region	chr4	20168700	20213200	mapped
BL002609	chr4	20804100	20808300	High Signal Region	chr4	20804100	20808300	mapped
BL002610	chr4	20982300	20983700	High Signal Region	chr4	20982300	20983700	mapped
BL002611	chr4	21281300	21287700	High Signal Region	chr4	21281300	21287700	mapped
BL002612	chr4	22535900	22542300	High Signal Region	chr4	22535900	22542300	mapped
BL002613	chr4	24193400	24201100	High Signal Region	chr4	24193400	24201100	mapped
BL002614	chr4	25471300	25473200	High Signal Region	chr4	25471300	25473200	mapped
BL002615	chr4	28175900	28177900	High Signal Region	chr4	28175900	28177900	mapped
BL002616	chr4	31353200	31355200	High Signal Region	chr4	31353200	31355200	mapped
BL002617	chr4	34934800	34936700	High Signal Region	chr4	34934800	34936700	mapped
BL002618	chr4	35042700	35048900	High Signal Region	chr4	35042700	35048900	mapped
BL002619	chr4	38305900	38322000	High Signal Region	chr4	38305900	38322000	mapped
BL002620	chr4	57979700	57981800	High Signal Region	chr4	57979700	57981800	mapped
BL002621	chr4	64454600	64499000	High Signal Region	chr4	64372837	64417237	mapped
BL002622	chr4	68427300	68447900	High Signal Region	chr4	68345537	68366137	mapped
BL002623	chr4	70367200	70379200	High Signal Region	chr4	70285437	70297437	mapped
BL002624	chr4	73196300	73209300	High Signal Region	chr4	73114537	73127537	mapped
BL002625	chr4	80001800	80004900	High Signal Region	chr4	79920037	79923137	mapped
BL002626	chr4	83536900	83541900	High Signal Region	chr4	83455137	83460137	mapped
BL002627	chr4	90725600	90727500	High Signal Region	chr4	90613837	90615737	mapped
BL002628	chr4	92230800	92236500	High Signal Region	chr4	92119037	92124737	mapped
BL002629	chr4	93843500	93853100	High Signal Region	chr4	93731737	93741337	mapped
BL002630	chr4	99380500	99382400	High Signal Region	chr4	99268737	99270637	mapped
BL002631	chr4	110469700	110505300	High Signal Region	chr4	110326897	110362497	mapped
BL002632	chr4	118546100	118549600	High Signal Region	chr4	118403297	118406797	mapped
BL002633	chr4	131222500	131229300	High Signal Region	chr4	130949811	130956611	mapped
BL002634	chr4	145404200	147840400	High Signal Region				unmapped
BL002635	chr4	149809200	149811700	High Signal Region	chr4	149893657	149896157	mapped
BL002636	chr4	153152100	153154100	High Signal Region	chr4	153236557	153238557	mapped
BL002637	chr4	156256000	156508100	High Signal Region				unmapped
BL002638	chr5	3175400	3186000	High Signal Region	chr5	3225400	3236000	mapped
BL002639	chr5	12489500	12490600	High Signal Region	chr5	12539467	12540567	mapped
BL002640	chr5	14899000	15726800	High Signal Region	chr5	14949014	15931798	mapped
BL002641	chr5	17466700	17481500	High Signal Region	chr5	17671698	17686498	mapped
BL002642	chr5	36629400	36662500	High Signal Region	chr5	36786744	36819844	mapped
BL002643	chr5	46434800	46436700	High Signal Region	chr5	46592142	46594042	mapped
BL002644	chr5	49722200	49755700	High Signal Region	chr5	49879542	49913042	mapped
BL002645	chr5	60041900	60043900	Low Mappability	chr5	60199243	60201243	mapped
BL002646	chr5	80499900	80501900	High Signal Region	chr5	80647747	80649747	mapped
BL002647	chr5	93288700	93351800	High Signal Region	chr5	93436559	93499659	mapped
BL002648	chr5	106126300	106177800	High Signal Region	chr5	106274166	106325666	mapped
BL002649	chr5	110063700	110075500	High Signal Region	chr5	110211566	110223366	mapped
BL002650	chr5	114921500	114923500	High Signal Region	chr5	115059559	115061559	mapped
BL002651	chr5	137148800	137153800	High Signal Region	chr5	137177648	137190739	mapped
BL002652	chr5	146260000	146262300	High Signal Region	chr5	146196810	146199110	mapped
BL002653	chr5	151733600	151834600	High Signal Region				unmapped
BL002654	chr6	0	3255700	High Signal Region				unmapped
BL002655	chr6	3280700	3340300	High Signal Region	chr6	3280700	3340300	mapped
BL002656	chr6	4922900	4925100	High Signal Region	chr6	4922900	4925100	mapped
BL002657	chr6	5608000	5657900	High Signal Region	chr6	5608000	5657900	mapped
BL002658	chr6	5704400	5706800	High Signal Region	chr6	5704400	5706800	mapped
BL002659	chr6	6400000	6442800	High Signal Region	chr6	6400000	6442800	mapped
BL002660	chr6	6700000	6727600	High Signal Region	chr6	6700000	6727600	mapped
BL002661	chr6	8729200	8731100	High Signal Region	chr6	8729200	8731100	mapped
BL002662	chr6	8906700	8932300	High Signal Region	chr6	8906700	8932300	mapped
BL002663	chr6	9519200	9529100	High Signal Region	chr6	9519200	9529100	mapped
BL002664	chr6	9580600	9610100	High Signal Region	chr6	9580600	9610100	mapped
BL002665	chr6	9646900	9663400	High Signal Region	chr6	9646900	9663400	mapped
BL002666	chr6	9720400	9733100	High Signal Region	chr6	9720400	9733100	mapped
BL002667	chr6	9889000	9891100	High Signal Region	chr6	9889000	9891100	mapped
BL002668	chr6	10228400	10269900	High Signal Region	chr6	10228400	10269900	mapped
BL002669	chr6	10559100	10588400	High Signal Region	chr6	10559100	10588400	mapped
BL002670	chr6	10623400	10633900	High Signal Region	chr6	10623400	10633900	mapped
BL002671	chr6	11251100	11256800	High Signal Region	chr6	11251099	11256799	mapped
BL002672	chr6	11406400	11457900	High Signal Region	chr6	11406399	11457899	mapped
BL002673	chr6	11813900	11897100	High Signal Region	chr6	11813899	11897099	mapped
BL002674	chr6	12671100	12680300	High Signal Region	chr6	12671099	12680299	mapped
BL002675	chr6	13390500	13394900	High Signal Region	chr6	13390499	13394899	mapped
BL002676	chr6	13700500	13743100	High Signal Region	chr6	13700499	13743099	mapped
BL002677	chr6	14085000	14092300	Low Mappability	chr6	14084999	14092299	mapped
BL002678	chr6	14793800	14805500	High Signal Region	chr6	14793799	14805499	mapped
BL002679	chr6	14929200	14935100	High Signal Region	chr6	14929199	14935099	mapped
BL002680	chr6	16299700	16310100	High Signal Region	chr6	16299699	16310099	mapped
BL002681	chr6	16922600	16924800	High Signal Region	chr6	16922599	16924799	mapped
BL002682	chr6	17004600	17042000	High Signal Region	chr6	17004599	17041999	mapped
BL002683	chr6	17391200	17397900	High Signal Region	chr6	17391199	17397899	mapped
BL002684	chr6	17981700	17983400	High Signal Region	chr6	17981699	17983399	mapped
BL002685	chr6	18264800	18267200	High Signal Region	chr6	18264799	18267199	mapped
BL002686	chr6	18836700	18848600	High Signal Region	chr6	18836699	18848599	mapped
BL002687	chr6	19068900	19075400	High Signal Region	chr6	19068899	19075399	mapped
BL002688	chr6	20113900	20143500	High Signal Region	chr6	20113899	20143499	mapped
BL002689	chr6	21452400	21458100	High Signal Region	chr6	21452399	21458099	mapped
BL002690	chr6	21801300	21803200	High Signal Region	chr6	21801299	21803199	mapped
BL002691	chr6	21841300	21845300	High Signal Region	chr6	21841299	21845299	mapped
BL002692	chr6	21873300	21876800	High Signal Region	chr6	21873299	21876799	mapped
BL002693	chr6	22107700	22131800	High Signal Region	chr6	22107699	22131799	mapped
BL002694	chr6	22479600	22483900	High Signal Region	chr6	22479599	22483899	mapped
BL002695	chr6	22516700	22534300	High Signal Region	chr6	22516699	22534299	mapped
BL002696	chr6	25505600	25566400	Low Mappability	chr6	25505599	25566399	mapped
BL002697	chr6	26049500	26072100	High Signal Region	chr6	26049499	26072099	mapped
BL002698	chr6	26247700	26278000	High Signal Region	chr6	26247699	26277999	mapped
BL002699	chr6	26834800	26840700	High Signal Region	chr6	26834799	26840699	mapped
BL002700	chr6	26988500	26992000	High Signal Region	chr6	26988499	26991999	mapped
BL002701	chr6	27199000	27228400	High Signal Region	chr6	27198999	27228399	mapped
BL002702	chr6	28924100	28929500	Low Mappability	chr6	28924099	28929499	mapped
BL002703	chr6	29746800	29750000	High Signal Region	chr6	29746799	29749999	mapped
BL002704	chr6	29974300	29978200	High Signal Region	chr6	29974299	29978199	mapped
BL002705	chr6	30752800	30806400	High Signal Region				unmapped
BL002706	chr6	30929300	30936100	Low Mappability	chr6	30906235	30913035	mapped
BL002707	chr6	31594900	31597200	High Signal Region	chr6	31571835	31574135	mapped
BL002708	chr6	32740700	32746800	High Signal Region	chr6	32717635	32723735	mapped
BL002709	chr6	32867600	32869000	High Signal Region	chr6	32844535	32845935	mapped
BL002710	chr6	33490300	33495000	High Signal Region	chr6	33467235	33471935	mapped
BL002711	chr6	33650500	33665400	High Signal Region	chr6	33627435	33642335	mapped
BL002712	chr6	33743900	33749000	High Signal Region	chr6	33720835	33725935	mapped
BL002713	chr6	36224300	36230500	High Signal Region	chr6	36201235	36207435	mapped
BL002714	chr6	40535500	40559800	Low Mappability	chr6	40512434	40536734	mapped
BL002715	chr6	40716600	40723700	High Signal Region	chr6	40693534	40700634	mapped
BL002716	chr6	42122800	42174200	High Signal Region	chr6	42099734	42151134	mapped
BL002717	chr6	42492600	42516600	High Signal Region	chr6	42469534	42493534	mapped
BL002718	chr6	42617600	42620900	High Signal Region	chr6	42594534	42597834	mapped
BL002719	chr6	44265200	44270800	High Signal Region	chr6	44242134	44247734	mapped
BL002720	chr6	44497000	44513300	High Signal Region	chr6	44473934	44490234	mapped
BL002721	chr6	44785200	44794100	High Signal Region	chr6	44762134	44771034	mapped
BL002722	chr6	44836300	44837500	High Signal Region	chr6	44813234	44814434	mapped
BL002723	chr6	46381300	46402000	High Signal Region	chr6	46358234	46378934	mapped
BL002724	chr6	46678600	46685300	High Signal Region	chr6	46655534	46662234	mapped
BL002725	chr6	47639000	47779200	High Signal Region	chr6	47615934	47756134	mapped
BL002726	chr6	48120300	48122300	High Signal Region	chr6	48097234	48099234	mapped
BL002727	chr6	48149300	48172900	High Signal Region	chr6	48126234	48149834	mapped
BL002728	chr6	48231500	48292600	High Signal Region	chr6	48208434	48269534	mapped
BL002729	chr6	48320300	48347000	High Signal Region	chr6	48297234	48323934	mapped
BL002730	chr6	49235500	49237500	High Signal Region	chr6	49212434	49214434	mapped
BL002731	chr6	50601400	50636700	Low Mappability	chr6	50578380	50613680	mapped
BL002732	chr6	51046500	51048400	High Signal Region	chr6	51023480	51025380	mapped
BL002733	chr6	53464100	53487500	Low Mappability	chr6	53441085	53464485	mapped
BL002734	chr6	54976500	54993700	High Signal Region	chr6	54953485	54970685	mapped
BL002735	chr6	56232700	56257500	High Signal Region	chr6	56209685	56234485	mapped
BL002736	chr6	56455900	56465300	High Signal Region	chr6	56432885	56442285	mapped
BL002737	chr6	57425200	57455700	High Signal Region	chr6	57402185	57432685	mapped
BL002738	chr6	57588900	57634500	High Signal Region	chr6	57565885	57611485	mapped
BL002739	chr6	57919500	57925700	High Signal Region	chr6	57896485	57902685	mapped
BL002740	chr6	58068500	58073500	High Signal Region	chr6	58045485	58050485	mapped
BL002741	chr6	58588700	58612800	High Signal Region	chr6	58565685	58589785	mapped
BL002742	chr6	59123600	59130100	High Signal Region	chr6	59100585	59107085	mapped
BL002743	chr6	59199600	59230600	High Signal Region	chr6	59176585	59207585	mapped
BL002744	chr6	59584300	59598000	High Signal Region	chr6	59561285	59574985	mapped
BL002745	chr6	59676000	59698200	High Signal Region	chr6	59652985	59675185	mapped
BL002746	chr6	60622400	60625600	High Signal Region	chr6	60599384	60602584	mapped
BL002747	chr6	60668000	60688200	High Signal Region	chr6	60644984	60665184	mapped
BL002748	chr6	61023100	61029400	High Signal Region	chr6	61000084	61006384	mapped
BL002749	chr6	61088400	61094600	High Signal Region	chr6	61065384	61071584	mapped
BL002750	chr6	62525500	62527300	High Signal Region	chr6	62502484	62504284	mapped
BL002751	chr6	64331600	64338900	Low Mappability	chr6	64308584	64315884	mapped
BL002752	chr6	64778500	64812500	High Signal Region	chr6	64755484	64789484	mapped
BL002753	chr6	64882100	64930500	High Signal Region	chr6	64859084	64907484	mapped
BL002754	chr6	65100600	65106700	High Signal Region	chr6	65077584	65083684	mapped
BL002755	chr6	65184300	65261600	High Signal Region	chr6	65161284	65238584	mapped
BL002756	chr6	66070200	66095900	High Signal Region	chr6	66047184	66072884	mapped
BL002757	chr6	66815600	66831600	High Signal Region	chr6	66792584	66808584	mapped
BL002758	chr6	67311500	67312900	High Signal Region	chr6	67288484	67289884	mapped
BL002759	chr6	67494800	67522100	Low Mappability	chr6	67471784	67499084	mapped
BL002760	chr6	67576400	67630800	High Signal Region	chr6	67553384	67607784	mapped
BL002761	chr6	67658300	67710900	High Signal Region	chr6	67635284	67687884	mapped
BL002762	chr6	68011000	68012900	High Signal Region	chr6	67987984	67989884	mapped
BL002763	chr6	68221900	68252400	Low Mappability	chr6	68198884	68229384	mapped
BL002764	chr6	68641400	68661300	High Signal Region	chr6	68618384	68638284	mapped
BL002765	chr6	68971900	68996400	High Signal Region	chr6	68948884	68973384	mapped
BL002766	chr6	69017600	69035700	High Signal Region	chr6	68994584	69012684	mapped
BL002767	chr6	70000300	70053000	High Signal Region	chr6	69977284	70029984	mapped
BL002768	chr6	70187800	70213700	High Signal Region	chr6	70164784	70190684	mapped
BL002769	chr6	70620700	70648600	High Signal Region	chr6	70597684	70625584	mapped
BL002770	chr6	73105700	73113400	High Signal Region	chr6	73082683	73090383	mapped
BL002771	chr6	73502200	73521000	High Signal Region	chr6	73479183	73497983	mapped
BL002772	chr6	73671400	73672600	High Signal Region	chr6	73648383	73649583	mapped
BL002773	chr6	74191700	74194400	High Signal Region	chr6	74168683	74171383	mapped
BL002774	chr6	74365900	74386400	High Signal Region	chr6	74342883	74363383	mapped
BL002775	chr6	74700100	74705300	High Signal Region	chr6	74677083	74682283	mapped
BL002776	chr6	75054000	75083000	High Signal Region	chr6	75030983	75059983	mapped
BL002777	chr6	76645400	76649100	High Signal Region	chr6	76622383	76626083	mapped
BL002778	chr6	76847200	76854100	High Signal Region	chr6	76824183	76831083	mapped
BL002779	chr6	78352900	78359500	High Signal Region	chr6	78329883	78336483	mapped
BL002780	chr6	78456200	78491700	Low Mappability	chr6	78433183	78468683	mapped
BL002781	chr6	78637400	78639700	High Signal Region	chr6	78614383	78616683	mapped
BL002782	chr6	78716700	78722400	High Signal Region	chr6	78693683	78699383	mapped
BL002783	chr6	79627500	79635200	High Signal Region	chr6	79604483	79612183	mapped
BL002784	chr6	79817300	79819200	High Signal Region	chr6	79794283	79796183	mapped
BL002785	chr6	79898900	79922800	Low Mappability	chr6	79875883	79899783	mapped
BL002786	chr6	79959800	79967500	Low Mappability	chr6	79936783	79944483	mapped
BL002787	chr6	81012200	81036700	High Signal Region	chr6	80989181	81013681	mapped
BL002788	chr6	81829400	81875000	High Signal Region	chr6	81806381	81851981	mapped
BL002789	chr6	81997000	82011600	High Signal Region	chr6	81973981	81988581	mapped
BL002790	chr6	82213400	82218800	High Signal Region	chr6	82190381	82195781	mapped
BL002791	chr6	84662700	84688200	High Signal Region	chr6	84639682	84665182	mapped
BL002792	chr6	84712600	84720200	High Signal Region	chr6	84689582	84697182	mapped
BL002793	chr6	89723500	89735600	High Signal Region	chr6	89700482	89712582	mapped
BL002794	chr6	91768300	91770200	High Signal Region	chr6	91745281	91747181	mapped
BL002795	chr6	92321600	92328300	High Signal Region	chr6	92298581	92305281	mapped
BL002796	chr6	94988600	94990700	Low Mappability	chr6	94965581	94967681	mapped
BL002797	chr6	95030100	95043800	Low Mappability	chr6	95007081	95020781	mapped
BL002798	chr6	95475600	95479900	High Signal Region	chr6	95452581	95456881	mapped
BL002799	chr6	95980800	95987100	High Signal Region	chr6	95957781	95964081	mapped
BL002800	chr6	96877800	96896100	High Signal Region	chr6	96854761	96873061	mapped
BL002801	chr6	97356800	97379400	High Signal Region	chr6	97333761	97356361	mapped
BL002802	chr6	101571200	101621400	High Signal Region	chr6	101548161	101598361	mapped
BL002803	chr6	102379600	102384100	High Signal Region	chr6	102356561	102361061	mapped
BL002804	chr6	102483000	102505700	High Signal Region	chr6	102459961	102482661	mapped
BL002805	chr6	102767600	102791400	High Signal Region	chr6	102744561	102768361	mapped
BL002806	chr6	103313700	103315600	High Signal Region	chr6	103290661	103292561	mapped
BL002807	chr6	103647900	103650200	High Signal Region	chr6	103624861	103627161	mapped
BL002808	chr6	103750700	103752000	High Signal Region	chr6	103727661	103728961	mapped
BL002809	chr6	105194700	105199600	High Signal Region	chr6	105171661	105176561	mapped
BL002810	chr6	105253400	105257600	Low Mappability	chr6	105230361	105234561	mapped
BL002811	chr6	105306000	105337600	High Signal Region	chr6	105282961	105314561	mapped
BL002812	chr6	107141500	107146300	High Signal Region	chr6	107118461	107123261	mapped
BL002813	chr6	107284300	107299800	High Signal Region	chr6	107261261	107276761	mapped
BL002814	chr6	107860500	107920500	High Signal Region	chr6	107837461	107897461	mapped
BL002815	chr6	109498200	109506200	High Signal Region	chr6	109475161	109483161	mapped
BL002816	chr6	109641800	109648100	High Signal Region	chr6	109618761	109625061	mapped
BL002817	chr6	109984000	110013000	High Signal Region	chr6	109960961	109989961	mapped
BL002818	chr6	114340600	114343000	High Signal Region	chr6	114317561	114319961	mapped
BL002819	chr6	114492200	114643400	High Signal Region	chr6	114469161	114620361	mapped
BL002820	chr6	116021200	116043900	High Signal Region	chr6	115998161	116020861	mapped
BL002821	chr6	116238700	116252600	High Signal Region	chr6	116215661	116229561	mapped
BL002822	chr6	116566200	116593800	High Signal Region	chr6	116543161	116570761	mapped
BL002823	chr6	117087400	117094300	High Signal Region	chr6	117064361	117071261	mapped
BL002824	chr6	118209000	118234000	High Signal Region	chr6	118185961	118210961	mapped
BL002825	chr6	119419600	119431100	High Signal Region	chr6	119396561	119408061	mapped
BL002826	chr6	121690100	121703800	High Signal Region	chr6	121667059	121680759	mapped
BL002827	chr6	122614200	122616600	High Signal Region	chr6	122591159	122593559	mapped
BL002828	chr6	123132100	123179400	High Signal Region	chr6	123109059	123156359	mapped
BL002829	chr6	123204800	123242900	High Signal Region	chr6	123181759	123219859	mapped
BL002830	chr6	126135200	126137300	Low Mappability	chr6	126112163	126114263	mapped
BL002831	chr6	128680200	128693700	High Signal Region	chr6	128657163	128670663	mapped
BL002832	chr6	128861200	128865300	High Signal Region	chr6	128838163	128842263	mapped
BL002833	chr6	129857800	129863300	High Signal Region	chr6	129834763	129840263	mapped
BL002834	chr6	129935700	129948400	High Signal Region	chr6	129912663	129925363	mapped
BL002835	chr6	131088300	131114900	High Signal Region	chr6	131065263	131091863	mapped
BL002836	chr6	131208300	131252100	High Signal Region	chr6	131185263	131229063	mapped
BL002837	chr6	131495900	131505900	High Signal Region	chr6	131472863	131482863	mapped
BL002838	chr6	132497200	132523000	Low Mappability	chr6	132474163	132499963	mapped
BL002839	chr6	132597000	132598700	High Signal Region	chr6	132573963	132575663	mapped
BL002840	chr6	132635400	132642000	High Signal Region	chr6	132612363	132618963	mapped
BL002841	chr6	133169000	133170900	High Signal Region	chr6	133145963	133147863	mapped
BL002842	chr6	133891500	133899800	High Signal Region	chr6	133868463	133876763	mapped
BL002843	chr6	134689500	134692700	High Signal Region	chr6	134666463	134669663	mapped
BL002844	chr6	138216100	138221900	High Signal Region	chr6	138193098	138198898	mapped
BL002845	chr6	138647300	138649100	High Signal Region	chr6	138624298	138626098	mapped
BL002846	chr6	138685400	138700700	High Signal Region	chr6	138662398	138677698	mapped
BL002847	chr6	142060700	142079300	High Signal Region	chr6	142006426	142025026	mapped
BL002848	chr6	142396700	142400200	Low Mappability	chr6	142342426	142345926	mapped
BL002849	chr6	142433400	142439400	High Signal Region	chr6	142379126	142385126	mapped
BL002850	chr6	143014400	143016300	High Signal Region	chr6	142960126	142962026	mapped
BL002851	chr6	143466500	143481400	High Signal Region	chr6	143412226	143427126	mapped
BL002852	chr6	143883500	143886900	High Signal Region	chr6	143829226	143832626	mapped
BL002853	chr6	144655200	144670000	High Signal Region	chr6	144600926	144615726	mapped
BL002854	chr6	145784700	145787000	High Signal Region	chr6	145730426	145732726	mapped
BL002855	chr6	145931800	145933900	Low Mappability	chr6	145877526	145879626	mapped
BL002856	chr6	146018900	146080500	High Signal Region				unmapped
BL002857	chr6	147077200	147079900	High Signal Region	chr6	146978698	146981398	mapped
BL002858	chr6	147459800	147465000	Low Mappability	chr6	147361298	147366498	mapped
BL002859	chr6	147549600	147555000	Low Mappability	chr6	147451098	147456498	mapped
BL002860	chr6	147881900	147908400	High Signal Region	chr6	147783398	147809898	mapped
BL002861	chr6	148013100	148038400	High Signal Region	chr6	147914598	147939898	mapped
BL002862	chr6	148121800	148124500	High Signal Region	chr6	148023298	148025998	mapped
BL002863	chr6	148635700	148640300	Low Mappability	chr6	148537198	148541798	mapped
BL002864	chr6	148662900	148665000	Low Mappability	chr6	148564398	148566498	mapped
BL002865	chr6	149585500	149736500	High Signal Region				unmapped
BL002866	chr7	4558200	4594300	High Signal Region	chr7	4561199	4597299	mapped
BL002867	chr7	4648600	4651500	High Signal Region	chr7	4651599	4654499	mapped
BL002868	chr7	5153200	5244900	High Signal Region	chr7	5156199	5247899	mapped
BL002869	chr7	5588700	5591600	High Signal Region	chr7	5591699	5594599	mapped
BL002870	chr7	6050500	6056000	High Signal Region	chr7	6053499	6058999	mapped
BL002871	chr7	6249400	6251400	High Signal Region	chr7	6252399	6254399	mapped
BL002872	chr7	6590800	6597400	High Signal Region	chr7	6593799	6600399	mapped
BL002873	chr7	7209500	7231000	High Signal Region	chr7	7212499	7233999	mapped
BL002874	chr7	7273500	7327400	High Signal Region	chr7	7276499	7330399	mapped
BL002875	chr7	7527500	7533900	High Signal Region	chr7	7530499	7536899	mapped
BL002876	chr7	7556800	8278400	High Signal Region	chr7	7559799	8281399	mapped
BL002877	chr7	8490800	9968800	High Signal Region				unmapped
BL002878	chr7	9992100	9998900	High Signal Region	chr7	9726027	9732827	mapped
BL002879	chr7	10314900	10320900	High Signal Region	chr7	10048827	10054827	mapped
BL002880	chr7	11097700	11123700	High Signal Region	chr7	10831627	10857627	mapped
BL002881	chr7	11271100	11438600	High Signal Region	chr7	11005027	11172527	mapped
BL002882	chr7	12009500	12084600	High Signal Region	chr7	11743427	11818527	mapped
BL002883	chr7	12379600	12385400	High Signal Region	chr7	12113527	12119327	mapped
BL002884	chr7	12526600	12548100	High Signal Region	chr7	12260527	12282027	mapped
BL002885	chr7	13112300	13118100	High Signal Region	chr7	12846227	12852027	mapped
BL002886	chr7	13591200	13620200	High Signal Region	chr7	13325125	13354125	mapped
BL002887	chr7	14051300	14055900	High Signal Region	chr7	13785225	13789825	mapped
BL002888	chr7	14767700	14823800	High Signal Region	chr7	14501625	14557725	mapped
BL002889	chr7	14930100	15023000	High Signal Region	chr7	14664025	14756925	mapped
BL002890	chr7	15128800	15623000	High Signal Region	chr7	14862725	15356925	mapped
BL002891	chr7	16661400	16667800	High Signal Region	chr7	16395325	16401725	mapped
BL002892	chr7	17112200	17123900	High Signal Region	chr7	16846125	16857825	mapped
BL002893	chr7	17215800	17323400	High Signal Region	chr7	16949725	17057325	mapped
BL002894	chr7	17800000	17806700	High Signal Region	chr7	17533925	17540625	mapped
BL002895	chr7	17829700	17862600	High Signal Region	chr7	17563625	17596525	mapped
BL002896	chr7	18487100	18493200	High Signal Region	chr7	18221025	18227125	mapped
BL002897	chr7	19032600	19034500	High Signal Region	chr7	18766525	18768425	mapped
BL002898	chr7	20799700	21103900	High Signal Region	chr7	20533625	20837825	mapped
BL002899	chr7	21135700	23286800	High Signal Region	chr7	20869625	22986225	mapped
BL002900	chr7	23494700	23503600	High Signal Region	chr7	23194125	23203025	mapped
BL002901	chr7	24026200	24031700	High Signal Region	chr7	23725625	23731125	mapped
BL002902	chr7	24103800	24108200	High Signal Region	chr7	23803225	23807625	mapped
BL002903	chr7	24729400	24731300	High Signal Region	chr7	24428825	24430725	mapped
BL002904	chr7	26022700	26066900	High Signal Region	chr7	25722125	25766325	mapped
BL002905	chr7	26779000	26780900	High Signal Region	chr7	26478425	26480325	mapped
BL002906	chr7	27082300	27098300	High Signal Region	chr7	26781725	26797725	mapped
BL002907	chr7	27712800	27732500	High Signal Region	chr7	27412225	27431925	mapped
BL002908	chr7	31365500	31387000	High Signal Region	chr7	31064925	31086425	mapped
BL002909	chr7	31818200	31876700	High Signal Region	chr7	31517625	31576125	mapped
BL002910	chr7	31934500	32043100	High Signal Region	chr7	31633925	31742525	mapped
BL002911	chr7	32215700	32235200	High Signal Region	chr7	31915125	31934625	mapped
BL002912	chr7	32629300	33098700	High Signal Region	chr7	32328725	32798125	mapped
BL002913	chr7	33124200	33198000	High Signal Region	chr7	32823625	32897425	mapped
BL002914	chr7	33949500	34004800	High Signal Region	chr7	33648925	33704225	mapped
BL002915	chr7	34957200	34959100	High Signal Region	chr7	34656625	34658525	mapped
BL002916	chr7	38396600	38787200	High Signal Region	chr7	38096024	38486624	mapped
BL002917	chr7	38839800	39181000	High Signal Region				unmapped
BL002918	chr7	39227600	39404100	High Signal Region	chr7	38877024	39053524	mapped
BL002919	chr7	39874600	39875900	High Signal Region	chr7	39524024	39525324	mapped
BL002920	chr7	41791900	41851900	High Signal Region	chr7	41441324	41501324	mapped
BL002921	chr7	43123800	43220300	High Signal Region	chr7	42773224	42869724	mapped
BL002922	chr7	44737800	44739900	High Signal Region	chr7	44387224	44389324	mapped
BL002923	chr7	47175100	47188600	High Signal Region	chr7	46824848	46838348	mapped
BL002924	chr7	47414400	47519700	High Signal Region	chr7	47064148	47169448	mapped
BL002925	chr7	48102600	48135800	High Signal Region	chr7	47752348	47785548	mapped
BL002926	chr7	50940400	50986800	High Signal Region	chr7	50590148	50636548	mapped
BL002927	chr7	51329800	51335900	High Signal Region	chr7	50979548	50985648	mapped
BL002928	chr7	51800300	51812600	High Signal Region	chr7	51450048	51462348	mapped
BL002929	chr7	51909200	51911200	High Signal Region	chr7	51558948	51560948	mapped
BL002930	chr7	52095700	52104400	High Signal Region	chr7	51745448	51754148	mapped
BL002931	chr7	52283300	52288900	High Signal Region	chr7	51933048	51938648	mapped
BL002932	chr7	53677100	53683100	High Signal Region	chr7	53326848	53332848	mapped
BL002933	chr7	53977800	54027400	High Signal Region	chr7	53627548	53677148	mapped
BL002934	chr7	54336000	54351800	High Signal Region	chr7	53985748	54001548	mapped
BL002935	chr7	54808900	54810100	High Signal Region	chr7	54458648	54459848	mapped
BL002936	chr7	54923000	54971200	High Signal Region	chr7	54572748	54620948	mapped
BL002937	chr7	55011500	55016500	High Signal Region	chr7	54661248	54666248	mapped
BL002938	chr7	55080000	55086300	High Signal Region	chr7	54729748	54736048	mapped
BL002939	chr7	55115400	55141000	High Signal Region	chr7	54765148	54790748	mapped
BL002940	chr7	55657400	55667100	High Signal Region	chr7	55307148	55316848	mapped
BL002941	chr7	56062300	56081700	High Signal Region	chr7	55712048	55731448	mapped
BL002942	chr7	56160100	56163400	Low Mappability	chr7	55809848	55813148	mapped
BL002943	chr7	56660300	56693600	High Signal Region	chr7	56310048	56343348	mapped
BL002944	chr7	57367200	57374700	High Signal Region	chr7	57016948	57024448	mapped
BL002945	chr7	58040300	58077100	High Signal Region	chr7	57690048	57726848	mapped
BL002946	chr7	58161700	58177900	High Signal Region	chr7	57811448	57827648	mapped
BL002947	chr7	59673100	59910900	High Signal Region	chr7	59322848	59560648	mapped
BL002948	chr7	60209400	60215600	High Signal Region	chr7	59859148	59865348	mapped
BL002949	chr7	60676300	60682800	High Signal Region	chr7	60326048	60332548	mapped
BL002950	chr7	61320100	61395400	High Signal Region	chr7	60969848	61045148	mapped
BL002951	chr7	62135200	62137500	High Signal Region	chr7	61784948	61787248	mapped
BL002952	chr7	62651400	62693400	High Signal Region	chr7	62301148	62343148	mapped
BL002953	chr7	63272500	63287100	High Signal Region	chr7	62922248	62936848	mapped
BL002954	chr7	63431300	63432400	High Signal Region	chr7	63081048	63082148	mapped
BL002955	chr7	63803700	63810800	High Signal Region	chr7	63453448	63460548	mapped
BL002956	chr7	63908200	63910100	High Signal Region	chr7	63557948	63559848	mapped
BL002957	chr7	64072600	64134600	High Signal Region	chr7	63722348	63784348	mapped
BL002958	chr7	64465300	64496400	High Signal Region	chr7	64115048	64146148	mapped
BL002959	chr7	64601000	64617900	High Signal Region	chr7	64250748	64267648	mapped
BL002960	chr7	65187500	65198300	High Signal Region	chr7	64837248	64848048	mapped
BL002961	chr7	68534700	68537900	High Signal Region	chr7	68184448	68187648	mapped
BL002962	chr7	68775900	68778100	High Signal Region	chr7	68425648	68427848	mapped
BL002963	chr7	69086500	69102900	High Signal Region	chr7	68736248	68752648	mapped
BL002964	chr7	69785300	69792200	High Signal Region	chr7	69435048	69441948	mapped
BL002965	chr7	70757900	70765000	High Signal Region	chr7	70407648	70414748	mapped
BL002966	chr7	71971100	71984500	High Signal Region	chr7	71620848	71634248	mapped
BL002967	chr7	72317400	72337900	High Signal Region	chr7	71967148	71987648	mapped
BL002968	chr7	72630000	72679900	High Signal Region	chr7	72279748	72329648	mapped
BL002969	chr7	73212000	73218800	High Signal Region	chr7	72861748	72868548	mapped
BL002970	chr7	73671700	73680000	High Signal Region	chr7	73321448	73329748	mapped
BL002971	chr7	75003200	75007700	High Signal Region	chr7	74652948	74657448	mapped
BL002972	chr7	76067800	76079300	High Signal Region	chr7	75717548	75729048	mapped
BL002973	chr7	76556000	76573000	High Signal Region	chr7	76205748	76222748	mapped
BL002974	chr7	76703900	76708400	High Signal Region	chr7	76353648	76358148	mapped
BL002975	chr7	77520600	77526000	High Signal Region	chr7	77170348	77175748	mapped
BL002976	chr7	78416900	78422400	High Signal Region	chr7	78066648	78072148	mapped
BL002977	chr7	80708100	80730100	Low Mappability	chr7	80357848	80379848	mapped
BL002978	chr7	80787500	80813800	High Signal Region	chr7	80437248	80463548	mapped
BL002979	chr7	81756100	81760500	High Signal Region	chr7	81405848	81410248	mapped
BL002980	chr7	82770300	82772800	High Signal Region	chr7	82419508	82422008	mapped
BL002981	chr7	85017700	85023600	High Signal Region	chr7	84666908	84672808	mapped
BL002982	chr7	85757200	85768800	High Signal Region	chr7	85406408	85418008	mapped
BL002983	chr7	86118700	86125800	High Signal Region	chr7	85767908	85775008	mapped
BL002984	chr7	86497400	86503500	High Signal Region	chr7	86146608	86152708	mapped
BL002985	chr7	86532600	86534000	High Signal Region	chr7	86181808	86183208	mapped
BL002986	chr7	86805600	86807500	High Signal Region	chr7	86454808	86456708	mapped
BL002987	chr7	87989300	88000600	High Signal Region	chr7	87638508	87649808	mapped
BL002988	chr7	89683300	89704600	High Signal Region	chr7	89332508	89353808	mapped
BL002989	chr7	90087300	90089400	High Signal Region	chr7	89736508	89738608	mapped
BL002990	chr7	90441000	90442900	High Signal Region	chr7	90090208	90092108	mapped
BL002991	chr7	91741500	91747500	High Signal Region	chr7	91390708	91396708	mapped
BL002992	chr7	93259400	93278100	High Signal Region	chr7	92908607	92927307	mapped
BL002993	chr7	93699600	93717500	High Signal Region	chr7	93348807	93366707	mapped
BL002994	chr7	93744000	93766100	High Signal Region	chr7	93393207	93415307	mapped
BL002995	chr7	93969600	93973700	High Signal Region	chr7	93618807	93622907	mapped
BL002996	chr7	94293000	94299300	High Signal Region	chr7	93942207	93948507	mapped
BL002997	chr7	94822500	94848800	High Signal Region	chr7	94471707	94498007	mapped
BL002998	chr7	95177200	95193600	High Signal Region	chr7	94826407	94842807	mapped
BL002999	chr7	95527400	95533200	High Signal Region	chr7	95176607	95182407	mapped
BL003000	chr7	97795000	97797300	High Signal Region	chr7	97444207	97446507	mapped
BL003001	chr7	103100800	103115000	High Signal Region	chr7	102750007	102764207	mapped
BL003002	chr7	103195500	103202100	High Signal Region	chr7	102844707	102851307	mapped
BL003003	chr7	103483000	103487500	High Signal Region	chr7	103132207	103136707	mapped
BL003004	chr7	104097400	104126600	High Signal Region	chr7	103746607	103775807	mapped
BL003005	chr7	104476800	104477900	High Signal Region	chr7	104126007	104127107	mapped
BL003006	chr7	104770000	104801200	High Signal Region	chr7	104419207	104450407	mapped
BL003007	chr7	105830300	106325300	High Signal Region				unmapped
BL003008	chr7	106979000	106984900	High Signal Region	chr7	106578207	106584107	mapped
BL003009	chr7	107245200	107271400	High Signal Region	chr7	106844407	106870607	mapped
BL003010	chr7	108780600	108789800	High Signal Region	chr7	108379807	108389007	mapped
BL003011	chr7	110058500	110061600	High Signal Region	chr7	109657707	109660807	mapped
BL003012	chr7	111228400	111230600	High Signal Region	chr7	110827607	110829807	mapped
BL003013	chr7	112636600	112639800	High Signal Region	chr7	112235807	112239007	mapped
BL003014	chr7	116432200	116453400	High Signal Region	chr7	116031435	116052635	mapped
BL003015	chr7	119739900	119742100	High Signal Region	chr7	119339123	119341323	mapped
BL003016	chr7	119795700	119797700	High Signal Region	chr7	119394923	119396923	mapped
BL003017	chr7	119998800	120015100	High Signal Region	chr7	119598023	119614323	mapped
BL003018	chr7	124522300	124528300	High Signal Region	chr7	124121523	124127523	mapped
BL003019	chr7	125009800	125016600	High Signal Region	chr7	124609015	124615815	mapped
BL003020	chr7	128171000	128189300	High Signal Region	chr7	127770172	127788472	mapped
BL003021	chr7	130054200	130055700	High Signal Region	chr7	129655924	129657424	mapped
BL003022	chr7	130591400	130596900	High Signal Region	chr7	130193130	130198630	mapped
BL003023	chr7	130833500	130835600	High Signal Region	chr7	130435230	130437330	mapped
BL003024	chr7	134100500	134107200	High Signal Region	chr7	133702229	133708929	mapped
BL003025	chr7	134329200	134335200	High Signal Region	chr7	133930929	133936929	mapped
BL003026	chr7	135006900	135008800	High Signal Region	chr7	134608629	134610529	mapped
BL003027	chr7	135337800	135340900	High Signal Region	chr7	134939529	134942629	mapped
BL003028	chr7	138590500	138594500	High Signal Region	chr7	138192229	138196229	mapped
BL003029	chr7	139447400	139448900	High Signal Region	chr7	139027316	139028816	mapped
BL003030	chr7	140288200	140307300	High Signal Region	chr7	139868113	139887213	mapped
BL003031	chr7	140551100	140558800	High Signal Region	chr7	140131013	140138713	mapped
BL003032	chr7	140580500	140585700	High Signal Region	chr7	140160413	140165613	mapped
BL003033	chr7	141637000	141640700	High Signal Region	chr7	141216913	141226967	mapped
BL003034	chr7	142828900	142845000	High Signal Region	chr7	142382637	142398737	mapped
BL003035	chr7	145340000	145441400	High Signal Region				unmapped
BL003036	chr8	3753500	3779100	High Signal Region	chr8	3803500	3829100	mapped
BL003037	chr8	14305800	14308200	High Signal Region	chr8	14355800	14358200	mapped
BL003038	chr8	15508900	15521000	High Signal Region	chr8	15558900	15571000	mapped
BL003039	chr8	19671800	19937800	High Signal Region	chr8	19721816	20513401	mapped
BL003040	chr8	19960800	20868000	High Signal Region				unmapped
BL003041	chr8	20945500	20963700	High Signal Region	chr8	21435516	21453716	mapped
BL003042	chr8	23085600	23096700	High Signal Region	chr8	23575616	23586716	mapped
BL003043	chr8	35134000	35135900	High Signal Region	chr8	35601154	35603054	mapped
BL003044	chr8	39132400	39157700	High Signal Region				unmapped
BL003045	chr8	55111200	55397300	High Signal Region	chr8	55564235	55850335	mapped
BL003046	chr8	69416700	69597900	High Signal Region	chr8	69869352	70050552	mapped
BL003047	chr8	71432100	71434100	High Signal Region	chr8	71884744	71886744	mapped
BL003048	chr8	71796100	71863300	High Signal Region	chr8	72248744	72617144	mapped
BL003049	chr8	73318700	73320700	High Signal Region	chr8	74045328	74047328	mapped
BL003050	chr8	83755800	83757900	High Signal Region	chr8	84482429	84484529	mapped
BL003051	chr8	114436000	114437900	High Signal Region	chr8	115162740	115164640	mapped
BL003052	chr8	123537300	123638300	High Signal Region	chr8	124264039	124365039	mapped
BL003053	chr8	125778100	125780100	High Signal Region	chr8	126504839	126506839	mapped
BL003054	chr8	129272900	129401200	High Signal Region				unmapped
BL003055	chr9	0	3053100	High Signal Region				unmapped
BL003056	chr9	3240200	3259800	High Signal Region	chr9	3240200	3259800	mapped
BL003057	chr9	3302000	3336000	High Signal Region	chr9	3302000	3336000	mapped
BL003058	chr9	3461000	3466600	Low Mappability	chr9	3461000	3466600	mapped
BL003059	chr9	3627400	3699700	Low Mappability	chr9	3627400	3699700	mapped
BL003060	chr9	3802100	3806700	High Signal Region	chr9	3802100	3806700	mapped
BL003061	chr9	3881100	3887600	High Signal Region	chr9	3881100	3887600	mapped
BL003062	chr9	4238700	4245700	Low Mappability	chr9	4238700	4245700	mapped
BL003063	chr9	4375700	4406800	High Signal Region	chr9	4375700	4406800	mapped
BL003064	chr9	5248000	5254100	High Signal Region	chr9	5248000	5254100	mapped
BL003065	chr9	5276200	5284600	Low Mappability	chr9	5276200	5284600	mapped
BL003066	chr9	6431500	6467200	High Signal Region	chr9	6431500	6467200	mapped
BL003067	chr9	6742900	6806200	Low Mappability	chr9	6742900	6806200	mapped
BL003068	chr9	7294600	7300700	High Signal Region	chr9	7294600	7300700	mapped
BL003069	chr9	7370900	7412600	Low Mappability	chr9	7370900	7412600	mapped
BL003070	chr9	7520900	7525900	High Signal Region	chr9	7520901	7525901	mapped
BL003071	chr9	8029400	8067100	Low Mappability	chr9	8029401	8067101	mapped
BL003072	chr9	8275900	8292300	Low Mappability	chr9	8275901	8292301	mapped
BL003073	chr9	8447200	8483700	High Signal Region	chr9	8447201	8483701	mapped
BL003074	chr9	8628200	8633700	Low Mappability	chr9	8628201	8633701	mapped
BL003075	chr9	8859900	8865500	High Signal Region	chr9	8859901	8865501	mapped
BL003076	chr9	9598800	9626700	High Signal Region	chr9	9598805	9626705	mapped
BL003077	chr9	9846900	9891900	Low Mappability	chr9	9846905	9891905	mapped
BL003078	chr9	10193200	10198800	Low Mappability	chr9	10193205	10198805	mapped
BL003079	chr9	10701300	10707400	High Signal Region	chr9	10701305	10707405	mapped
BL003080	chr9	10964200	10970600	High Signal Region	chr9	10964205	10970605	mapped
BL003081	chr9	11341900	11345100	High Signal Region	chr9	11341905	11345105	mapped
BL003082	chr9	11722300	11747100	High Signal Region	chr9	11722305	11747105	mapped
BL003083	chr9	11792800	11798400	Low Mappability	chr9	11792805	11798405	mapped
BL003084	chr9	11821400	11845400	High Signal Region	chr9	11821405	11845405	mapped
BL003085	chr9	12282000	12287500	High Signal Region	chr9	12282005	12287505	mapped
BL003086	chr9	12364900	12379600	High Signal Region	chr9	12364905	12379605	mapped
BL003087	chr9	12469100	12472900	Low Mappability	chr9	12469105	12472905	mapped
BL003088	chr9	12768200	12773800	High Signal Region	chr9	12768205	12773805	mapped
BL003089	chr9	12840100	12851100	High Signal Region	chr9	12840105	12851105	mapped
BL003090	chr9	12917600	12922300	High Signal Region	chr9	12917605	12922305	mapped
BL003091	chr9	12998400	13045600	Low Mappability	chr9	12998405	13045605	mapped
BL003092	chr9	13324200	13426100	High Signal Region				unmapped
BL003093	chr9	13533500	13535700	High Signal Region	chr9	13444796	13446996	mapped
BL003094	chr9	13994600	13996700	High Signal Region	chr9	13905896	13907996	mapped
BL003095	chr9	14410500	14429300	Low Mappability	chr9	14321796	14340596	mapped
BL003096	chr9	15123900	15136900	High Signal Region	chr9	15035196	15048196	mapped
BL003097	chr9	16607400	16691900	Low Mappability	chr9	16518696	16603196	mapped
BL003098	chr9	16833700	16861000	High Signal Region	chr9	16744996	16772296	mapped
BL003099	chr9	16939400	16950500	Low Mappability	chr9	16850696	16861796	mapped
BL003100	chr9	17059000	17088000	High Signal Region	chr9	16970296	16999296	mapped
BL003101	chr9	17197900	17207600	High Signal Region	chr9	17109196	17118896	mapped
BL003102	chr9	17261400	17263400	Low Mappability	chr9	17172696	17174696	mapped
BL003103	chr9	17387200	17406200	High Signal Region	chr9	17298496	17317496	mapped
BL003104	chr9	17525800	17527700	High Signal Region	chr9	17437096	17438996	mapped
BL003105	chr9	17632000	17636100	High Signal Region	chr9	17543296	17547396	mapped
BL003106	chr9	17916200	17919600	High Signal Region	chr9	17827496	17830896	mapped
BL003107	chr9	18010000	18015600	High Signal Region	chr9	17921296	17926896	mapped
BL003108	chr9	18117000	18162200	Low Mappability	chr9	18028296	18073496	mapped
BL003109	chr9	18235100	18270100	High Signal Region	chr9	18146396	18181396	mapped
BL003110	chr9	18893800	18900100	High Signal Region	chr9	18805096	18811396	mapped
BL003111	chr9	18980400	18994100	High Signal Region	chr9	18891696	18905396	mapped
BL003112	chr9	19268700	19294700	High Signal Region	chr9	19179996	19205996	mapped
BL003113	chr9	19595400	19638400	High Signal Region	chr9	19506696	19549696	mapped
BL003114	chr9	19720500	19725500	Low Mappability	chr9	19631796	19636796	mapped
BL003115	chr9	19901400	19906100	High Signal Region	chr9	19812696	19817396	mapped
BL003116	chr9	20183600	20196700	Low Mappability	chr9	20094896	20107996	mapped
BL003117	chr9	20322100	20407900	High Signal Region	chr9	20233396	20319196	mapped
BL003118	chr9	21879200	21928200	High Signal Region	chr9	21790496	21839496	mapped
BL003119	chr9	22116600	22191600	High Signal Region	chr9	22027896	22102896	mapped
BL003120	chr9	22699500	22731700	High Signal Region	chr9	22610796	22642996	mapped
BL003121	chr9	22892700	22926500	Low Mappability	chr9	22803996	22837796	mapped
BL003122	chr9	22947900	22956900	High Signal Region	chr9	22859196	22868196	mapped
BL003123	chr9	23508700	23526900	High Signal Region	chr9	23419996	23438196	mapped
BL003124	chr9	24523300	24576000	High Signal Region	chr9	24434596	24487296	mapped
BL003125	chr9	25596700	25602700	High Signal Region	chr9	25507996	25513996	mapped
BL003126	chr9	25842900	25863600	High Signal Region	chr9	25754196	25774896	mapped
BL003127	chr9	26096100	26103500	Low Mappability	chr9	26007396	26014796	mapped
BL003128	chr9	26700800	26708000	High Signal Region	chr9	26612096	26619296	mapped
BL003129	chr9	26904600	26911000	High Signal Region	chr9	26815896	26822296	mapped
BL003130	chr9	27212200	27232300	High Signal Region	chr9	27123496	27143596	mapped
BL003131	chr9	27974400	27981700	High Signal Region	chr9	27885696	27892996	mapped
BL003132	chr9	29739800	29741800	Low Mappability	chr9	29651096	29653096	mapped
BL003133	chr9	30604400	30606300	Low Mappability	chr9	30515696	30517596	mapped
BL003134	chr9	30641800	30696800	Low Mappability	chr9	30553096	30608096	mapped
BL003135	chr9	30929800	30931100	High Signal Region	chr9	30841096	30842396	mapped
BL003136	chr9	32059200	32083600	Low Mappability	chr9	31970496	31994896	mapped
BL003137	chr9	32353900	32356500	High Signal Region	chr9	32265196	32267796	mapped
BL003138	chr9	32839200	32846600	Low Mappability	chr9	32750496	32757896	mapped
BL003139	chr9	32888700	32896000	Low Mappability	chr9	32799996	32807296	mapped
BL003140	chr9	32953000	32958100	Low Mappability	chr9	32864296	32869396	mapped
BL003141	chr9	33127100	33161100	Low Mappability	chr9	33038396	33072396	mapped
BL003142	chr9	33392400	33402700	High Signal Region	chr9	33303696	33313996	mapped
BL003143	chr9	33949500	33961900	Low Mappability	chr9	33860796	33873196	mapped
BL003144	chr9	35071200	35091800	High Signal Region	chr9	34982496	35003096	mapped
BL003145	chr9	35304300	35306500	High Signal Region	chr9	35215596	35217796	mapped
BL003146	chr9	36235800	36241900	High Signal Region	chr9	36147096	36153196	mapped
BL003147	chr9	36555000	36569100	High Signal Region	chr9	36466296	36480396	mapped
BL003148	chr9	37331400	37349500	Low Mappability	chr9	37242696	37260796	mapped
BL003149	chr9	37441700	37448100	High Signal Region	chr9	37352996	37359396	mapped
BL003150	chr9	39330900	39359100	High Signal Region	chr9	39242196	39270396	mapped
BL003151	chr9	39444100	39449600	High Signal Region	chr9	39355396	39360896	mapped
BL003152	chr9	39835400	39899000	Low Mappability	chr9	39746696	39810296	mapped
BL003153	chr9	44214200	44235400	Low Mappability	chr9	44125497	44146697	mapped
BL003154	chr9	44305700	44408400	Low Mappability	chr9	44216997	44319697	mapped
BL003155	chr9	47957400	47959300	High Signal Region	chr9	47868698	47870598	mapped
BL003156	chr9	50082000	50088400	High Signal Region	chr9	49993300	49999700	mapped
BL003157	chr9	51667400	51673700	High Signal Region	chr9	51578700	51585000	mapped
BL003158	chr9	52601800	52617200	High Signal Region	chr9	52513100	52528500	mapped
BL003159	chr9	52749000	52756100	High Signal Region	chr9	52660300	52667400	mapped
BL003160	chr9	53089800	53107000	High Signal Region	chr9	53001100	53018300	mapped
BL003161	chr9	53804100	53805400	High Signal Region	chr9	53711384	53712684	mapped
BL003162	chr9	54916200	54928900	High Signal Region	chr9	54823484	54836184	mapped
BL003163	chr9	55070600	55078000	Low Mappability	chr9	54977884	54985284	mapped
BL003164	chr9	55150300	55152300	High Signal Region	chr9	55057584	55059584	mapped
BL003165	chr9	55936900	55972500	High Signal Region	chr9	55844184	55879784	mapped
BL003166	chr9	56222700	56224800	High Signal Region	chr9	56129984	56132084	mapped
BL003167	chr9	56259500	56284300	High Signal Region	chr9	56166784	56191584	mapped
BL003168	chr9	56991700	56993700	Low Mappability	chr9	56898984	56900984	mapped
BL003169	chr9	57408000	57434800	High Signal Region	chr9	57315283	57342083	mapped
BL003170	chr9	58766500	58785800	High Signal Region	chr9	58673783	58693083	mapped
BL003171	chr9	59046200	59052700	Low Mappability	chr9	58953483	58959983	mapped
BL003172	chr9	59103800	59125000	High Signal Region	chr9	59011083	59032283	mapped
BL003173	chr9	60538500	60551200	High Signal Region	chr9	60445783	60458483	mapped
BL003174	chr9	60726100	60733500	High Signal Region	chr9	60633383	60640783	mapped
BL003175	chr9	61721500	61723400	High Signal Region	chr9	61628782	61630682	mapped
BL003176	chr9	62811600	62868300	Low Mappability	chr9	62718882	62775582	mapped
BL003177	chr9	64236700	64255000	Low Mappability	chr9	64143982	64162282	mapped
BL003178	chr9	64410400	64417700	Low Mappability	chr9	64317682	64324982	mapped
BL003179	chr9	65292600	65314200	High Signal Region	chr9	65199882	65221482	mapped
BL003180	chr9	65867400	65909400	High Signal Region	chr9	65774682	65816682	mapped
BL003181	chr9	67198600	67205000	Low Mappability	chr9	67105882	67112282	mapped
BL003182	chr9	68451200	68461200	High Signal Region	chr9	68358482	68368482	mapped
BL003183	chr9	68527100	68534600	High Signal Region	chr9	68434382	68441882	mapped
BL003184	chr9	71080600	71120800	Low Mappability	chr9	70987882	71028082	mapped
BL003185	chr9	71421100	71434600	High Signal Region	chr9	71328382	71341882	mapped
BL003186	chr9	72895800	72900800	Low Mappability	chr9	72803082	72808082	mapped
BL003187	chr9	72957900	72985700	Low Mappability	chr9	72865182	72892982	mapped
BL003188	chr9	73285500	73311300	High Signal Region	chr9	73192782	73218582	mapped
BL003189	chr9	73396800	73412500	Low Mappability	chr9	73304082	73319782	mapped
BL003190	chr9	73861400	73863500	Low Mappability	chr9	73768682	73770782	mapped
BL003191	chr9	73935600	73946700	High Signal Region	chr9	73842882	73853982	mapped
BL003192	chr9	74615600	74641300	Low Mappability	chr9	74522882	74548582	mapped
BL003193	chr9	74664800	74690900	High Signal Region	chr9	74572082	74598182	mapped
BL003194	chr9	74768600	74774600	High Signal Region	chr9	74675882	74681882	mapped
BL003195	chr9	75709200	75736000	Low Mappability	chr9	75616482	75643282	mapped
BL003196	chr9	77079900	77082800	High Signal Region	chr9	76987182	76990082	mapped
BL003197	chr9	77152800	77158800	High Signal Region	chr9	77060082	77066082	mapped
BL003198	chr9	77972400	77974300	High Signal Region	chr9	77879682	77881582	mapped
BL003199	chr9	78175200	78182700	Low Mappability	chr9	78082482	78089982	mapped
BL003200	chr9	78230500	78296900	High Signal Region	chr9	78137782	78204182	mapped
BL003201	chr9	78554700	78589200	Low Mappability	chr9	78461982	78496482	mapped
BL003202	chr9	78755200	78757800	High Signal Region	chr9	78662482	78665082	mapped
BL003203	chr9	78819200	78830500	Low Mappability	chr9	78726482	78737782	mapped
BL003204	chr9	80234500	80235700	High Signal Region	chr9	80141782	80142982	mapped
BL003205	chr9	80660700	80665600	High Signal Region	chr9	80542753	80547653	mapped
BL003206	chr9	81251500	81303200	High Signal Region	chr9	81133553	81185253	mapped
BL003207	chr9	81614000	81620700	High Signal Region	chr9	81496053	81502753	mapped
BL003208	chr9	81906400	81937200	High Signal Region	chr9	81788453	81819253	mapped
BL003209	chr9	83278800	83288100	High Signal Region	chr9	83160853	83170153	mapped
BL003210	chr9	83558300	83560200	High Signal Region	chr9	83440353	83442253	mapped
BL003211	chr9	83935500	83950000	High Signal Region	chr9	83817553	83832053	mapped
BL003212	chr9	83992400	83998900	High Signal Region	chr9	83874453	83880953	mapped
BL003213	chr9	84211900	84226800	High Signal Region	chr9	84093953	84108853	mapped
BL003214	chr9	85898900	85918900	High Signal Region	chr9	85780953	85800953	mapped
BL003215	chr9	86062600	86070000	Low Mappability	chr9	85944653	85952053	mapped
BL003216	chr9	86120100	86137500	High Signal Region	chr9	86002153	86019553	mapped
BL003217	chr9	86458200	86463100	High Signal Region	chr9	86340253	86345153	mapped
BL003218	chr9	87098700	87112200	High Signal Region	chr9	86980753	86994253	mapped
BL003219	chr9	87481400	87500900	High Signal Region	chr9	87363453	87382953	mapped
BL003220	chr9	87576700	87594000	High Signal Region	chr9	87458753	87476053	mapped
BL003221	chr9	87945600	87952400	High Signal Region	chr9	87827653	87834453	mapped
BL003222	chr9	88011000	88013900	High Signal Region	chr9	87893053	87895953	mapped
BL003223	chr9	88592100	88829800	High Signal Region	chr9	88474153	88711853	mapped
BL003224	chr9	89031300	89075400	Low Mappability	chr9	88913353	88957453	mapped
BL003225	chr9	89321400	89361800	High Signal Region	chr9	89203453	89243853	mapped
BL003226	chr9	90147100	90149100	High Signal Region	chr9	90029153	90031153	mapped
BL003227	chr9	90285200	90395300	High Signal Region	chr9	90167253	90277353	mapped
BL003228	chr9	90455400	90456800	High Signal Region	chr9	90337453	90338853	mapped
BL003229	chr9	90808100	90821900	Low Mappability	chr9	90690153	90703953	mapped
BL003230	chr9	90857200	90876300	Low Mappability	chr9	90739253	90758353	mapped
BL003231	chr9	91222100	91268200	High Signal Region	chr9	91104153	91150253	mapped
BL003232	chr9	91598800	91647400	High Signal Region	chr9	91480853	91529453	mapped
BL003233	chr9	92032700	92035300	High Signal Region	chr9	91914753	91917353	mapped
BL003234	chr9	92075300	92113200	High Signal Region	chr9	91957353	91995253	mapped
BL003235	chr9	92239700	92242900	High Signal Region	chr9	92121753	92124953	mapped
BL003236	chr9	92624800	92654500	High Signal Region	chr9	92506853	92536553	mapped
BL003237	chr9	93013300	93035300	High Signal Region	chr9	92895353	92917353	mapped
BL003238	chr9	93286500	93296500	High Signal Region	chr9	93168553	93178553	mapped
BL003239	chr9	93360800	93442100	Low Mappability	chr9	93242853	93324153	mapped
BL003240	chr9	93618000	93668500	Low Mappability	chr9	93500053	93550553	mapped
BL003241	chr9	94821700	94828100	Low Mappability	chr9	94703753	94710153	mapped
BL003242	chr9	95245800	95299600	High Signal Region	chr9	95127853	95181653	mapped
BL003243	chr9	95425000	95426900	High Signal Region	chr9	95307053	95308953	mapped
BL003244	chr9	95829400	95831300	High Signal Region	chr9	95711453	95713353	mapped
BL003245	chr9	96104900	96111400	Low Mappability	chr9	95986953	95993453	mapped
BL003246	chr9	96852000	96854100	High Signal Region	chr9	96734053	96736153	mapped
BL003247	chr9	98343300	98345700	Low Mappability	chr9	98225353	98227753	mapped
BL003248	chr9	98451100	98458500	Low Mappability	chr9	98333153	98340553	mapped
BL003249	chr9	98747700	98771800	Low Mappability	chr9	98629753	98653853	mapped
BL003250	chr9	99266600	99273100	Low Mappability	chr9	99148653	99155153	mapped
BL003251	chr9	99735800	99763300	High Signal Region	chr9	99617853	99645353	mapped
BL003252	chr9	99922800	99937600	High Signal Region	chr9	99804853	99819653	mapped
BL003253	chr9	100073800	100080700	High Signal Region	chr9	99955853	99962753	mapped
BL003254	chr9	100516900	100519200	High Signal Region	chr9	100398953	100401253	mapped
BL003255	chr9	100920400	100922300	High Signal Region	chr9	100802453	100804353	mapped
BL003256	chr9	101085500	101110600	High Signal Region				unmapped
BL003257	chr9	101292500	101326600	Low Mappability	chr9	101169699	101203799	mapped
BL003258	chr9	102277400	102283800	Low Mappability	chr9	102154599	102160999	mapped
BL003259	chr9	102764700	102766800	Low Mappability	chr9	102641899	102643999	mapped
BL003260	chr9	102812800	102815000	High Signal Region	chr9	102689999	102692199	mapped
BL003261	chr9	102956300	102970000	Low Mappability	chr9	102833499	102847199	mapped
BL003262	chr9	103296200	103305600	High Signal Region	chr9	103173399	103182799	mapped
BL003263	chr9	103352800	103367100	Low Mappability	chr9	103229999	103244299	mapped
BL003264	chr9	103988500	103990400	High Signal Region	chr9	103865699	103867599	mapped
BL003265	chr9	104524500	104525700	High Signal Region	chr9	104401699	104402899	mapped
BL003266	chr9	104848800	104850600	High Signal Region	chr9	104725999	104727799	mapped
BL003267	chr9	105086200	105119300	High Signal Region	chr9	104963399	104996499	mapped
BL003268	chr9	105818400	105820400	High Signal Region	chr9	105695599	105697599	mapped
BL003269	chr9	107207900	107219900	High Signal Region	chr9	107085099	107097099	mapped
BL003270	chr9	109036600	109083500	High Signal Region	chr9	108865668	108912568	mapped
BL003271	chr9	109245000	109252200	High Signal Region	chr9	109074068	109081268	mapped
BL003272	chr9	109272900	109374100	High Signal Region	chr9	109101968	109203168	mapped
BL003273	chr9	110280300	110306700	High Signal Region	chr9	110109368	110135768	mapped
BL003274	chr9	110443100	110455100	High Signal Region	chr9	110272168	110284168	mapped
BL003275	chr9	110970300	110976000	High Signal Region	chr9	110799368	110805068	mapped
BL003276	chr9	111661900	111668700	High Signal Region	chr9	111490968	111497768	mapped
BL003277	chr9	112330100	112336900	High Signal Region	chr9	112159168	112165968	mapped
BL003278	chr9	112956300	112990600	High Signal Region	chr9	112785368	112819668	mapped
BL003279	chr9	113260500	113262400	High Signal Region	chr9	113089568	113091468	mapped
BL003280	chr9	113535400	113541300	High Signal Region	chr9	113364468	113370368	mapped
BL003281	chr9	114101400	114149500	Low Mappability	chr9	113930468	113978568	mapped
BL003282	chr9	114172400	114322200	High Signal Region	chr9	114001468	114151268	mapped
BL003283	chr9	114970100	114974700	Low Mappability	chr9	114799168	114803768	mapped
BL003284	chr9	115077900	115085200	Low Mappability	chr9	114906968	114914268	mapped
BL003285	chr9	115349900	115351800	High Signal Region	chr9	115178968	115180868	mapped
BL003286	chr9	115496100	115498100	Low Mappability	chr9	115325168	115327168	mapped
BL003287	chr9	116981500	116988600	High Signal Region	chr9	116810568	116817668	mapped
BL003288	chr9	118088300	118151400	High Signal Region	chr9	117917368	117980468	mapped
BL003289	chr9	118674000	118675900	High Signal Region	chr9	118503068	118504968	mapped
BL003290	chr9	119861200	119895000	Low Mappability	chr9	119690266	119724066	mapped
BL003291	chr9	120265300	120288700	High Signal Region	chr9	120094366	120117766	mapped
BL003292	chr9	120633900	120641200	Low Mappability	chr9	120462966	120470266	mapped
BL003293	chr9	121024600	121042700	Low Mappability	chr9	120853666	120871766	mapped
BL003294	chr9	121178300	121184500	High Signal Region	chr9	121007366	121013566	mapped
BL003295	chr9	121220100	121247600	High Signal Region	chr9	121049166	121076666	mapped
BL003296	chr9	121313700	121385800	Low Mappability	chr9	121142766	121214866	mapped
BL003297	chr9	121406300	121418400	Low Mappability	chr9	121235366	121247466	mapped
BL003298	chr9	122161300	122163200	High Signal Region	chr9	121990366	121992266	mapped
BL003299	chr9	122277700	122334500	Low Mappability	chr9	122106766	122163565	mapped
BL003300	chr9	122401500	122441900	Low Mappability	chr9	122230565	122270965	mapped
BL003301	chr9	122660600	122667200	Low Mappability	chr9	122489665	122496265	mapped
BL003302	chr9	122703400	122730400	Low Mappability	chr9	122532465	122559465	mapped
BL003303	chr9	122903900	122906600	High Signal Region	chr9	122732965	122735665	mapped
BL003304	chr9	123190700	123197500	Low Mappability	chr9	123019765	123026565	mapped
BL003305	chr9	123460900	123463100	High Signal Region	chr9	123289965	123292165	mapped
BL003306	chr9	123742600	123753500	Low Mappability	chr9	123571665	123582565	mapped
BL003307	chr9	123851700	123929500	High Signal Region				unmapped
BL003308	chr9	123966100	124009300	High Signal Region	chr9	123766137	123809337	mapped
BL003309	chr9	124161300	124282600	High Signal Region				unmapped
BL003310	chr9	124494100	124595100	High Signal Region				unmapped
BL003311	chrX	3286700	4493800	High Signal Region	chrX	3241725	4397142	mapped
BL003312	chrX	4524500	5370300	High Signal Region				unmapped
BL003313	chrX	8346400	8348200	High Signal Region	chrX	8212639	8214439	mapped
BL003314	chrX	8550300	8557800	High Signal Region	chrX	8416539	8424039	mapped
BL003315	chrX	8818900	8824300	High Signal Region	chrX	8685139	8690539	mapped
BL003316	chrX	9345800	9395300	High Signal Region	chrX	9212039	9261539	mapped
BL003317	chrX	9500200	9595700	High Signal Region	chrX	9366439	9461939	mapped
BL003318	chrX	14739100	14741000	High Signal Region	chrX	14605339	14607239	mapped
BL003319	chrX	21466500	21472700	High Signal Region	chrX	21332739	21338939	mapped
BL003320	chrX	21846900	21896100	High Signal Region	chrX	21713139	21762339	mapped
BL003321	chrX	26459300	26505100	High Signal Region	chrX	26414600	26460400	mapped
BL003322	chrX	26907100	29639200	High Signal Region				unmapped
BL003323	chrX	29660500	35508900	High Signal Region				unmapped
BL003324	chrX	37612500	37669100	High Signal Region	chrX	36794153	36850753	mapped
BL003325	chrX	39073800	39075700	High Signal Region	chrX	38162677	38164577	mapped
BL003326	chrX	41482500	41489500	High Signal Region	chrX	40571377	40578377	mapped
BL003327	chrX	42676200	42688100	High Signal Region	chrX	41765077	41776977	mapped
BL003328	chrX	44239900	44293300	High Signal Region	chrX	43328777	43382177	mapped
BL003329	chrX	44732600	44738600	High Signal Region	chrX	43821477	43827477	mapped
BL003330	chrX	48699000	48771100	High Signal Region	chrX	47787877	47859977	mapped
BL003331	chrX	54269300	55286000	High Signal Region	chrX	53271267	54331360	mapped
BL003332	chrX	55716700	55807400	High Signal Region	chrX	54762060	54852760	mapped
BL003333	chrX	58475000	58478700	High Signal Region	chrX	57520360	57524060	mapped
BL003334	chrX	59773000	59796900	High Signal Region	chrX	58818360	58842260	mapped
BL003335	chrX	61868200	61874000	High Signal Region	chrX	60911806	60917606	mapped
BL003336	chrX	62065700	62084900	High Signal Region	chrX	61109306	61128506	mapped
BL003337	chrX	63509200	63515900	High Signal Region	chrX	62552806	62559506	mapped
BL003338	chrX	63634600	63640900	High Signal Region	chrX	62678206	62684506	mapped
BL003339	chrX	64125800	64132200	High Signal Region	chrX	63169406	63175806	mapped
BL003340	chrX	65962800	65999900	High Signal Region	chrX	65006406	65043506	mapped
BL003341	chrX	66067900	66084000	High Signal Region	chrX	65111506	65127606	mapped
BL003342	chrX	66143100	66145700	High Signal Region	chrX	65186706	65189306	mapped
BL003343	chrX	66316400	66356900	High Signal Region	chrX	65360006	65400506	mapped
BL003344	chrX	67662500	67708500	High Signal Region	chrX	66706106	66752106	mapped
BL003345	chrX	70055300	70072000	High Signal Region	chrX	69098906	69115606	mapped
BL003346	chrX	72800000	72818700	High Signal Region	chrX	71843606	71862306	mapped
BL003347	chrX	75582400	75709000	High Signal Region	chrX	74626006	74752606	mapped
BL003348	chrX	76589100	76607100	High Signal Region	chrX	75632706	75650706	mapped
BL003349	chrX	79135300	79150400	High Signal Region	chrX	78178906	78194006	mapped
BL003350	chrX	81153100	81154600	High Signal Region	chrX	80196706	80198206	mapped
BL003351	chrX	82475800	82481000	High Signal Region	chrX	81519406	81524606	mapped
BL003352	chrX	84290800	84296100	High Signal Region	chrX	83334406	83339706	mapped
BL003353	chrX	87222400	87262500	High Signal Region	chrX	86266006	86306106	mapped
BL003354	chrX	87838600	87845200	High Signal Region	chrX	86882206	86888806	mapped
BL003355	chrX	88230200	88246900	High Signal Region	chrX	87273806	87290506	mapped
BL003356	chrX	89182800	89232600	High Signal Region	chrX	88226406	88276206	mapped
BL003357	chrX	89914800	89916600	High Signal Region	chrX	88958406	88960206	mapped
BL003358	chrX	90308600	90336600	High Signal Region	chrX	89352206	89380206	mapped
BL003359	chrX	92765200	92767900	High Signal Region	chrX	91808806	91811506	mapped
BL003360	chrX	94795400	94980600	High Signal Region	chrX	93839006	94024206	mapped
BL003361	chrX	95265900	95291700	High Signal Region	chrX	94309506	94335306	mapped
BL003362	chrX	97728000	97734800	High Signal Region	chrX	96771606	96778406	mapped
BL003363	chrX	98008600	98033000	High Signal Region	chrX	97052206	97076606	mapped
BL003364	chrX	98585800	98612400	High Signal Region	chrX	97629406	97656006	mapped
BL003365	chrX	101111300	101113600	High Signal Region	chrX	100154906	100157206	mapped
BL003366	chrX	102560800	102585100	High Signal Region	chrX	101604406	101628706	mapped
BL003367	chrX	103455000	103457100	High Signal Region	chrX	102498606	102500706	mapped
BL003368	chrX	104959400	104966000	High Signal Region	chrX	104003006	104009606	mapped
BL003369	chrX	105523800	105529900	High Signal Region	chrX	104567406	104573506	mapped
BL003370	chrX	108202600	108222500	High Signal Region	chrX	107246206	107266106	mapped
BL003371	chrX	108567500	108585200	High Signal Region	chrX	107611106	107628806	mapped
BL003372	chrX	109871000	109876200	High Signal Region	chrX	108914606	108919806	mapped
BL003373	chrX	110976700	110997000	High Signal Region	chrX	110020306	110040606	mapped
BL003374	chrX	112369800	112402300	High Signal Region	chrX	111279497	111311997	mapped
BL003375	chrX	114412500	114421300	High Signal Region	chrX	113322197	113330997	mapped
BL003376	chrX	118100900	118102900	High Signal Region	chrX	117010597	117012597	mapped
BL003377	chrX	118901200	118905100	Low Mappability	chrX	117810897	117814797	mapped
BL003378	chrX	119137300	119142400	High Signal Region	chrX	118046997	118052097	mapped
BL003379	chrX	119247400	119264800	High Signal Region	chrX	118157097	118174497	mapped
BL003380	chrX	119335000	119339300	High Signal Region	chrX	118244697	118248997	mapped
BL003381	chrX	120351000	120355400	High Signal Region	chrX	119260697	119265097	mapped
BL003382	chrX	121511200	121514500	High Signal Region	chrX	120420897	120424197	mapped
BL003383	chrX	122901700	122908000	High Signal Region	chrX	121811397	121817697	mapped
BL003384	chrX	123686000	124042000	High Signal Region	chrX	122595697	122951697	mapped
BL003385	chrX	126695300	126778800	High Signal Region	chrX	125602923	125686423	mapped
BL003386	chrX	127935800	127964600	High Signal Region				unmapped
BL003387	chrX	128512700	128514400	High Signal Region	chrX	127413449	127415149	mapped
BL003388	chrX	128959800	128965900	High Signal Region	chrX	127860549	127866649	mapped
BL003389	chrX	129055600	129072400	High Signal Region	chrX	127956349	127973149	mapped
BL003390	chrX	129429300	129448000	High Signal Region	chrX	128330049	128348749	mapped
BL003391	chrX	130696000	130702200	High Signal Region	chrX	129596749	129602949	mapped
BL003392	chrX	131802300	131832800	High Signal Region	chrX	130703049	130733549	mapped
BL003393	chrX	132024200	132026400	High Signal Region	chrX	130924949	130927149	mapped
BL003394	chrX	132158700	132160800	High Signal Region	chrX	131059449	131061549	mapped
BL003395	chrX	134149100	134151200	High Signal Region	chrX	133049849	133051949	mapped
BL003396	chrX	135040100	135056700	High Signal Region	chrX	133940849	133957449	mapped
BL003397	chrX	136459400	136503800	High Signal Region	chrX	135360149	135404549	mapped
BL003398	chrX	136897900	136925800	High Signal Region	chrX	135798649	135826549	mapped
BL003399	chrX	138302200	138324600	High Signal Region	chrX	137202949	137225349	mapped
BL003400	chrX	143471300	143484000	High Signal Region	chrX	142254296	142266996	mapped
BL003401	chrX	144699500	144723900	High Signal Region	chrX	143482496	143506896	mapped
BL003402	chrX	145709800	145739800	High Signal Region	chrX	144492796	144522796	mapped
BL003403	chrX	146582500	146588700	High Signal Region	chrX	145365496	145371696	mapped
BL003404	chrX	146758100	146761900	High Signal Region	chrX	145541096	145544896	mapped
BL003405	chrX	147619400	147620700	High Signal Region	chrX	146402396	146403696	mapped
BL003406	chrX	153994800	154073200	High Signal Region	chrX	152777796	152856196	mapped
BL003407	chrX	154242800	154244800	High Signal Region	chrX	153025796	153027796	mapped
BL003408	chrX	158443900	158460500	High Signal Region	chrX	157226896	157243496	mapped
BL003409	chrX	159120000	159154900	High Signal Region	chrX	157902996	157937896	mapped
BL003410	chrX	161179200	161185600	High Signal Region	chrX	159962196	159968596	mapped
BL003411	chrX	162381600	162384600	High Signal Region	chrX	161164596	161167596	mapped
BL003412	chrX	164615100	164622200	High Signal Region	chrX	163398096	163405196	mapped
BL003413	chrX	166063200	166084500	High Signal Region	chrX	164846196	164867496	mapped
BL003414	chrX	167213400	167220200	High Signal Region	chrX	165996396	166003196	mapped
BL003415	chrX	167246000	167252200	High Signal Region	chrX	166028996	166035196	mapped
BL003416	chrX	169968900	171031200	High Signal Region				unmapped
BL003417	chrY	0	806800	High Signal Region				unmapped
BL003418	chrY	924800	1005300	High Signal Region	chrY	924800	1005300	mapped
BL003419	chrY	1276400	1813700	High Signal Region	chrY	1276400	1813700	mapped
BL003420	chrY	1834500	1940700	High Signal Region	chrY	1834500	1940700	mapped
BL003421	chrY	1973200	1996400	High Signal Region	chrY	1973200	1996400	mapped
BL003422	chrY	2017200	2068000	Low Mappability	chrY	2017200	2068000	mapped
BL003423	chrY	2104700	2210800	High Signal Region	chrY	2104700	2210800	mapped
BL003424	chrY	2280300	2288900	Low Mappability	chrY	2280300	2288900	mapped
BL003425	chrY	2471300	3819300	High Signal Region	chrY	2471300	3819300	mapped
BL003426	chrY	3880300	4177100	High Signal Region	chrY	3880300	4177100	mapped
BL003427	chrY	4249500	4289100	High Signal Region	chrY	4249500	4289100	mapped
BL003428	chrY	4432000	4956300	High Signal Region	chrY	4432000	4956300	mapped
BL003429	chrY	5062400	5227700	High Signal Region	chrY	5062400	5227700	mapped
BL003430	chrY	6376700	6382700	High Signal Region	chrY	6376700	6382700	mapped
BL003431	chrY	6530200	6663200	High Signal Region	chrY	6530200	6663200	mapped
BL003432	chrY	6760200	6835800	High Signal Region	chrY	6760200	6835800	mapped
BL003433	chrY	6984100	8985400	High Signal Region	chrY	6984100	8985400	mapped
BL003434	chrY	10638500	41003800	High Signal Region	chrY	10638500	40959145	mapped
BL003435	chrY	41159200	91744600	High Signal Region	chrY	41114545	90855967	mapped
